latitude,longitude,speed,heading,ignition,engine_running,state,hour,minute,day,month,day_of_week,week_of_year,is_weekend,is_night,previous_speed,speed_change,acceleration,is_moving,is_speeding,speed_normalized,speed_category_encoded
24.970899,67.211741,14.61,200,1,1,0,18,46,27,7,0,31,0,0,0.0,14.61,14.61,1,0,0.10436459747124793,1
25.027595,67.003448,90.65,157,1,1,0,17,51,27,7,0,31,0,0,0.0,90.65,90.65,1,0,0.6475462533038074,4
25.04021,67.29381,75.48,320,1,1,0,7,52,28,7,1,31,0,0,0.0,75.48,75.48,1,0,0.5391813700978642,3
24.869734,67.25868,45.96,29,1,1,0,19,14,27,7,0,31,0,0,0.0,45.96,45.96,1,0,0.3283091649403529,2
25.066262,67.089264,129.5,181,1,1,0,10,35,28,7,1,31,0,0,0.0,129.5,129.5,1,1,0.9250660761482963,4
25.039099,67.128614,128.22,61,1,1,0,17,4,27,7,0,31,0,0,0.0,128.22,128.22,1,1,0.915922565897564,4
24.962576,67.049883,104.67,115,1,1,0,0,53,28,7,1,31,0,1,0.0,104.67,104.67,1,1,0.7476962640188585,4
24.998616,67.014182,89.89,127,1,1,0,9,13,28,7,1,31,0,0,0.0,89.89,89.89,1,0,0.6421172940924351,3
24.924315,67.226697,59.24,36,1,1,0,8,9,28,7,1,31,0,0,0.0,59.24,59.24,1,0,0.4231730837916994,2
25.079241,66.971961,76.02,237,1,1,0,6,49,28,7,1,31,0,0,0.0,76.02,76.02,1,0,0.5430387884848917,3
24.910127,67.246268,63.5,223,1,1,0,9,8,28,7,1,31,0,0,0.0,63.5,63.5,1,0,0.45360382884491746,3
24.84576,67.215079,122.23,213,1,1,0,20,42,27,7,0,31,0,1,0.0,122.23,122.23,1,1,0.8731337952710908,4
24.966311,67.138899,92.67,78,1,1,0,5,26,28,7,1,31,0,1,0.0,92.67,92.67,1,0,0.6619758554182441,4
24.751192,67.011463,56.94,31,1,1,0,11,50,27,7,0,31,0,0,0.0,56.94,56.94,1,0,0.406743338809915,2
24.909753,67.013794,40.63,9,1,1,0,20,31,27,7,0,31,0,1,0.0,40.63,40.63,1,0,0.2902350167869133,2
25.092633,67.284625,94.38,91,1,1,0,1,24,28,7,1,31,0,1,0.0,94.38,94.38,1,0,0.6741910136438316,4
25.033628,67.240714,26.58,158,1,1,0,1,20,28,7,1,31,0,1,0.0,26.58,26.58,1,0,0.18987070505036072,1
24.922357,67.107703,103.51,319,1,1,0,17,3,27,7,0,31,0,0,0.0,103.51,103.51,1,1,0.7394099578541324,4
24.982104,67.232728,63.61,355,1,1,0,13,42,27,7,0,31,0,0,0.0,63.61,63.61,1,0,0.45438959925708977,3
24.870407,67.042992,93.18,350,1,1,0,3,20,28,7,1,31,0,1,0.0,93.18,93.18,1,0,0.6656189727837702,4
24.826711,67.1991,117.39,191,1,1,0,16,9,27,7,0,31,0,0,0.0,117.39,117.39,1,1,0.8385598971355096,4
24.944598,67.248329,74.01,262,1,1,0,18,36,27,7,0,31,0,0,0.0,74.01,74.01,1,0,0.5286806200442888,3
25.096348,67.140602,134.07,9,1,1,0,7,14,28,7,1,31,0,0,0.0,134.07,134.07,1,1,0.9577112650903635,4
24.758342,66.982581,60.45,290,1,1,0,5,4,28,7,1,31,0,1,0.0,60.45,60.45,1,0,0.4318165583255947,3
24.858557,67.276697,1.31,335,1,1,0,13,58,27,7,0,31,0,0,0.0,1.31,1.31,1,0,0.009357811272233731,1
24.978716,67.018876,118.95,141,1,1,0,23,58,27,7,0,31,0,1,0.0,118.95,118.95,1,1,0.8497035502535895,4
24.8244,67.232567,25.76,332,1,1,0,6,17,28,7,1,31,0,0,0.0,25.76,25.76,1,0,0.18401314379598543,1
25.077056,67.164634,128.41,131,1,1,0,1,23,28,7,1,31,0,1,0.0,128.41,128.41,1,1,0.9172798057004071,4
24.808647,67.146758,93.78,284,1,1,0,18,35,27,7,0,31,0,0,0.0,93.78,93.78,1,0,0.6699049932138009,4
24.989865,67.244093,100.43,91,1,1,0,22,28,27,7,0,31,0,1,0.0,100.43,100.43,1,1,0.717408386313308,4
24.9202,67.282302,0.55,113,1,1,0,11,32,27,7,0,31,0,0,0.0,0.55,0.55,1,0,0.00392885206086149,1
24.990395,67.153249,88.24,325,1,1,0,23,46,27,7,0,31,0,1,0.0,88.24,88.24,1,0,0.6303307379098506,3
24.838393,67.219139,34.4,122,1,1,0,19,0,27,7,0,31,0,0,0.0,34.4,34.4,1,0,0.2457318379884277,2
24.802895,67.280026,84.33,296,1,1,0,4,38,28,7,1,31,0,1,0.0,84.33,84.33,1,0,0.6024001714408171,3
24.992768,66.915903,58.45,209,1,1,0,20,50,27,7,0,31,0,1,0.0,58.45,58.45,1,0,0.4175298235588256,2
24.91158,67.214825,98.11,206,1,1,0,22,6,27,7,0,31,0,1,0.0,98.11,98.11,1,0,0.700835773983856,4
25.090333,67.156935,115.27,230,1,1,0,18,23,27,7,0,31,0,0,0.0,115.27,115.27,1,1,0.8234159582827344,4
24.995392,67.250887,2.08,98,1,1,0,15,20,27,7,0,31,0,0,0.0,2.08,2.08,1,0,0.014858204157439816,1
25.062615,67.027664,128.55,96,1,1,0,0,6,28,7,1,31,0,1,0.0,128.55,128.55,1,1,0.918279877134081,4
24.941248,67.200142,103.6,280,1,1,0,17,45,27,7,0,31,0,0,0.0,103.6,103.6,1,1,0.740052860918637,4
24.766183,66.930991,25.88,249,1,1,0,5,41,28,7,1,31,0,1,0.0,25.88,25.88,1,0,0.18487034788199155,1
24.802128,67.221532,41.36,20,1,1,0,6,25,28,7,1,31,0,0,0.0,41.36,41.36,1,0,0.29544967497678404,2
24.87195,66.980122,64.12,127,1,1,0,1,51,28,7,1,31,0,1,0.0,64.12,64.12,1,0,0.4580327166226159,3
24.853937,67.24898,34.11,359,1,1,0,4,35,28,7,1,31,0,1,0.0,34.11,34.11,1,0,0.2436602614472462,2
24.914923,66.913074,21.26,149,1,1,0,21,59,27,7,0,31,0,1,0.0,21.26,21.26,1,0,0.15186799057075506,1
24.959743,67.002704,99.24,240,1,1,0,17,58,27,7,0,31,0,0,0.0,99.24,99.24,1,0,0.7089077791270805,4
24.784106,66.987449,62.91,96,1,1,0,20,3,27,7,0,31,0,1,0.0,62.91,62.91,1,0,0.44938924208872055,3
24.758947,66.997961,46.53,105,1,1,0,7,11,28,7,1,31,0,0,0.0,46.53,46.53,1,0,0.332380884348882,2
24.88115,67.276992,136.51,150,1,1,0,12,42,27,7,0,31,0,0,0.0,136.51,136.51,1,1,0.9751410815058217,4
25.072486,67.119224,121.76,52,1,1,0,13,9,27,7,0,31,0,0,0.0,121.76,121.76,1,1,0.8697764126009,4
25.037784,67.116504,32.51,312,1,1,0,18,48,27,7,0,31,0,0,0.0,32.51,32.51,1,0,0.23223087363383096,2
25.086009,67.228672,12.46,235,1,1,0,14,8,27,7,0,31,0,0,0.0,12.46,12.46,1,0,0.08900635759697122,1
24.917786,67.106814,8.71,316,1,1,0,23,13,27,7,0,31,0,1,0.0,8.71,8.71,1,0,0.062218729909279236,1
25.046478,67.276615,134.24,350,1,1,0,15,36,27,7,0,31,0,0,0.0,134.24,134.24,1,1,0.958925637545539,4
25.042067,67.130213,107.49,310,1,1,0,10,28,28,7,1,31,0,0,0.0,107.49,107.49,1,1,0.7678405600400028,4
25.058135,66.954825,81.98,124,1,1,0,17,51,27,7,0,31,0,0,0.0,81.98,81.98,1,0,0.5856132580898635,3
24.876818,67.158609,70.62,351,1,1,0,20,6,27,7,0,31,0,1,0.0,70.62,70.62,1,0,0.5044646046146153,3
24.957386,67.264156,34.67,33,1,1,0,0,15,28,7,1,31,0,1,0.0,34.67,34.67,1,0,0.24766054718194155,2
25.031753,66.980665,102.89,293,1,1,0,21,47,27,7,0,31,0,1,0.0,102.89,102.89,1,1,0.734981070076434,4
24.818757,66.980584,4.67,322,1,1,0,10,17,28,7,1,31,0,0,0.0,4.67,4.67,1,0,0.03335952568040574,1
24.878252,67.159269,65.15,34,1,1,0,14,56,27,7,0,31,0,0,0.0,65.15,65.15,1,0,0.46539038502750196,3
24.777339,66.958596,60.43,57,1,1,0,14,38,27,7,0,31,0,0,0.0,60.43,60.43,1,0,0.43167369097792696,3
24.867727,67.295877,59.61,4,1,1,0,13,2,27,7,0,31,0,0,0.0,59.61,59.61,1,0,0.42581612972355165,2
24.965074,67.294492,8.46,113,1,1,0,6,12,28,7,1,31,0,0,0.0,8.46,8.46,1,0,0.0604328880634331,1
25.081907,67.259024,61.87,39,1,1,0,16,39,27,7,0,31,0,0,0.0,61.87,61.87,1,0,0.44196014001000067,3
24.909248,67.007092,83.95,113,1,1,0,3,31,28,7,1,31,0,1,0.0,83.95,83.95,1,0,0.5996856918351311,3
25.048348,67.215321,76.62,349,1,1,0,9,35,28,7,1,31,0,0,0.0,76.62,76.62,1,0,0.5473248089149225,3
24.927771,67.254906,81.73,84,1,1,0,5,39,28,7,1,31,0,1,0.0,81.73,81.73,1,0,0.5838274162440175,3
24.962561,67.07368,60.39,27,1,1,0,7,39,28,7,1,31,0,0,0.0,60.39,60.39,1,0,0.4313879562825916,3
24.857766,67.287809,15.5,80,1,1,0,2,13,28,7,1,31,0,1,0.0,15.5,15.5,1,0,0.11072219444246016,1
24.752783,67.222269,36.94,290,1,1,0,8,50,28,7,1,31,0,0,0.0,36.94,36.94,1,0,0.26387599114222443,2
24.957805,67.293542,1.35,228,1,1,0,9,39,28,7,1,31,0,0,0.0,1.35,1.35,1,0,0.009643545967569112,1
24.781604,67.137632,90.25,196,1,1,0,18,30,27,7,0,31,0,0,0.0,90.25,90.25,1,0,0.6446889063504536,4
24.844133,67.105309,77.23,107,1,1,0,1,57,28,7,1,31,0,1,0.0,77.23,77.23,1,0,0.5516822630187871,3
25.001105,67.194401,90.16,195,1,1,0,11,32,27,7,0,31,0,0,0.0,90.16,90.16,1,0,0.644046003285949,4
24.798892,67.065954,8.64,221,1,1,0,3,59,28,7,1,31,0,1,0.0,8.64,8.64,1,0,0.06171869419244232,1
24.818257,67.15026,82.72,0,1,1,0,18,48,27,7,0,31,0,0,0.0,82.72,82.72,1,0,0.5908993499535681,3
24.810282,67.142236,102.43,237,1,1,0,18,44,27,7,0,31,0,0,0.0,102.43,102.43,1,1,0.7316951210800772,4
24.969755,66.94856,72.87,297,1,1,0,3,54,28,7,1,31,0,1,0.0,72.87,72.87,1,0,0.5205371812272305,3
24.813129,67.216985,101.74,14,1,1,0,0,47,28,7,1,31,0,1,0.0,101.74,101.74,1,1,0.7267661975855417,4
25.026926,66.909777,131.64,135,1,1,0,1,31,28,7,1,31,0,1,0.0,131.64,131.64,1,1,0.940352882348739,4
25.010635,66.983139,107.82,11,1,1,0,4,46,28,7,1,31,0,1,0.0,107.82,107.82,1,1,0.7701978712765196,4
24.845581,66.931184,61.99,176,1,1,0,18,40,27,7,0,31,0,0,0.0,61.99,61.99,1,0,0.44281734409600687,3
24.946464,67.03812,135.48,106,1,1,0,16,4,27,7,0,31,0,0,0.0,135.48,135.48,1,1,0.9677834131009356,4
24.862364,67.118849,82.94,183,1,1,0,4,37,28,7,1,31,0,1,0.0,82.94,82.94,1,0,0.5924708907779127,3
24.840232,66.902188,83.76,3,1,1,0,14,18,27,7,0,31,0,0,0.0,83.76,83.76,1,0,0.598328452032288,3
24.797916,67.025175,118.34,35,1,1,0,14,41,27,7,0,31,0,0,0.0,118.34,118.34,1,1,0.845346096149725,4
24.843557,67.263621,71.89,267,1,1,0,5,33,28,7,1,31,0,1,0.0,71.89,71.89,1,0,0.5135366811915136,3
24.931518,66.956088,24.83,240,1,1,0,9,55,28,7,1,31,0,0,0.0,24.83,24.83,1,0,0.17736981212943778,1
25.000863,67.000309,60.64,149,1,1,0,11,44,27,7,0,31,0,0,0.0,60.64,60.64,1,0,0.4331737981284377,3
24.885907,67.068024,93.43,76,1,1,0,5,1,28,7,1,31,0,1,0.0,93.43,93.43,1,0,0.6674048146296164,4
24.970975,67.162252,37.25,319,1,1,0,6,37,28,7,1,31,0,0,0.0,37.25,37.25,1,0,0.26609043503107366,2
24.751738,67.16422,138.94,196,1,1,0,22,58,27,7,0,31,0,1,0.0,138.94,138.94,1,1,0.9924994642474462,4
24.808842,67.201597,13.44,83,1,1,0,11,18,28,7,1,31,0,0,0.0,13.44,13.44,1,0,0.09600685763268804,1
24.794582,67.096794,120.78,129,1,1,0,22,6,27,7,0,31,0,1,0.0,120.78,120.78,1,1,0.8627759125651832,4
24.830192,67.060534,62.36,38,1,1,0,1,35,28,7,1,31,0,1,0.0,62.36,62.36,1,0,0.4454603900278591,3
24.841971,67.149988,74.8,118,1,1,0,21,0,27,7,0,31,0,1,0.0,74.8,74.8,1,0,0.5343238802771626,3
24.844005,67.048976,6.9,172,1,1,0,0,19,28,7,1,31,0,1,0.0,6.9,6.9,1,0,0.04928923494535324,1
25.092796,66.960875,84.14,76,1,1,0,3,19,28,7,1,31,0,1,0.0,84.14,84.14,1,0,0.6010429316379741,3
24.7939,67.258391,103.72,354,1,1,0,2,31,28,7,1,31,0,1,0.0,103.72,103.72,1,1,0.7409100650046432,4
24.951646,67.056882,7.17,230,1,1,0,22,10,27,7,0,31,0,1,0.0,7.17,7.17,1,0,0.05121794413886706,1
25.045622,67.228508,66.59,294,1,1,0,17,37,27,7,0,31,0,0,0.0,66.59,66.59,1,0,0.47567683405957567,3
25.083466,67.262231,21.95,295,1,1,0,15,13,27,7,0,31,0,0,0.0,21.95,21.95,1,0,0.15679691406529037,1
24.78628,66.970751,85.86,51,1,1,0,7,59,28,7,1,31,0,0,0.0,85.86,85.86,1,0,0.6133295235373954,3
24.758926,67.124666,53.18,234,1,1,0,5,39,28,7,1,31,0,1,0.0,53.18,53.18,1,0,0.37988427744838915,2
24.800004,67.213517,41.16,215,1,1,0,9,34,28,7,1,31,0,0,0.0,41.16,41.16,1,0,0.2940210015001071,2
24.869913,67.159263,56.18,324,1,1,0,17,35,27,7,0,31,0,0,0.0,56.18,56.18,1,0,0.4013143795985427,2
25.004108,67.199666,117.76,36,1,1,0,4,40,28,7,1,31,0,1,0.0,117.76,117.76,1,1,0.841202943067362,4
25.036264,67.165917,121.86,81,1,1,0,13,22,27,7,0,31,0,0,0.0,121.86,121.86,1,1,0.8704907493392384,4
24.999731,67.291614,74.12,333,1,1,0,10,30,28,7,1,31,0,0,0.0,74.12,74.12,1,0,0.5294663904564612,3
24.861225,67.080258,86.73,315,1,1,0,0,13,28,7,1,31,0,1,0.0,86.73,86.73,1,0,0.6195442531609401,3
24.822567,67.044602,129.57,121,1,1,0,21,34,27,7,0,31,0,1,0.0,129.57,129.57,1,1,0.9255661118651332,4
24.857223,66.966998,75.31,199,1,1,0,4,3,28,7,1,31,0,1,0.0,75.31,75.31,1,0,0.5379669976426887,3
24.938903,66.98771,50.67,320,1,1,0,3,46,28,7,1,31,0,1,0.0,50.67,50.67,1,0,0.361954425316094,2
24.9447,66.965718,130.85,49,1,1,0,12,30,27,7,0,31,0,0,0.0,130.85,130.85,1,1,0.9347096221158653,4
24.850793,66.901243,89.17,94,1,1,0,17,1,27,7,0,31,0,0,0.0,89.17,89.17,1,0,0.6369740695763982,3
24.777898,66.919119,64.67,147,1,1,0,22,12,27,7,0,31,0,1,0.0,64.67,64.67,1,0,0.4619615686834774,3
24.961327,66.948414,16.06,49,1,1,0,2,21,28,7,1,31,0,1,0.0,16.06,16.06,1,0,0.1147224801771555,1
25.016301,67.189283,17.38,78,1,1,0,15,55,27,7,0,31,0,0,0.0,17.38,17.38,1,0,0.12415172512322308,1
24.961405,66.966085,41.85,105,1,1,0,7,42,28,7,1,31,0,0,0.0,41.85,41.85,1,0,0.29894992499464246,2
24.955391,66.996983,19.22,342,1,1,0,16,1,27,7,0,31,0,0,0.0,19.22,19.22,1,0,0.1372955211086506,1
25.057261,66.92256,93.85,2,1,1,0,22,34,27,7,0,31,0,1,0.0,93.85,93.85,1,0,0.6704050289306378,4
24.976152,66.92525,37.23,302,1,1,0,22,29,27,7,0,31,0,1,0.0,37.23,37.23,1,0,0.26594756768340594,2
24.807192,67.218827,63.59,149,1,1,0,9,27,28,7,1,31,0,0,0.0,63.59,63.59,1,0,0.4542467319094221,3
25.026006,67.175575,98.92,318,1,1,0,7,44,28,7,1,31,0,0,0.0,98.92,98.92,1,0,0.7066219015643974,4
25.024296,67.095425,31.32,235,1,1,0,14,3,27,7,0,31,0,0,0.0,31.32,31.32,1,0,0.22373026644760338,2
25.052081,67.044034,74.67,37,1,1,0,11,1,28,7,1,31,0,0,0.0,74.67,74.67,1,0,0.5333952425173226,3
24.879658,66.956014,44.06,274,1,1,0,22,13,27,7,0,31,0,1,0.0,44.06,44.06,1,0,0.31473676691192226,2
24.901799,67.082395,27.68,101,1,1,0,20,37,27,7,0,31,0,1,0.0,27.68,27.68,1,0,0.1977284091720837,1
25.010489,67.012567,75.07,284,1,1,0,21,43,27,7,0,31,0,1,0.0,75.07,75.07,1,0,0.5362525894706764,3
25.013631,66.967275,39.92,317,1,1,0,7,47,28,7,1,31,0,0,0.0,39.92,39.92,1,0,0.28516322594471033,2
24.963674,67.067419,39.52,13,1,1,0,21,30,27,7,0,31,0,1,0.0,39.52,39.52,1,0,0.2823058789913565,2
24.948536,67.142038,51.29,347,1,1,0,18,58,27,7,0,31,0,0,0.0,51.29,51.29,1,0,0.3663833130937924,2
24.944476,67.162082,22.62,148,1,1,0,8,0,28,7,1,31,0,0,0.0,22.62,22.62,1,0,0.161582970212158,1
24.802487,66.911082,33.06,158,1,1,0,18,27,27,7,0,31,0,0,0.0,33.06,33.06,1,0,0.23615972569469248,2
24.95461,67.029672,115.33,40,1,1,0,17,59,27,7,0,31,0,0,0.0,115.33,115.33,1,1,0.8238445603257375,4
24.793517,66.943461,104.95,146,1,1,0,18,33,27,7,0,31,0,0,0.0,104.95,104.95,1,1,0.7496964068862061,4
24.903822,67.238754,107.88,15,1,1,0,4,30,28,7,1,31,0,1,0.0,107.88,107.88,1,1,0.7706264733195227,4
24.789681,67.002636,53.39,144,1,1,0,10,27,28,7,1,31,0,0,0.0,53.39,53.39,1,0,0.3813843845988999,2
24.803319,67.279934,62.81,100,1,1,0,23,8,27,7,0,31,0,1,0.0,62.81,62.81,1,0,0.4486749053503822,3
24.80497,66.969525,29.54,38,1,1,0,5,39,28,7,1,31,0,1,0.0,29.54,29.54,1,0,0.21101507250517892,1
24.938217,67.229498,53.89,350,1,1,0,19,33,27,7,0,31,0,0,0.0,53.89,53.89,1,0,0.38495606829059215,2
24.989491,67.222211,97.61,289,1,1,0,9,51,28,7,1,31,0,0,0.0,97.61,97.61,1,0,0.6972640902921636,4
24.910335,67.040682,62.64,144,1,1,0,10,42,28,7,1,31,0,0,0.0,62.64,62.64,1,0,0.44746053289520676,3
24.989609,67.294991,119.45,170,1,1,0,18,49,27,7,0,31,0,0,0.0,119.45,119.45,1,1,0.8532752339452818,4
25.064648,67.241855,118.97,84,1,1,0,17,56,27,7,0,31,0,0,0.0,118.97,118.97,1,1,0.8498464176012571,4
25.031267,66.956191,60.87,174,1,1,0,13,36,27,7,0,31,0,0,0.0,60.87,60.87,1,0,0.43481677262661617,3
25.000402,67.248681,135.61,214,1,1,0,21,7,27,7,0,31,0,1,0.0,135.61,135.61,1,1,0.9687120508607758,4
24.959236,67.235176,64.38,313,1,1,0,17,56,27,7,0,31,0,0,0.0,64.38,64.38,1,0,0.4598899921422958,3
24.839633,67.195414,5.13,289,1,1,0,6,11,28,7,1,31,0,0,0.0,5.13,5.13,1,0,0.03664547467676262,1
24.792768,67.137922,67.9,218,1,1,0,17,44,27,7,0,31,0,0,0.0,67.9,67.9,1,0,0.4850346453318094,3
24.916172,67.108571,62.76,108,1,1,0,12,14,27,7,0,31,0,0,0.0,62.76,62.76,1,0,0.4483177369812129,3
24.98073,67.212971,86.18,311,1,1,0,10,54,28,7,1,31,0,0,0.0,86.18,86.18,1,0,0.6156154011000786,3
25.098403,66.978334,52.39,184,1,1,0,16,12,27,7,0,31,0,0,0.0,52.39,52.39,1,0,0.3742410172155154,2
25.058445,67.120214,47.14,99,1,1,0,16,9,27,7,0,31,0,0,0.0,47.14,47.14,1,0,0.3367383384527466,2
24.857419,67.080207,46.61,172,1,1,0,3,30,28,7,1,31,0,1,0.0,46.61,46.61,1,0,0.3329523537395528,2
24.818086,67.189541,93.64,114,1,1,0,11,30,27,7,0,31,0,0,0.0,93.64,93.64,1,0,0.6689049217801271,4
25.067597,67.130307,4.39,179,1,1,0,3,30,28,7,1,31,0,1,0.0,4.39,4.39,1,0,0.03135938281305807,1
25.071064,67.084398,72.44,71,1,1,0,1,51,28,7,1,31,0,1,0.0,72.44,72.44,1,0,0.5174655332523751,3
24.775218,66.949772,47.8,192,1,1,0,15,18,27,7,0,31,0,0,0.0,47.8,47.8,1,0,0.34145296092578037,2
24.775726,67.080517,84.92,171,1,1,0,23,3,27,7,0,31,0,1,0.0,84.92,84.92,1,0,0.606614758197014,3
24.818161,67.213584,130.31,261,1,1,0,16,34,27,7,0,31,0,0,0.0,130.31,130.31,1,1,0.9308522037288377,4
25.00059,67.004569,134.2,60,1,1,0,15,8,27,7,0,31,0,0,0.0,134.2,134.2,1,1,0.9586399028502034,4
24.765263,67.129559,75.36,114,1,1,0,5,38,28,7,1,31,0,1,0.0,75.36,75.36,1,0,0.538324166011858,3
24.750724,67.002083,39.94,102,1,1,0,11,23,27,7,0,31,0,0,0.0,39.94,39.94,1,0,0.285306093292378,2
24.753996,66.900648,75.84,246,1,1,0,20,58,27,7,0,31,0,1,0.0,75.84,75.84,1,0,0.5417529823558825,3
24.986041,67.068267,52.62,320,1,1,0,22,29,27,7,0,31,0,1,0.0,52.62,52.62,1,0,0.3758839917136938,2
24.812402,67.04833,103.4,357,1,1,0,9,43,28,7,1,31,0,0,0.0,103.4,103.4,1,1,0.7386241874419601,4
25.077129,67.29389,19.59,146,1,1,0,15,47,27,7,0,31,0,0,0.0,19.59,19.59,1,0,0.1399385670405029,1
25.026759,67.210417,121.74,198,1,1,0,10,41,28,7,1,31,0,0,0.0,121.74,121.74,1,1,0.8696335452532323,4
24.750086,66.931115,20.07,26,1,1,0,6,21,28,7,1,31,0,0,0.0,20.07,20.07,1,0,0.14336738338452745,1
24.956523,66.925323,56.26,78,1,1,0,15,5,27,7,0,31,0,0,0.0,56.26,56.26,1,0,0.4018858489892135,2
24.991241,67.211932,31.62,62,1,1,0,14,41,27,7,0,31,0,0,0.0,31.62,31.62,1,0,0.22587327666261875,2
25.001064,67.26434,125.29,34,1,1,0,17,46,27,7,0,31,0,0,0.0,125.29,125.29,1,1,0.8949924994642474,4
24.889748,66.929191,40.69,198,1,1,0,18,31,27,7,0,31,0,0,0.0,40.69,40.69,1,0,0.29066361882991637,2
24.889971,67.171363,73.98,92,1,1,0,16,2,27,7,0,31,0,0,0.0,73.98,73.98,1,0,0.5284663190227873,3
24.792621,67.094836,85.94,290,1,1,0,9,45,28,7,1,31,0,0,0.0,85.94,85.94,1,0,0.6139009929280662,3
24.975523,66.975356,110.02,144,1,1,0,6,9,28,7,1,31,0,0,0.0,110.02,110.02,1,1,0.7859132795199656,4
24.934263,67.126687,2.48,188,1,1,0,14,36,27,7,0,31,0,0,0.0,2.48,2.48,1,0,0.017715551110793627,1
24.86358,67.059894,112.92,139,1,1,0,3,3,28,7,1,31,0,1,0.0,112.92,112.92,1,1,0.8066290449317808,4
24.847973,66.909023,82.51,205,1,1,0,10,20,28,7,1,31,0,0,0.0,82.51,82.51,1,0,0.5893992428030573,3
24.768038,67.050867,74.99,309,1,1,0,13,24,27,7,0,31,0,0,0.0,74.99,74.99,1,0,0.5356811200800057,3
24.944202,66.945553,16.04,260,1,1,0,18,7,27,7,0,31,0,0,0.0,16.04,16.04,1,0,0.11457961282948781,1
24.828608,67.170341,31.34,225,1,1,0,2,54,28,7,1,31,0,1,0.0,31.34,31.34,1,0,0.22387313379527107,2
24.94734,67.075504,36.49,271,1,1,0,21,10,27,7,0,31,0,1,0.0,36.49,36.49,1,0,0.2606614758197014,2
24.905619,66.997261,58.94,22,1,1,0,9,8,28,7,1,31,0,0,0.0,58.94,58.94,1,0,0.421030073576684,2
24.916744,67.165335,36.26,42,1,1,0,0,38,28,7,1,31,0,1,0.0,36.26,36.26,1,0,0.25901850132152293,2
24.878521,66.93227,110.2,243,1,1,0,9,16,28,7,1,31,0,0,0.0,110.2,110.2,1,1,0.7871990856489749,4
24.766467,67.124578,32.14,276,1,1,0,3,3,28,7,1,31,0,1,0.0,32.14,32.14,1,0,0.2295878277019787,2
25.019624,66.956174,95.19,343,1,1,0,22,23,27,7,0,31,0,1,0.0,95.19,95.19,1,0,0.6799771412243731,4
24.883777,67.122617,95.92,149,1,1,0,7,38,28,7,1,31,0,0,0.0,95.92,95.92,1,0,0.6851917994142438,4
25.006129,67.114196,73.98,225,1,1,0,22,34,27,7,0,31,0,1,0.0,73.98,73.98,1,0,0.5284663190227873,3
24.834705,67.170802,49.35,151,1,1,0,3,51,28,7,1,31,0,1,0.0,49.35,49.35,1,0,0.3525251803700264,2
25.046036,67.252589,139.5,198,1,1,0,12,17,27,7,0,31,0,0,0.0,139.5,139.5,1,1,0.9964997499821415,4
24.993264,66.975654,122.54,133,1,1,0,6,5,28,7,1,31,0,0,0.0,122.54,122.54,1,1,0.87534823915994,4
24.896197,67.252824,63.1,131,1,1,0,4,10,28,7,1,31,0,1,0.0,63.1,63.1,1,0,0.4507464818915637,3
25.003551,67.212427,65.26,273,1,1,0,3,16,28,7,1,31,0,1,0.0,65.26,65.26,1,0,0.4661761554396743,3
24.923586,67.083756,20.77,90,1,1,0,4,28,28,7,1,31,0,1,0.0,20.77,20.77,1,0,0.14836774055289662,1
24.794972,67.148925,30.25,38,1,1,0,15,19,27,7,0,31,0,0,0.0,30.25,30.25,1,0,0.21608686334738195,2
25.075054,67.096687,74.03,209,1,1,0,13,33,27,7,0,31,0,0,0.0,74.03,74.03,1,0,0.5288234873919565,3
24.807796,66.998355,134.32,204,1,1,0,22,30,27,7,0,31,0,1,0.0,134.32,134.32,1,1,0.9594971069362096,4
24.836963,67.252788,108.21,69,1,1,0,11,3,28,7,1,31,0,0,0.0,108.21,108.21,1,1,0.7729837845560397,4
24.8515,67.243719,139.15,286,1,1,0,10,6,28,7,1,31,0,0,0.0,139.15,139.15,1,1,0.993999571397957,4
25.0826,67.060022,92.03,124,1,1,0,0,27,28,7,1,31,0,1,0.0,92.03,92.03,1,0,0.657404100292878,4
25.0393,67.048714,137.82,205,1,1,0,9,43,28,7,1,31,0,0,0.0,137.82,137.82,1,1,0.9844988927780555,4
24.878376,67.288615,6.05,354,1,1,0,1,34,28,7,1,31,0,1,0.0,6.05,6.05,1,0,0.04321737266947639,1
25.08521,67.044447,116.36,169,1,1,0,3,12,28,7,1,31,0,1,0.0,116.36,116.36,1,1,0.8312022287306235,4
24.908414,67.014541,115.45,215,1,1,0,12,33,27,7,0,31,0,0,0.0,115.45,115.45,1,1,0.8247017644117437,4
25.076577,67.166714,109.0,123,1,1,0,8,50,28,7,1,31,0,0,0.0,109.0,109.0,1,1,0.7786270447889134,4
25.013291,67.054694,95.92,62,1,1,0,12,9,27,7,0,31,0,0,0.0,95.92,95.92,1,0,0.6851917994142438,4
25.070835,67.252913,134.45,348,1,1,0,3,34,28,7,1,31,0,1,0.0,134.45,134.45,1,1,0.9604257446960496,4
24.873476,66.903368,136.17,343,1,1,0,22,53,27,7,0,31,0,1,0.0,136.17,136.17,1,1,0.972712336595471,4
25.097987,66.921729,109.67,212,1,1,0,23,27,27,7,0,31,0,1,0.0,109.67,109.67,1,1,0.7834131009357811,4
24.874885,66.957488,129.97,224,1,1,0,16,9,27,7,0,31,0,0,0.0,129.97,129.97,1,1,0.928423458818487,4
24.964372,67.259038,116.21,249,1,1,0,20,36,27,7,0,31,0,1,0.0,116.21,116.21,1,1,0.8301307236231158,4
24.834944,67.212143,66.73,5,1,1,0,6,16,28,7,1,31,0,0,0.0,66.73,66.73,1,0,0.47667690549324954,3
24.973121,67.209385,29.73,357,1,1,0,8,54,28,7,1,31,0,0,0.0,29.73,29.73,1,0,0.212372312308022,1
24.785154,67.182041,124.92,266,1,1,0,23,47,27,7,0,31,0,1,0.0,124.92,124.92,1,1,0.8923494535323951,4
24.92744,67.174519,22.52,5,1,1,0,17,39,27,7,0,31,0,0,0.0,22.52,22.52,1,0,0.16086863347381955,1
24.994527,67.25834,129.7,319,1,1,0,22,27,27,7,0,31,0,1,0.0,129.7,129.7,1,1,0.926494749624973,4
24.944882,67.203465,46.77,194,1,1,0,17,55,27,7,0,31,0,0,0.0,46.77,46.77,1,0,0.33409529252089437,2
24.969961,66.941742,85.41,249,1,1,0,22,42,27,7,0,31,0,1,0.0,85.41,85.41,1,0,0.6101150082148724,3
24.984911,66.978345,120.32,262,1,1,0,22,34,27,7,0,31,0,1,0.0,120.32,120.32,1,1,0.8594899635688262,4
25.029245,67.015718,55.79,64,1,1,0,4,23,28,7,1,31,0,1,0.0,55.79,55.79,1,0,0.3985284663190228,2
25.089215,67.033468,37.12,324,1,1,0,20,32,27,7,0,31,0,1,0.0,37.12,37.12,1,0,0.2651617972712336,2
24.885656,67.245924,28.73,59,1,1,0,11,12,28,7,1,31,0,0,0.0,28.73,28.73,1,0,0.20522894492463747,1
24.875135,67.075086,92.87,318,1,1,0,1,35,28,7,1,31,0,1,0.0,92.87,92.87,1,0,0.6634045288949211,4
25.08567,67.27956,120.16,151,1,1,0,21,9,27,7,0,31,0,1,0.0,120.16,120.16,1,1,0.8583470247874847,4
25.090045,67.203806,49.56,178,1,1,0,1,15,28,7,1,31,0,1,0.0,49.56,49.56,1,0,0.3540252875205372,2
24.917978,67.184387,63.85,0,1,1,0,6,14,28,7,1,31,0,0,0.0,63.85,63.85,1,0,0.45610400742910207,3
25.067604,66.901319,115.59,319,1,1,0,6,46,28,7,1,31,0,0,0.0,115.59,115.59,1,1,0.8257018358454175,4
24.851668,66.994931,35.74,170,1,1,0,10,22,28,7,1,31,0,0,0.0,35.74,35.74,1,0,0.255303950282163,2
24.997234,67.201025,75.24,298,1,1,0,5,51,28,7,1,31,0,1,0.0,75.24,75.24,1,0,0.5374669619258517,3
24.907248,67.284942,1.75,71,1,1,0,5,27,28,7,1,31,0,1,0.0,1.75,1.75,1,0,0.012500892920922923,1
25.068772,67.210878,84.53,175,1,1,0,7,29,28,7,1,31,0,0,0.0,84.53,84.53,1,0,0.6038288449174941,3
24.81934,67.074026,113.38,47,1,1,0,19,32,27,7,0,31,0,0,0.0,113.38,113.38,1,1,0.8099149939281376,4
24.757742,67.254109,48.52,336,1,1,0,4,36,28,7,1,31,0,1,0.0,48.52,48.52,1,0,0.34659618544181725,2
24.998632,67.165167,136.54,42,1,1,0,10,26,28,7,1,31,0,0,0.0,136.54,136.54,1,1,0.9753553825273232,4
25.087912,67.064087,22.08,140,1,1,0,19,38,27,7,0,31,0,0,0.0,22.08,22.08,1,0,0.15772555182513034,1
24.932681,67.194978,132.55,119,1,1,0,14,33,27,7,0,31,0,0,0.0,132.55,132.55,1,1,0.9468533466676191,4
24.768317,67.179765,17.27,194,1,1,0,10,54,28,7,1,31,0,0,0.0,17.27,17.27,1,0,0.12336595471105077,1
24.750279,67.055004,123.09,305,1,1,0,0,58,28,7,1,31,0,1,0.0,123.09,123.09,1,1,0.8792770912208014,4
24.757957,67.27463,9.35,345,1,1,0,15,55,27,7,0,31,0,0,0.0,9.35,9.35,1,0,0.06679048503464532,1
24.890931,67.275278,63.5,120,1,1,0,20,36,27,7,0,31,0,1,0.0,63.5,63.5,1,0,0.45360382884491746,3
24.826603,67.223297,103.2,148,1,1,0,2,21,28,7,1,31,0,1,0.0,103.2,103.2,1,1,0.7371955139652832,4
24.917215,67.044526,8.2,356,1,1,0,21,27,27,7,0,31,0,1,0.0,8.2,8.2,1,0,0.05857561254375312,1
24.939995,67.240641,127.09,296,1,1,0,8,53,28,7,1,31,0,0,0.0,127.09,127.09,1,1,0.9078505607543396,4
25.09588,67.268541,56.74,233,1,1,0,18,17,27,7,0,31,0,0,0.0,56.74,56.74,1,0,0.40531466533323807,2
25.063682,67.116837,14.81,75,1,1,0,0,39,28,7,1,31,0,1,0.0,14.81,14.81,1,0,0.10579327094792484,1
24.992383,66.91672,35.48,229,1,1,0,6,39,28,7,1,31,0,0,0.0,35.48,35.48,1,0,0.253446674762483,2
24.898949,67.293014,101.92,314,1,1,0,12,39,27,7,0,31,0,0,0.0,101.92,101.92,1,1,0.728052003714551,4
25.062389,67.233038,115.76,157,1,1,0,8,24,28,7,1,31,0,0,0.0,115.76,115.76,1,1,0.8269162083005929,4
24.891518,67.035132,60.76,26,1,1,0,19,5,27,7,0,31,0,0,0.0,60.76,60.76,1,0,0.43403100221444385,3
25.063307,66.903278,35.06,50,1,1,0,6,26,28,7,1,31,0,0,0.0,35.06,35.06,1,0,0.2504464604614615,2
24.849417,66.931544,132.65,100,1,1,0,12,13,27,7,0,31,0,0,0.0,132.65,132.65,1,1,0.9475676834059575,4
25.048287,67.044086,113.84,346,1,1,0,23,58,27,7,0,31,0,1,0.0,113.84,113.84,1,1,0.8132009429244946,4
24.758555,66.935198,76.49,188,1,1,0,21,48,27,7,0,31,0,1,0.0,76.49,76.49,1,0,0.5463961711550824,3
24.96952,67.080548,132.6,39,1,1,0,4,34,28,7,1,31,0,1,0.0,132.6,132.6,1,1,0.9472105150367882,4
25.017149,67.092115,85.99,98,1,1,0,21,10,27,7,0,31,0,1,0.0,85.99,85.99,1,0,0.6142581612972354,3
25.091994,66.909172,23.06,214,1,1,0,18,47,27,7,0,31,0,0,0.0,23.06,23.06,1,0,0.16472605186084718,1
24.778871,67.044019,55.81,249,1,1,0,15,25,27,7,0,31,0,0,0.0,55.81,55.81,1,0,0.39867133366669044,2
24.753462,66.947074,25.86,231,1,1,0,15,10,27,7,0,31,0,0,0.0,25.86,25.86,1,0,0.18472748053432386,1
24.907355,66.953666,76.43,323,1,1,0,0,57,28,7,1,31,0,1,0.0,76.43,76.43,1,0,0.5459675691120794,3
24.752457,67.218984,137.59,318,1,1,0,19,14,27,7,0,31,0,0,0.0,137.59,137.59,1,1,0.9828559182798771,4
24.786952,67.06646,66.61,292,1,1,0,6,8,28,7,1,31,0,0,0.0,66.61,66.61,1,0,0.47581970140724333,3
25.066701,67.173632,56.36,178,1,1,0,22,1,27,7,0,31,0,1,0.0,56.36,56.36,1,0,0.40260018572755196,2
24.921693,67.129071,86.19,183,1,1,0,8,41,28,7,1,31,0,0,0.0,86.19,86.19,1,0,0.6156868347739124,3
24.866366,67.102665,130.36,98,1,1,0,20,46,27,7,0,31,0,1,0.0,130.36,130.36,1,1,0.931209372098007,4
25.08938,67.047175,28.62,327,1,1,0,19,30,27,7,0,31,0,0,0.0,28.62,28.62,1,0,0.20444317451246516,1
24.993581,66.989096,91.01,105,1,1,0,9,32,28,7,1,31,0,0,0.0,91.01,91.01,1,0,0.6501178655618258,4
25.087509,67.03952,68.44,337,1,1,0,17,45,27,7,0,31,0,0,0.0,68.44,68.44,1,0,0.48889206371883703,3
25.053957,67.294761,57.88,99,1,1,0,0,53,28,7,1,31,0,1,0.0,57.88,57.88,1,0,0.41345810415029643,2
24.797595,67.037176,86.45,270,1,1,0,19,25,27,7,0,31,0,0,0.0,86.45,86.45,1,0,0.6175441102935924,3
25.023182,67.018565,80.18,282,1,1,0,11,59,27,7,0,31,0,0,0.0,80.18,80.18,1,0,0.5727551967997714,3
24.939348,67.283232,32.6,226,1,1,0,1,15,28,7,1,31,0,1,0.0,32.6,32.6,1,0,0.2328737766983356,2
24.862769,67.168301,83.83,198,1,1,0,1,29,28,7,1,31,0,1,0.0,83.83,83.83,1,0,0.5988284877491249,3
24.844878,66.988718,88.76,58,1,1,0,22,50,27,7,0,31,0,1,0.0,88.76,88.76,1,0,0.6340452889492106,3
24.810252,67.088104,49.29,140,1,1,0,11,8,28,7,1,31,0,0,0.0,49.29,49.29,1,0,0.35209657832702335,2
24.939397,67.215681,78.11,261,1,1,0,3,5,28,7,1,31,0,1,0.0,78.11,78.11,1,0,0.5579684263161654,3
25.055415,67.0083,41.51,342,1,1,0,10,13,28,7,1,31,0,0,0.0,41.51,41.51,1,0,0.2965211800842917,2
25.0059,67.269822,138.24,268,1,1,0,7,21,28,7,1,31,0,0,0.0,138.24,138.24,1,1,0.9874991070790771,4
24.95862,67.078549,0.91,190,1,1,0,7,28,28,7,1,31,0,0,0.0,0.91,0.91,1,0,0.00650046431887992,1
24.855794,67.183207,41.47,64,1,1,0,1,21,28,7,1,31,0,1,0.0,41.47,41.47,1,0,0.29623544538895635,2
24.92183,67.019513,129.87,107,1,1,0,15,36,27,7,0,31,0,0,0.0,129.87,129.87,1,1,0.9277091220801486,4
24.831628,67.204665,1.56,349,1,1,0,6,50,28,7,1,31,0,0,0.0,1.56,1.56,1,0,0.011143653118079862,1
24.990578,66.975139,123.94,73,1,1,0,8,43,28,7,1,31,0,0,0.0,123.94,123.94,1,1,0.8853489534966783,4
24.867293,67.063584,106.33,295,1,1,0,3,0,28,7,1,31,0,1,0.0,106.33,106.33,1,1,0.7595542538752768,4
24.753017,67.26296,0.15,74,1,1,0,8,41,28,7,1,31,0,0,0.0,0.15,0.15,1,0,0.001071505107507679,1
25.051062,66.919361,15.08,147,1,1,0,22,16,27,7,0,31,0,1,0.0,15.08,15.08,1,0,0.10772198014143866,1
24.751691,67.038917,39.19,346,1,1,0,1,50,28,7,1,31,0,1,0.0,39.19,39.19,1,0,0.2799485677548396,2
24.96338,67.243355,136.45,52,1,1,0,14,52,27,7,0,31,0,0,0.0,136.45,136.45,1,1,0.9747124794628186,4
25.088458,67.275713,47.7,240,1,1,0,19,26,27,7,0,31,0,0,0.0,47.7,47.7,1,0,0.34073862418744194,2
25.086996,66.944545,100.84,199,1,1,0,1,22,28,7,1,31,0,1,0.0,100.84,100.84,1,1,0.7203371669404958,4
24.954048,66.924452,49.5,13,1,1,0,1,4,28,7,1,31,0,1,0.0,49.5,49.5,1,0,0.3535966854775341,2
24.935759,67.182288,35.66,240,1,1,0,3,24,28,7,1,31,0,1,0.0,35.66,35.66,1,0,0.2547324808914922,2
24.860959,67.014564,25.32,39,1,1,0,7,22,28,7,1,31,0,0,0.0,25.32,25.32,1,0,0.18087006214729623,1
24.924473,67.076816,72.58,26,1,1,0,3,56,28,7,1,31,0,1,0.0,72.58,72.58,1,0,0.518465604686049,3
24.840921,67.239146,136.19,6,1,1,0,8,51,28,7,1,31,0,0,0.0,136.19,136.19,1,1,0.9728552039431387,4
24.773511,66.917873,101.08,58,1,1,0,10,31,28,7,1,31,0,0,0.0,101.08,101.08,1,1,0.722051575112508,4
24.788647,67.049835,58.22,288,1,1,0,2,11,28,7,1,31,0,1,0.0,58.22,58.22,1,0,0.41588684906064716,2
24.756991,67.197765,27.32,62,1,1,0,14,23,27,7,0,31,0,0,0.0,27.32,27.32,1,0,0.1951567969140653,1
24.817578,66.90948,30.72,47,1,1,0,9,16,28,7,1,31,0,0,0.0,30.72,30.72,1,0,0.21944424601757268,2
24.77148,67.134421,37.07,250,1,1,0,14,42,27,7,0,31,0,0,0.0,37.07,37.07,1,0,0.2648046289020644,2
25.070791,66.965934,126.33,19,1,1,0,21,35,27,7,0,31,0,1,0.0,126.33,126.33,1,1,0.9024216015429672,4
24.940549,67.215337,62.47,333,1,1,0,19,15,27,7,0,31,0,0,0.0,62.47,62.47,1,0,0.4462461604400314,3
24.917405,67.076759,110.6,243,1,1,0,4,9,28,7,1,31,0,1,0.0,110.6,110.6,1,1,0.7900564326023286,4
24.846882,67.094604,55.51,15,1,1,0,23,57,27,7,0,31,0,1,0.0,55.51,55.51,1,0,0.3965283234516751,2
25.026702,67.007884,131.62,17,1,1,0,17,33,27,7,0,31,0,0,0.0,131.62,131.62,1,1,0.9402100150010715,4
24.948425,66.909658,93.67,168,1,1,0,7,45,28,7,1,31,0,0,0.0,93.67,93.67,1,0,0.6691192228016286,4
24.902069,67.081349,8.11,311,1,1,0,9,20,28,7,1,31,0,0,0.0,8.11,8.11,1,0,0.05793270947924851,1
24.820227,67.084995,101.73,123,1,1,0,5,52,28,7,1,31,0,1,0.0,101.73,101.73,1,1,0.726694763911708,4
24.813699,67.114778,133.92,113,1,1,0,1,40,28,7,1,31,0,1,0.0,133.92,133.92,1,1,0.9566397599828558,4
24.853226,66.988262,136.96,30,1,1,0,3,47,28,7,1,31,0,1,0.0,136.96,136.96,1,1,0.9783555968283448,4
24.833491,67.089424,117.49,58,1,1,0,14,49,27,7,0,31,0,0,0.0,117.49,117.49,1,1,0.839274233873848,4
24.824466,66.914663,81.05,133,1,1,0,15,33,27,7,0,31,0,0,0.0,81.05,81.05,1,0,0.5789699264233159,3
25.077969,67.194898,14.12,282,1,1,0,23,32,27,7,0,31,0,1,0.0,14.12,14.12,1,0,0.10086434745338951,1
24.924855,67.240137,139.31,113,1,1,0,19,56,27,7,0,31,0,0,0.0,139.31,139.31,1,1,0.9951425101792984,4
24.753701,67.243973,50.03,358,1,1,0,9,30,28,7,1,31,0,0,0.0,50.03,50.03,1,0,0.3573826701907279,2
24.816655,67.266106,112.53,274,1,1,0,14,48,27,7,0,31,0,0,0.0,112.53,112.53,1,1,0.8038431316522608,4
24.760981,67.248816,92.32,319,1,1,0,10,57,28,7,1,31,0,0,0.0,92.32,92.32,1,0,0.6594756768340595,4
24.923926,67.036999,77.52,36,1,1,0,22,56,27,7,0,31,0,1,0.0,77.52,77.52,1,0,0.5537538395599685,3
25.049873,67.190958,129.24,153,1,1,0,5,33,28,7,1,31,0,1,0.0,129.24,129.24,1,1,0.9232088006286163,4
25.092696,67.198717,87.82,186,1,1,0,1,45,28,7,1,31,0,1,0.0,87.82,87.82,1,0,0.6273305236088291,3
24.869043,67.018007,32.54,259,1,1,0,3,20,28,7,1,31,0,1,0.0,32.54,32.54,1,0,0.23244517465533251,2
24.897212,67.038178,106.06,185,1,1,0,8,24,28,7,1,31,0,0,0.0,106.06,106.06,1,1,0.7576255446817629,4
24.806929,67.042108,63.48,343,1,1,0,1,37,28,7,1,31,0,1,0.0,63.48,63.48,1,0,0.45346096149724974,3
25.023942,66.939104,16.24,349,1,1,0,0,5,28,7,1,31,0,1,0.0,16.24,16.24,1,0,0.1160082863061647,1
24.774416,66.941458,39.33,287,1,1,0,12,17,27,7,0,31,0,0,0.0,39.33,39.33,1,0,0.2809486391885134,2
24.86256,67.160846,32.61,89,1,1,0,8,39,28,7,1,31,0,0,0.0,32.61,32.61,1,0,0.23294521037216942,2
24.907246,67.292151,101.77,255,1,1,0,18,55,27,7,0,31,0,0,0.0,101.77,101.77,1,1,0.7269804986070433,4
25.002887,67.01172,44.86,49,1,1,0,2,53,28,7,1,31,0,1,0.0,44.86,44.86,1,0,0.32045146081862985,2
24.954301,67.198216,8.3,253,1,1,0,14,12,27,7,0,31,0,0,0.0,8.3,8.3,1,0,0.05928994928209158,1
25.053235,67.084394,124.03,219,1,1,0,5,3,28,7,1,31,0,1,0.0,124.03,124.03,1,1,0.8859918565611828,4
24.7523,67.057975,10.18,210,1,1,0,16,12,27,7,0,31,0,0,0.0,10.18,10.18,1,0,0.07271947996285448,1
25.034448,67.103742,115.49,28,1,1,0,22,55,27,7,0,31,0,1,0.0,115.49,115.49,1,1,0.824987499107079,4
24.957726,66.981251,113.6,322,1,1,0,7,58,28,7,1,31,0,0,0.0,113.6,113.6,1,1,0.8114865347524822,4
25.020213,67.192312,70.73,188,1,1,0,2,33,28,7,1,31,0,1,0.0,70.73,70.73,1,0,0.5052503750267876,3
24.809334,66.96501,1.78,140,1,1,0,8,10,28,7,1,31,0,0,0.0,1.78,1.78,1,0,0.012715193942424458,1
24.892111,67.074076,87.53,108,1,1,0,5,2,28,7,1,31,0,1,0.0,87.53,87.53,1,0,0.6252589470676476,3
24.972817,67.086097,104.24,10,1,1,0,4,1,28,7,1,31,0,1,0.0,104.24,104.24,1,1,0.7446246160440031,4
24.854877,67.12038,32.48,332,1,1,0,18,19,27,7,0,31,0,0,0.0,32.48,32.48,1,0,0.2320165726123294,2
24.896353,67.042431,74.44,330,1,1,0,19,38,27,7,0,31,0,0,0.0,74.44,74.44,1,0,0.5317522680191442,3
24.798485,67.255826,50.5,344,1,1,0,3,17,28,7,1,31,0,1,0.0,50.5,50.5,1,0,0.3607400528609186,2
24.896244,67.066737,13.56,147,1,1,0,19,39,27,7,0,31,0,0,0.0,13.56,13.56,1,0,0.09686406171869419,1
24.861398,67.139091,63.76,348,1,1,0,14,34,27,7,0,31,0,0,0.0,63.76,63.76,1,0,0.4554611043645974,3
24.778894,67.155449,129.89,200,1,1,0,20,14,27,7,0,31,0,1,0.0,129.89,129.89,1,1,0.9278519894278161,4
25.041494,67.261174,127.49,117,1,1,0,13,14,27,7,0,31,0,0,0.0,127.49,127.49,1,1,0.9107079077076933,4
24.858461,67.097,84.5,158,1,1,0,12,58,27,7,0,31,0,0,0.0,84.5,84.5,1,0,0.6036145438959926,3
24.791216,67.209986,72.48,228,1,1,0,3,32,28,7,1,31,0,1,0.0,72.48,72.48,1,0,0.5177512679477105,3
25.068589,66.930642,66.75,89,1,1,0,0,49,28,7,1,31,0,1,0.0,66.75,66.75,1,0,0.4768197728409172,3
25.002133,66.928808,51.56,289,1,1,0,22,53,27,7,0,31,0,1,0.0,51.56,51.56,1,0,0.36831202228730625,2
24.857301,67.259262,107.22,30,1,1,0,9,6,28,7,1,31,0,0,0.0,107.22,107.22,1,1,0.7659118508464889,4
25.093681,66.96573,11.87,31,1,1,0,21,2,27,7,0,31,0,1,0.0,11.87,11.87,1,0,0.08479177084077433,1
24.847488,67.168481,1.42,135,1,1,0,19,39,27,7,0,31,0,0,0.0,1.42,1.42,1,0,0.010143581684406027,1
24.886177,67.287451,24.91,87,1,1,0,20,39,27,7,0,31,0,1,0.0,24.91,24.91,1,0,0.17794128152010857,1
25.047571,66.938674,9.68,62,1,1,0,22,9,27,7,0,31,0,1,0.0,9.68,9.68,1,0,0.06914779627116222,1
24.756388,67.223578,98.96,315,1,1,0,12,34,27,7,0,31,0,0,0.0,98.96,98.96,1,0,0.7069076362597327,4
24.886364,67.210392,44.57,308,1,1,0,2,31,28,7,1,31,0,1,0.0,44.57,44.57,1,0,0.31837988427744834,2
24.964022,67.10417,138.64,65,1,1,0,0,38,28,7,1,31,0,1,0.0,138.64,138.64,1,1,0.9903564540324308,4
25.099881,67.075127,49.3,79,1,1,0,19,2,27,7,0,31,0,0,0.0,49.3,49.3,1,0,0.3521680120008572,2
24.854945,67.243243,110.02,303,1,1,0,18,5,27,7,0,31,0,0,0.0,110.02,110.02,1,1,0.7859132795199656,4
24.973509,67.109141,36.66,228,1,1,0,14,55,27,7,0,31,0,0,0.0,36.66,36.66,1,0,0.26187584827487675,2
24.904605,67.038226,94.87,300,1,1,0,0,27,28,7,1,31,0,1,0.0,94.87,94.87,1,0,0.6776912636616901,4
25.084846,66.912054,107.45,310,1,1,0,7,16,28,7,1,31,0,0,0.0,107.45,107.45,1,1,0.7675548253446675,4
25.069354,67.233182,87.63,288,1,1,0,17,7,27,7,0,31,0,0,0.0,87.63,87.63,1,0,0.625973283805986,3
24.779603,67.207912,30.9,72,1,1,0,19,21,27,7,0,31,0,0,0.0,30.9,30.9,1,0,0.22073005214658187,2
24.925638,67.20953,55.89,66,1,1,0,6,26,28,7,1,31,0,0,0.0,55.89,55.89,1,0,0.3992428030573612,2
25.066611,66.942517,121.47,93,1,1,0,4,30,28,7,1,31,0,1,0.0,121.47,121.47,1,1,0.8677048360597185,4
24.986246,67.064492,78.72,226,1,1,0,19,52,27,7,0,31,0,0,0.0,78.72,78.72,1,0,0.56232588042003,3
25.01444,67.296895,82.45,128,1,1,0,20,31,27,7,0,31,0,1,0.0,82.45,82.45,1,0,0.5889706407600542,3
24.779239,66.915103,17.01,253,1,1,0,19,36,27,7,0,31,0,0,0.0,17.01,17.01,1,0,0.12150867919137082,1
24.93561,67.268855,137.37,195,1,1,0,18,48,27,7,0,31,0,0,0.0,137.37,137.37,1,1,0.9812843774555325,4
24.760343,67.181293,93.8,212,1,1,0,0,30,28,7,1,31,0,1,0.0,93.8,93.8,1,0,0.6700478605614686,4
24.931806,67.063159,39.29,249,1,1,0,21,40,27,7,0,31,0,1,0.0,39.29,39.29,1,0,0.28066290449317804,2
24.88751,67.158863,26.99,215,1,1,0,23,29,27,7,0,31,0,1,0.0,26.99,26.99,1,0,0.19279948567754837,1
24.794016,67.1639,136.92,281,1,1,0,5,20,28,7,1,31,0,1,0.0,136.92,136.92,1,1,0.9780698621330094,4
24.94542,67.295117,53.88,27,1,1,0,10,55,28,7,1,31,0,0,0.0,53.88,53.88,1,0,0.3848846346167583,2
24.878729,67.086874,77.05,252,1,1,0,6,18,28,7,1,31,0,0,0.0,77.05,77.05,1,0,0.5503964568897778,3
25.026484,67.004165,85.39,142,1,1,0,4,34,28,7,1,31,0,1,0.0,85.39,85.39,1,0,0.6099721408672047,3
24.987846,67.267401,41.96,222,1,1,0,22,49,27,7,0,31,0,1,0.0,41.96,41.96,1,0,0.2997356954068148,2
24.83427,66.902793,35.13,349,1,1,0,2,11,28,7,1,31,0,1,0.0,35.13,35.13,1,0,0.25094649617829845,2
25.009405,67.262069,128.29,293,1,1,0,16,49,27,7,0,31,0,0,0.0,128.29,128.29,1,1,0.9164226016144009,4
25.078697,66.939167,41.12,223,1,1,0,13,9,27,7,0,31,0,0,0.0,41.12,41.12,1,0,0.29373526680477174,2
25.096317,66.915013,26.62,66,1,1,0,1,34,28,7,1,31,0,1,0.0,26.62,26.62,1,0,0.19015643974569613,1
24.758334,67.08441,17.17,62,1,1,0,3,38,28,7,1,31,0,1,0.0,17.17,17.17,1,0,0.12265161797271235,1
25.021849,67.111092,113.5,262,1,1,0,20,10,27,7,0,31,0,1,0.0,113.5,113.5,1,1,0.8107721980141438,4
24.9699,67.074484,122.8,247,1,1,0,15,56,27,7,0,31,0,0,0.0,122.8,122.8,1,1,0.8772055146796199,4
25.098375,67.066051,103.69,107,1,1,0,8,2,28,7,1,31,0,0,0.0,103.69,103.69,1,1,0.7406957639831416,4
24.974627,66.971062,101.86,17,1,1,0,7,34,28,7,1,31,0,0,0.0,101.86,101.86,1,1,0.7276234016715479,4
24.84277,67.263292,131.3,129,1,1,0,19,2,27,7,0,31,0,0,0.0,131.3,131.3,1,1,0.9379241374383884,4
25.016148,67.04465,21.85,187,1,1,0,10,24,28,7,1,31,0,0,0.0,21.85,21.85,1,0,0.15608257732695194,1
24.965693,66.902598,62.17,347,1,1,0,23,10,27,7,0,31,0,1,0.0,62.17,62.17,1,0,0.44410315022501606,3
25.026725,67.091363,9.9,199,1,1,0,8,11,28,7,1,31,0,0,0.0,9.9,9.9,1,0,0.07071933709550682,1
24.982483,67.03208,50.99,160,1,1,0,6,48,28,7,1,31,0,0,0.0,50.99,50.99,1,0,0.36424030287877707,2
24.823787,66.99559,134.7,19,1,1,0,3,36,28,7,1,31,0,1,0.0,134.7,134.7,1,1,0.9622115865418958,4
24.872302,67.196866,13.44,294,1,1,0,19,36,27,7,0,31,0,0,0.0,13.44,13.44,1,0,0.09600685763268804,1
25.00441,67.142481,26.77,24,1,1,0,8,3,28,7,1,31,0,0,0.0,26.77,26.77,1,0,0.1912279448532038,1
24.957285,66.931115,129.62,81,1,1,0,4,21,28,7,1,31,0,1,0.0,129.62,129.62,1,1,0.9259232802343024,4
24.916212,66.906655,68.58,169,1,1,0,7,21,28,7,1,31,0,0,0.0,68.58,68.58,1,0,0.48989213515251084,3
25.050821,67.092619,40.21,61,1,1,0,19,25,27,7,0,31,0,0,0.0,40.21,40.21,1,0,0.28723480248589184,2
24.978865,67.252759,20.71,344,1,1,0,17,13,27,7,0,31,0,0,0.0,20.71,20.71,1,0,0.14793913850989357,1
25.089383,67.232249,22.1,66,1,1,0,13,43,27,7,0,31,0,0,0.0,22.1,22.1,1,0,0.15786841917279806,1
24.816469,67.162274,111.02,133,1,1,0,6,22,28,7,1,31,0,0,0.0,111.02,111.02,1,1,0.7930566469033502,4
24.900309,67.048314,66.25,175,1,1,0,23,52,27,7,0,31,0,1,0.0,66.25,66.25,1,0,0.4732480891492249,3
24.865734,67.081657,44.81,27,1,1,0,20,33,27,7,0,31,0,1,0.0,44.81,44.81,1,0,0.3200942924494607,2
24.858381,67.038867,73.28,276,1,1,0,3,4,28,7,1,31,0,1,0.0,73.28,73.28,1,0,0.5234659618544182,3
24.853612,67.088156,55.06,327,1,1,0,2,44,28,7,1,31,0,1,0.0,55.06,55.06,1,0,0.39331380812915206,2
25.065025,67.027328,34.54,193,1,1,0,18,40,27,7,0,31,0,0,0.0,34.54,34.54,1,0,0.24673190942210155,2
24.826552,67.082404,9.52,30,1,1,0,12,51,27,7,0,31,0,0,0.0,9.52,9.52,1,0,0.0680048574898207,1
25.032791,67.077698,84.41,304,1,1,0,21,4,27,7,0,31,0,1,0.0,84.41,84.41,1,0,0.6029716408314879,3
24.760395,67.241198,131.04,160,1,1,0,4,16,28,7,1,31,0,1,0.0,131.04,131.04,1,1,0.9360668619187084,4
24.992293,67.283442,41.02,216,1,1,0,22,37,27,7,0,31,0,1,0.0,41.02,41.02,1,0,0.2930209300664333,2
24.762465,66.944673,62.55,18,1,1,0,16,0,27,7,0,31,0,0,0.0,62.55,62.55,1,0,0.44681762983070217,3
24.971925,66.934123,12.77,196,1,1,0,16,43,27,7,0,31,0,0,0.0,12.77,12.77,1,0,0.0912208014858204,1
24.767743,67.117201,28.19,293,1,1,0,6,13,28,7,1,31,0,0,0.0,28.19,28.19,1,0,0.2013715265376098,1
24.848612,67.001889,53.94,259,1,1,0,5,59,28,7,1,31,0,1,0.0,53.94,53.94,1,0,0.38531323665976136,2
25.024216,67.090108,1.25,305,1,1,0,5,42,28,7,1,31,0,1,0.0,1.25,1.25,1,0,0.00892920922923066,1
25.097483,67.149039,71.73,137,1,1,0,22,5,27,7,0,31,0,1,0.0,71.73,71.73,1,0,0.5123937424101721,3
25.028214,66.976673,20.22,193,1,1,0,21,43,27,7,0,31,0,1,0.0,20.22,20.22,1,0,0.14443888849203512,1
24.806109,67.27923,120.8,149,1,1,0,5,30,28,7,1,31,0,1,0.0,120.8,120.8,1,1,0.8629187799128508,4
24.753385,67.110208,53.11,159,1,1,0,18,44,27,7,0,31,0,0,0.0,53.11,53.11,1,0,0.3793842417315522,2
24.854873,67.134782,106.8,290,1,1,0,10,10,28,7,1,31,0,0,0.0,106.8,106.8,1,1,0.7629116365454675,4
24.761688,67.041689,89.73,321,1,1,0,8,11,28,7,1,31,0,0,0.0,89.73,89.73,1,0,0.6409743553110936,3
24.949633,67.133464,22.65,232,1,1,0,18,28,27,7,0,31,0,0,0.0,22.65,22.65,1,0,0.16179727123365953,1
24.767648,67.278507,84.6,234,1,1,0,7,18,28,7,1,31,0,0,0.0,84.6,84.6,1,0,0.604328880634331,3
24.991246,67.281142,103.55,168,1,1,0,20,15,27,7,0,31,0,1,0.0,103.55,103.55,1,1,0.7396956925494678,4
25.047936,67.256117,59.64,4,1,1,0,6,18,28,7,1,31,0,0,0.0,59.64,59.64,1,0,0.4260304307450532,2
24.966118,66.923269,49.99,128,1,1,0,16,59,27,7,0,31,0,0,0.0,49.99,49.99,1,0,0.3570969354953925,2
25.098591,67.223599,56.49,66,1,1,0,7,8,28,7,1,31,0,0,0.0,56.49,56.49,1,0,0.40352882348739194,2
24.756476,67.159202,18.52,222,1,1,0,18,7,27,7,0,31,0,0,0.0,18.52,18.52,1,0,0.13229516394028143,1
24.846248,66.938999,71.57,22,1,1,0,6,49,28,7,1,31,0,0,0.0,71.57,71.57,1,0,0.5112508036288306,3
25.088469,67.074634,46.97,288,1,1,0,18,9,27,7,0,31,0,0,0.0,46.97,46.97,1,0,0.3355239659975712,2
24.944958,67.258527,107.71,353,1,1,0,16,35,27,7,0,31,0,0,0.0,107.71,107.71,1,1,0.7694121008643473,4
25.032847,67.17523,83.02,321,1,1,0,21,6,27,7,0,31,0,1,0.0,83.02,83.02,1,0,0.5930423601685834,3
25.034344,66.97776,138.32,110,1,1,0,21,20,27,7,0,31,0,1,0.0,138.32,138.32,1,1,0.9880705764697477,4
24.754464,66.969384,68.88,86,1,1,0,23,7,27,7,0,31,0,1,0.0,68.88,68.88,1,0,0.4920351453675262,3
24.995859,67.020482,57.03,201,1,1,0,23,17,27,7,0,31,0,1,0.0,57.03,57.03,1,0,0.4073862418744196,2
24.820436,67.296026,41.14,88,1,1,0,3,31,28,7,1,31,0,1,0.0,41.14,41.14,1,0,0.29387813415243946,2
24.840039,67.059135,68.53,224,1,1,0,6,43,28,7,1,31,0,0,0.0,68.53,68.53,1,0,0.48953496678334163,3
24.857375,66.951884,35.81,22,1,1,0,20,22,27,7,0,31,0,1,0.0,35.81,35.81,1,0,0.25580398599899995,2
24.934795,67.21505,117.64,245,1,1,0,13,21,27,7,0,31,0,0,0.0,117.64,117.64,1,1,0.8403457389813558,4
25.035525,67.192607,70.55,163,1,1,0,14,19,27,7,0,31,0,0,0.0,70.55,70.55,1,0,0.5039645688977784,3
24.872213,67.068681,32.43,65,1,1,0,19,16,27,7,0,31,0,0,0.0,32.43,32.43,1,0,0.2316594042431602,2
24.933438,67.222885,98.44,59,1,1,0,20,45,27,7,0,31,0,1,0.0,98.44,98.44,1,0,0.7031930852203728,4
24.838618,67.266942,119.25,222,1,1,0,13,31,27,7,0,31,0,0,0.0,119.25,119.25,1,1,0.8518465604686049,4
25.074319,67.234986,15.09,301,1,1,0,6,51,28,7,1,31,0,0,0.0,15.09,15.09,1,0,0.1077934138152725,1
24.852679,67.049936,6.44,74,1,1,0,2,27,28,7,1,31,0,1,0.0,6.44,6.44,1,0,0.04600328594899636,1
24.919889,67.237601,93.93,119,1,1,0,14,12,27,7,0,31,0,0,0.0,93.93,93.93,1,0,0.6709764983213087,4
25.081432,66.934261,8.11,248,1,1,0,8,49,28,7,1,31,0,0,0.0,8.11,8.11,1,0,0.05793270947924851,1
25.007971,67.104457,87.12,244,1,1,0,7,13,28,7,1,31,0,0,0.0,87.12,87.12,1,0,0.62233016644046,3
24.821444,67.224611,30.48,253,1,1,0,23,39,27,7,0,31,0,1,0.0,30.48,30.48,1,0,0.21772983784556038,2
24.808783,67.253531,55.67,17,1,1,0,6,6,28,7,1,31,0,0,0.0,55.67,55.67,1,0,0.39767126223301663,2
24.949093,67.266961,119.93,120,1,1,0,9,34,28,7,1,31,0,0,0.0,119.93,119.93,1,1,0.8567040502893064,4
24.912728,67.138966,77.26,200,1,1,0,2,23,28,7,1,31,0,1,0.0,77.26,77.26,1,0,0.5518965640402886,3
24.982425,66.934544,19.78,341,1,1,0,21,37,27,7,0,31,0,1,0.0,19.78,19.78,1,0,0.14129580684334594,1
24.901952,66.911976,126.31,75,1,1,0,20,33,27,7,0,31,0,1,0.0,126.31,126.31,1,1,0.9022787341952996,4
24.901965,66.944224,117.15,284,1,1,0,9,11,28,7,1,31,0,0,0.0,117.15,117.15,1,1,0.8368454889634974,4
25.049636,67.295182,39.91,236,1,1,0,0,59,28,7,1,31,0,1,0.0,39.91,39.91,1,0,0.28509179227087644,2
24.928969,67.103037,34.23,170,1,1,0,15,1,27,7,0,31,0,0,0.0,34.23,34.23,1,0,0.24451746553325235,2
24.912659,67.075955,87.63,303,1,1,0,16,16,27,7,0,31,0,0,0.0,87.63,87.63,1,0,0.625973283805986,3
24.824089,67.156296,128.05,105,1,1,0,22,37,27,7,0,31,0,1,0.0,128.05,128.05,1,1,0.9147081934423887,4
24.98931,67.146736,106.48,26,1,1,0,16,52,27,7,0,31,0,0,0.0,106.48,106.48,1,1,0.7606257589827845,4
24.978207,66.960842,138.38,18,1,1,0,6,45,28,7,1,31,0,0,0.0,138.38,138.38,1,1,0.9884991785127508,4
24.962,67.168866,69.78,110,1,1,0,2,54,28,7,1,31,0,1,0.0,69.78,69.78,1,0,0.4984641760125723,3
24.900491,67.183364,69.46,355,1,1,0,21,56,27,7,0,31,0,1,0.0,69.46,69.46,1,0,0.4961782984498892,3
25.009793,67.16406,88.61,79,1,1,0,2,12,28,7,1,31,0,1,0.0,88.61,88.61,1,0,0.6329737838417029,3
24.853491,67.203473,32.25,347,1,1,0,2,54,28,7,1,31,0,1,0.0,32.25,32.25,1,0,0.230373598114151,2
25.093438,66.995453,99.31,58,1,1,0,11,43,27,7,0,31,0,0,0.0,99.31,99.31,1,0,0.7094078148439174,4
25.001428,67.138097,2.28,178,1,1,0,12,26,27,7,0,31,0,0,0.0,2.28,2.28,1,0,0.01628687763411672,1
25.012878,66.98656,40.63,262,1,1,0,22,10,27,7,0,31,0,1,0.0,40.63,40.63,1,0,0.2902350167869133,2
25.057381,67.266345,89.81,133,1,1,0,7,56,28,7,1,31,0,0,0.0,89.81,89.81,1,0,0.6415458247017644,3
25.092724,67.095712,128.33,33,1,1,0,9,43,28,7,1,31,0,0,0.0,128.33,128.33,1,1,0.9167083363097365,4
24.947291,67.229369,120.48,31,1,1,0,23,31,27,7,0,31,0,1,0.0,120.48,120.48,1,1,0.8606329023501679,4
24.864892,67.245741,3.31,142,1,1,0,22,34,27,7,0,31,0,1,0.0,3.31,3.31,1,0,0.023644546039002786,1
25.046472,67.007004,51.93,199,1,1,0,5,36,28,7,1,31,0,1,0.0,51.93,51.93,1,0,0.37095506821915847,2
25.085817,66.921119,105.43,144,1,1,0,1,3,28,7,1,31,0,1,0.0,105.43,105.43,1,1,0.7531252232302307,4
24.772414,67.165269,32.77,153,1,1,0,16,44,27,7,0,31,0,0,0.0,32.77,32.77,1,0,0.23408814915351098,2
25.024388,67.044483,130.83,261,1,1,0,23,54,27,7,0,31,0,1,0.0,130.83,130.83,1,1,0.9345667547681977,4
25.037665,67.032585,116.03,64,1,1,0,21,16,27,7,0,31,0,1,0.0,116.03,116.03,1,1,0.8288449174941067,4
24.863926,66.901067,22.39,83,1,1,0,22,48,27,7,0,31,0,1,0.0,22.39,22.39,1,0,0.15993999571397957,1
24.96831,67.033106,44.07,13,1,1,0,2,43,28,7,1,31,0,1,0.0,44.07,44.07,1,0,0.3148082005857561,2
24.976215,67.058215,77.02,167,1,1,0,13,1,27,7,0,31,0,0,0.0,77.02,77.02,1,0,0.5501821558682762,3
25.084991,66.998906,24.27,88,1,1,0,11,6,28,7,1,31,0,0,0.0,24.27,24.27,1,0,0.17336952639474246,1
24.827621,67.07043,98.02,31,1,1,0,16,47,27,7,0,31,0,0,0.0,98.02,98.02,1,0,0.7001928709193513,4
25.072609,67.027843,126.34,246,1,1,0,7,28,28,7,1,31,0,0,0.0,126.34,126.34,1,1,0.9024930352168011,4
24.940396,67.059736,71.92,142,1,1,0,12,28,27,7,0,31,0,0,0.0,71.92,71.92,1,0,0.5137509822130152,3
24.792777,66.992303,27.58,84,1,1,0,6,42,28,7,1,31,0,0,0.0,27.58,27.58,1,0,0.19701407243374525,1
25.023965,67.04779,42.02,127,1,1,0,20,37,27,7,0,31,0,1,0.0,42.02,42.02,1,0,0.3001642974498179,2
25.063983,67.032183,87.63,44,1,1,0,4,29,28,7,1,31,0,1,0.0,87.63,87.63,1,0,0.625973283805986,3
24.835489,67.251394,52.9,185,1,1,0,8,38,28,7,1,31,0,0,0.0,52.9,52.9,1,0,0.3778841345810415,2
24.772187,66.918107,93.67,134,1,1,0,8,29,28,7,1,31,0,0,0.0,93.67,93.67,1,0,0.6691192228016286,4
24.755097,67.242756,113.04,284,1,1,0,22,47,27,7,0,31,0,1,0.0,113.04,113.04,1,1,0.807486249017787,4
24.963371,67.196036,42.75,106,1,1,0,12,34,27,7,0,31,0,0,0.0,42.75,42.75,1,0,0.30537895563968853,2
25.041318,67.215441,17.4,125,1,1,0,3,34,28,7,1,31,0,1,0.0,17.4,17.4,1,0,0.12429459247089077,1
24.846422,67.165426,90.71,182,1,1,0,9,42,28,7,1,31,0,0,0.0,90.71,90.71,1,0,0.6479748553468104,4
24.834828,67.230388,30.27,326,1,1,0,3,27,28,7,1,31,0,1,0.0,30.27,30.27,1,0,0.21622973069504964,2
24.85825,67.063357,100.77,206,1,1,0,0,35,28,7,1,31,0,1,0.0,100.77,100.77,1,1,0.7198371312236588,4
24.995619,67.126061,107.96,289,1,1,0,18,30,27,7,0,31,0,0,0.0,107.96,107.96,1,1,0.7711979427101935,4
24.984258,66.911084,137.37,66,1,1,0,22,35,27,7,0,31,0,1,0.0,137.37,137.37,1,1,0.9812843774555325,4
24.804141,66.967613,87.68,6,1,1,0,15,37,27,7,0,31,0,0,0.0,87.68,87.68,1,0,0.6263304521751554,3
24.852957,67.15532,49.42,324,1,1,0,6,30,28,7,1,31,0,0,0.0,49.42,49.42,1,0,0.3530252160868633,2
25.092567,67.211274,136.02,298,1,1,0,7,28,28,7,1,31,0,0,0.0,136.02,136.02,1,1,0.9716408314879634,4
24.76766,67.05344,4.06,44,1,1,0,19,49,27,7,0,31,0,0,0.0,4.06,4.06,1,0,0.029002071576541177,1
24.927836,67.288327,13.88,178,1,1,0,4,32,28,7,1,31,0,1,0.0,13.88,13.88,1,0,0.09914993928137723,1
24.962905,67.214571,44.99,322,1,1,0,10,6,28,7,1,31,0,0,0.0,44.99,44.99,1,0,0.3213800985784699,2
24.972031,67.193774,68.88,289,1,1,0,7,59,28,7,1,31,0,0,0.0,68.88,68.88,1,0,0.4920351453675262,3
24.855878,67.057879,35.51,189,1,1,0,6,32,28,7,1,31,0,0,0.0,35.51,35.51,1,0,0.25366097578398455,2
25.051285,67.127352,130.75,187,1,1,0,15,27,27,7,0,31,0,0,0.0,130.75,130.75,1,1,0.9339952853775269,4
25.028135,67.176202,38.54,358,1,1,0,1,43,28,7,1,31,0,1,0.0,38.54,38.54,1,0,0.27530537895563967,2
24.752952,67.290848,118.64,239,1,1,0,12,14,27,7,0,31,0,0,0.0,118.64,118.64,1,1,0.8474891063647403,4
24.980058,67.058233,88.17,314,1,1,0,4,10,28,7,1,31,0,1,0.0,88.17,88.17,1,0,0.6298307021930137,3
24.996945,67.113304,117.91,216,1,1,0,8,53,28,7,1,31,0,0,0.0,117.91,117.91,1,1,0.8422744481748695,4
24.853668,66.972117,60.95,312,1,1,0,6,13,28,7,1,31,0,0,0.0,60.95,60.95,1,0,0.43538824201728693,3
24.899804,66.923365,59.91,90,1,1,0,11,21,27,7,0,31,0,0,0.0,59.91,59.91,1,0,0.427959139938567,2
25.073243,67.028464,84.91,357,1,1,0,18,59,27,7,0,31,0,0,0.0,84.91,84.91,1,0,0.6065433245231802,3
24.971054,66.929132,76.34,325,1,1,0,19,42,27,7,0,31,0,0,0.0,76.34,76.34,1,0,0.5453246660475748,3
24.880973,67.130703,105.67,300,1,1,0,21,54,27,7,0,31,0,1,0.0,105.67,105.67,1,1,0.754839631402243,4
24.787624,66.953574,40.0,135,1,1,0,22,2,27,7,0,31,0,1,0.0,40.0,40.0,1,0,0.2857346953353811,2
24.768391,67.119834,121.6,126,1,1,0,17,31,27,7,0,31,0,0,0.0,121.6,121.6,1,1,0.8686334738195585,4
24.766831,67.166246,74.48,4,1,1,0,0,26,28,7,1,31,0,1,0.0,74.48,74.48,1,0,0.5320380027144797,3
24.928945,66.90736,20.94,342,1,1,0,17,30,27,7,0,31,0,0,0.0,20.94,20.94,1,0,0.149582113008072,1
25.013883,67.134196,80.55,258,1,1,0,5,28,28,7,1,31,0,1,0.0,80.55,80.55,1,0,0.5753982427316237,3
24.976809,66.979466,138.56,302,1,1,0,19,22,27,7,0,31,0,0,0.0,138.56,138.56,1,1,0.9897849846417601,4
24.834483,67.2936,63.66,17,1,1,0,23,35,27,7,0,31,0,1,0.0,63.66,63.66,1,0,0.454746767626259,3
24.956046,67.232823,43.31,50,1,1,0,10,4,28,7,1,31,0,0,0.0,43.31,43.31,1,0,0.3093792413743839,2
25.067396,67.134127,132.28,277,1,1,0,10,37,28,7,1,31,0,0,0.0,132.28,132.28,1,1,0.9449246374741053,4
24.896543,66.964912,134.83,232,1,1,0,9,48,28,7,1,31,0,0,0.0,134.83,134.83,1,1,0.9631402243017358,4
25.013511,67.179222,74.33,313,1,1,0,15,36,27,7,0,31,0,0,0.0,74.33,74.33,1,0,0.5309664976069719,3
24.866582,67.10288,0.99,131,1,1,0,5,11,28,7,1,31,0,1,0.0,0.99,0.99,1,0,0.007071933709550682,1
25.09878,67.135049,92.26,12,1,1,0,4,4,28,7,1,31,0,1,0.0,92.26,92.26,1,0,0.6590470747910565,4
24.99514,67.03406,13.2,22,1,1,0,8,55,28,7,1,31,0,0,0.0,13.2,13.2,1,0,0.09429244946067575,1
24.757295,67.109487,83.72,91,1,1,0,17,14,27,7,0,31,0,0,0.0,83.72,83.72,1,0,0.5980427173369526,3
24.901156,67.258068,119.07,68,1,1,0,13,48,27,7,0,31,0,0,0.0,119.07,119.07,1,1,0.8505607543395955,4
24.975788,67.252332,108.38,355,1,1,0,9,18,28,7,1,31,0,0,0.0,108.38,108.38,1,1,0.774198157011215,4
24.904123,67.288752,48.03,165,1,1,0,23,10,27,7,0,31,0,1,0.0,48.03,48.03,1,0,0.34309593542395883,2
24.777456,66.930925,53.35,114,1,1,0,14,45,27,7,0,31,0,0,0.0,53.35,53.35,1,0,0.3810986499035645,2
24.9769,67.196282,78.19,178,1,1,0,5,5,28,7,1,31,0,1,0.0,78.19,78.19,1,0,0.5585398957068362,3
24.862079,67.056995,29.35,118,1,1,0,12,23,27,7,0,31,0,0,0.0,29.35,29.35,1,0,0.20965783270233587,1
24.959529,67.109296,30.34,244,1,1,0,22,35,27,7,0,31,0,1,0.0,30.34,30.34,1,0,0.21672976641188654,2
25.06112,66.919744,99.89,241,1,1,0,0,32,28,7,1,31,0,1,0.0,99.89,99.89,1,0,0.7135509679262804,4
24.912145,67.188081,56.31,78,1,1,0,11,50,27,7,0,31,0,0,0.0,56.31,56.31,1,0,0.40224301735838275,2
24.858499,67.26377,71.93,12,1,1,0,22,4,27,7,0,31,0,1,0.0,71.93,71.93,1,0,0.5138224158868491,3
24.764806,66.907497,10.09,39,1,1,0,23,57,27,7,0,31,0,1,0.0,10.09,10.09,1,0,0.07207657689834987,1
24.939321,66.934803,138.78,293,1,1,0,7,3,28,7,1,31,0,0,0.0,138.78,138.78,1,1,0.9913565254661046,4
24.957917,67.111825,41.16,252,1,1,0,16,28,27,7,0,31,0,0,0.0,41.16,41.16,1,0,0.2940210015001071,2
24.868283,67.29411,131.86,247,1,1,0,10,13,28,7,1,31,0,0,0.0,131.86,131.86,1,1,0.9419244231730838,4
24.913834,67.177027,9.83,186,1,1,0,20,12,27,7,0,31,0,1,0.0,9.83,9.83,1,0,0.0702193013786699,1
25.073032,67.139085,2.82,37,1,1,0,19,29,27,7,0,31,0,0,0.0,2.82,2.82,1,0,0.020144296021144367,1
24.855642,67.093207,54.72,309,1,1,0,12,6,27,7,0,31,0,0,0.0,54.72,54.72,1,0,0.3908850632188013,2
25.026277,67.111767,123.42,84,1,1,0,3,2,28,7,1,31,0,1,0.0,123.42,123.42,1,1,0.8816344024573184,4
24.80032,67.174971,59.06,339,1,1,0,1,21,28,7,1,31,0,1,0.0,59.06,59.06,1,0,0.4218872776626902,2
25.000927,67.091466,9.2,210,1,1,0,20,26,27,7,0,31,0,1,0.0,9.2,9.2,1,0,0.06571897992713764,1
24.774932,67.254,43.09,63,1,1,0,21,20,27,7,0,31,0,1,0.0,43.09,43.09,1,0,0.3078077005500393,2
24.799797,67.185412,115.33,328,1,1,0,16,57,27,7,0,31,0,0,0.0,115.33,115.33,1,1,0.8238445603257375,4
25.09847,67.022212,103.34,3,1,1,0,11,41,27,7,0,31,0,0,0.0,103.34,103.34,1,1,0.738195585398957,4
24.88586,67.078346,85.31,45,1,1,0,0,12,28,7,1,31,0,1,0.0,85.31,85.31,1,0,0.609400671476534,3
24.923919,67.253463,113.45,219,1,1,0,12,36,27,7,0,31,0,0,0.0,113.45,113.45,1,1,0.8104150296449746,4
24.814415,66.993971,41.99,279,1,1,0,1,52,28,7,1,31,0,1,0.0,41.99,41.99,1,0,0.2999499964283163,2
24.838936,67.266716,48.35,184,1,1,0,1,49,28,7,1,31,0,1,0.0,48.35,48.35,1,0,0.3453818129866419,2
24.83481,67.006503,139.59,220,1,1,0,23,34,27,7,0,31,0,1,0.0,139.59,139.59,1,1,0.9971426530466462,4
24.970976,66.918974,63.23,127,1,1,0,9,22,28,7,1,31,0,0,0.0,63.23,63.23,1,0,0.4516751196514036,3
24.826275,66.953885,114.02,163,1,1,0,17,53,27,7,0,31,0,0,0.0,114.02,114.02,1,1,0.8144867490535037,4
24.972553,67.21022,139.83,199,1,1,0,16,32,27,7,0,31,0,0,0.0,139.83,139.83,1,1,0.9988570612186585,4
24.889298,66.947087,138.6,213,1,1,0,10,14,28,7,1,31,0,0,0.0,138.6,138.6,1,1,0.9900707193370955,4
24.969928,67.124789,33.68,96,1,1,0,18,5,27,7,0,31,0,0,0.0,33.68,33.68,1,0,0.24058861347239086,2
24.896793,67.267176,103.93,53,1,1,0,23,51,27,7,0,31,0,1,0.0,103.93,103.93,1,1,0.7424101721551539,4
25.033472,67.293772,93.95,297,1,1,0,23,35,27,7,0,31,0,1,0.0,93.95,93.95,1,0,0.6711193656689763,4
24.876112,67.105406,108.84,179,1,1,0,2,45,28,7,1,31,0,1,0.0,108.84,108.84,1,1,0.7774841060075719,4
24.856525,66.938755,132.77,6,1,1,0,15,15,27,7,0,31,0,0,0.0,132.77,132.77,1,1,0.9484248874919637,4
25.008537,67.00818,109.65,131,1,1,0,9,47,28,7,1,31,0,0,0.0,109.65,109.65,1,1,0.7832702335881134,4
24.773424,66.923935,133.66,358,1,1,0,23,36,27,7,0,31,0,1,0.0,133.66,133.66,1,1,0.9547824844631758,4
25.090272,67.132611,41.44,8,1,1,0,8,2,28,7,1,31,0,0,0.0,41.44,41.44,1,0,0.2960211443674548,2
24.837219,67.141124,29.23,56,1,1,0,5,46,28,7,1,31,0,1,0.0,29.23,29.23,1,0,0.20880062861632973,1
25.066248,67.10152,112.25,99,1,1,0,9,43,28,7,1,31,0,0,0.0,112.25,112.25,1,1,0.8018429887849131,4
24.897202,67.198508,137.25,198,1,1,0,2,13,28,7,1,31,0,1,0.0,137.25,137.25,1,1,0.9804271733695263,4
24.79909,67.228171,33.92,82,1,1,0,5,8,28,7,1,31,0,1,0.0,33.92,33.92,1,0,0.24230302164440318,2
24.871635,67.234678,135.05,39,1,1,0,7,39,28,7,1,31,0,0,0.0,135.05,135.05,1,1,0.9647117651260805,4
25.004849,67.244024,105.21,286,1,1,0,9,38,28,7,1,31,0,0,0.0,105.21,105.21,1,1,0.751553682405886,4
24.760541,66.982503,93.62,74,1,1,0,12,26,27,7,0,31,0,0,0.0,93.62,93.62,1,0,0.6687620544324594,4
25.005118,67.096811,58.1,132,1,1,0,7,29,28,7,1,31,0,0,0.0,58.1,58.1,1,0,0.415029644974641,2
24.82824,67.170272,103.66,79,1,1,0,0,23,28,7,1,31,0,1,0.0,103.66,103.66,1,1,0.7404814629616401,4
24.771964,67.013211,55.62,188,1,1,0,7,13,28,7,1,31,0,0,0.0,55.62,55.62,1,0,0.39731409386384736,2
24.927094,67.231396,78.08,69,1,1,0,10,35,28,7,1,31,0,0,0.0,78.08,78.08,1,0,0.5577541252946638,3
25.032045,67.197584,116.53,216,1,1,0,3,24,28,7,1,31,0,1,0.0,116.53,116.53,1,1,0.832416601185799,4
24.866339,66.988953,117.67,108,1,1,0,17,11,27,7,0,31,0,0,0.0,117.67,117.67,1,1,0.8405600400028573,4
25.044686,67.223659,104.24,122,1,1,0,1,20,28,7,1,31,0,1,0.0,104.24,104.24,1,1,0.7446246160440031,4
24.816636,67.078996,136.7,341,1,1,0,15,30,27,7,0,31,0,0,0.0,136.7,136.7,1,1,0.9764983213086648,4
24.959372,66.919466,96.65,193,1,1,0,4,0,28,7,1,31,0,1,0.0,96.65,96.65,1,0,0.6904064576041146,4
25.01254,67.057258,26.32,205,1,1,0,3,45,28,7,1,31,0,1,0.0,26.32,26.32,1,0,0.18801342953068076,1
24.788311,66.972133,98.06,3,1,1,0,0,20,28,7,1,31,0,1,0.0,98.06,98.06,1,0,0.7004786056146868,4
24.881483,67.10803,29.55,136,1,1,0,17,39,27,7,0,31,0,0,0.0,29.55,29.55,1,0,0.21108650617901278,1
25.064034,67.233864,11.16,328,1,1,0,14,34,27,7,0,31,0,0,0.0,11.16,11.16,1,0,0.07971997999857132,1
24.836885,67.232367,67.9,165,1,1,0,19,26,27,7,0,31,0,0,0.0,67.9,67.9,1,0,0.4850346453318094,3
24.82482,67.126988,96.36,164,1,1,0,2,52,28,7,1,31,0,1,0.0,96.36,96.36,1,0,0.6883348810629331,4
24.868513,67.019304,44.18,179,1,1,0,15,30,27,7,0,31,0,0,0.0,44.18,44.18,1,0,0.3155939709979284,2
24.89505,66.932866,97.4,8,1,1,0,7,4,28,7,1,31,0,0,0.0,97.4,97.4,1,0,0.695763983141653,4
24.851288,67.047652,125.71,66,1,1,0,16,38,27,7,0,31,0,0,0.0,125.71,125.71,1,1,0.8979927137652688,4
24.935095,67.191143,24.99,114,1,1,0,11,13,28,7,1,31,0,0,0.0,24.99,24.99,1,0,0.1785127509107793,1
24.97564,67.13293,52.11,132,1,1,0,8,37,28,7,1,31,0,0,0.0,52.11,52.11,1,0,0.3722408743481677,2
24.773373,67.24122,94.41,292,1,1,0,0,19,28,7,1,31,0,1,0.0,94.41,94.41,1,0,0.6744053146653332,4
24.931919,67.141446,136.09,224,1,1,0,7,44,28,7,1,31,0,0,0.0,136.09,136.09,1,1,0.9721408672048003,4
24.903185,67.196172,89.31,118,1,1,0,15,33,27,7,0,31,0,0,0.0,89.31,89.31,1,0,0.6379741410100721,3
25.002679,67.155781,116.02,160,1,1,0,12,42,27,7,0,31,0,0,0.0,116.02,116.02,1,1,0.8287734838202728,4
25.064209,67.015745,8.64,163,1,1,0,11,41,27,7,0,31,0,0,0.0,8.64,8.64,1,0,0.06171869419244232,1
24.933052,67.213195,22.94,132,1,1,0,5,16,28,7,1,31,0,1,0.0,22.94,22.94,1,0,0.16386884777484106,1
24.965268,66.904095,43.53,78,1,1,0,12,32,27,7,0,31,0,0,0.0,43.53,43.53,1,0,0.31095078219872846,2
25.052706,66.983843,12.76,81,1,1,0,10,44,28,7,1,31,0,0,0.0,12.76,12.76,1,0,0.09114936781198656,1
24.943903,67.170759,69.43,178,1,1,0,0,42,28,7,1,31,0,1,0.0,69.43,69.43,1,0,0.49596399742838776,3
25.01264,67.039525,30.18,159,1,1,0,2,38,28,7,1,31,0,1,0.0,30.18,30.18,1,0,0.215586827630545,2
24.941123,67.262528,130.93,336,1,1,0,0,31,28,7,1,31,0,1,0.0,130.93,130.93,1,1,0.9352810915065362,4
24.769592,66.97108,127.28,349,1,1,0,1,22,28,7,1,31,0,1,0.0,127.28,127.28,1,1,0.9092078005571826,4
24.784354,67.178914,79.11,343,1,1,0,10,50,28,7,1,31,0,0,0.0,79.11,79.11,1,0,0.5651117936995499,3
24.952779,67.27385,59.08,17,1,1,0,21,20,27,7,0,31,0,1,0.0,59.08,59.08,1,0,0.42203014501035785,2
24.97778,67.027499,83.04,159,1,1,0,18,19,27,7,0,31,0,0,0.0,83.04,83.04,1,0,0.5931852275162511,3
24.951071,67.230432,46.18,243,1,1,0,14,29,27,7,0,31,0,0,0.0,46.18,46.18,1,0,0.32988070576469747,2
25.070373,67.17336,11.73,117,1,1,0,0,28,28,7,1,31,0,1,0.0,11.73,11.73,1,0,0.0837916994071005,1
25.02537,67.249501,32.6,194,1,1,0,13,11,27,7,0,31,0,0,0.0,32.6,32.6,1,0,0.2328737766983356,2
25.057344,67.005786,130.45,54,1,1,0,15,12,27,7,0,31,0,0,0.0,130.45,130.45,1,1,0.9318522751625115,4
24.892873,66.918233,63.37,318,1,1,0,0,29,28,7,1,31,0,1,0.0,63.37,63.37,1,0,0.4526751910850775,3
24.883235,67.261814,102.85,194,1,1,0,21,12,27,7,0,31,0,1,0.0,102.85,102.85,1,1,0.7346953353810985,4
24.993035,67.084575,52.09,214,1,1,0,11,57,27,7,0,31,0,0,0.0,52.09,52.09,1,0,0.37209800700050005,2
24.837703,67.267085,101.55,122,1,1,0,20,41,27,7,0,31,0,1,0.0,101.55,101.55,1,1,0.7254089577826986,4
25.018973,67.207875,20.87,214,1,1,0,14,40,27,7,0,31,0,0,0.0,20.87,20.87,1,0,0.1490820772912351,1
25.078155,67.213172,86.69,232,1,1,0,16,31,27,7,0,31,0,0,0.0,86.69,86.69,1,0,0.6192585184656046,3
25.03188,67.289994,135.62,140,1,1,0,10,38,28,7,1,31,0,0,0.0,135.62,135.62,1,1,0.9687834845346096,4
25.091621,66.937278,64.7,89,1,1,0,17,51,27,7,0,31,0,0,0.0,64.7,64.7,1,0,0.4621758697049789,3
24.849834,67.121941,76.06,94,1,1,0,23,50,27,7,0,31,0,1,0.0,76.06,76.06,1,0,0.5433245231802272,3
24.837623,67.164634,59.89,236,1,1,0,2,16,28,7,1,31,0,1,0.0,59.89,59.89,1,0,0.4278162725908993,2
24.824629,66.946919,10.47,28,1,1,0,6,25,28,7,1,31,0,0,0.0,10.47,10.47,1,0,0.074791056504036,1
25.011523,67.187492,71.21,119,1,1,0,7,31,28,7,1,31,0,0,0.0,71.21,71.21,1,0,0.5086791913708121,3
24.885632,67.075073,124.84,338,1,1,0,12,9,27,7,0,31,0,0,0.0,124.84,124.84,1,1,0.8917779841417244,4
25.013633,67.26102,116.3,40,1,1,0,14,19,27,7,0,31,0,0,0.0,116.3,116.3,1,1,0.8307736266876204,4
24.929793,67.06852,110.76,109,1,1,0,18,28,27,7,0,31,0,0,0.0,110.76,110.76,1,1,0.7911993713836702,4
24.780941,67.218286,44.83,154,1,1,0,13,33,27,7,0,31,0,0,0.0,44.83,44.83,1,0,0.32023715979712836,2
24.819983,67.293977,35.31,284,1,1,0,3,31,28,7,1,31,0,1,0.0,35.31,35.31,1,0,0.25223230230730764,2
24.776892,67.220329,76.38,10,1,1,0,5,26,28,7,1,31,0,1,0.0,76.38,76.38,1,0,0.5456104007429101,3
25.046539,67.233008,91.37,159,1,1,0,11,10,28,7,1,31,0,0,0.0,91.37,91.37,1,0,0.6526894778198442,4
24.872096,67.032478,24.49,301,1,1,0,20,9,27,7,0,31,0,1,0.0,24.49,24.49,1,0,0.17494106721908706,1
24.918726,67.182173,94.6,170,1,1,0,5,29,28,7,1,31,0,1,0.0,94.6,94.6,1,0,0.6757625544681762,4
25.099552,67.017623,75.39,255,1,1,0,20,41,27,7,0,31,0,1,0.0,75.39,75.39,1,0,0.5385384670333595,3
25.06581,67.029821,4.76,21,1,1,0,17,23,27,7,0,31,0,0,0.0,4.76,4.76,1,0,0.03400242874491035,1
24.890917,67.035721,137.78,55,1,1,0,2,17,28,7,1,31,0,1,0.0,137.78,137.78,1,1,0.9842131580827201,4
24.853501,66.947606,72.2,3,1,1,0,23,46,27,7,0,31,0,1,0.0,72.2,72.2,1,0,0.5157511250803629,3
25.094712,67.198859,120.18,279,1,1,0,8,36,28,7,1,31,0,0,0.0,120.18,120.18,1,1,0.8584898921351525,4
24.960513,66.958348,69.98,340,1,1,0,10,6,28,7,1,31,0,0,0.0,69.98,69.98,1,0,0.4998928494892492,3
25.071893,67.090185,84.93,175,1,1,0,20,44,27,7,0,31,0,1,0.0,84.93,84.93,1,0,0.6066861918708479,3
24.900285,66.974366,16.05,125,1,1,0,8,42,28,7,1,31,0,0,0.0,16.05,16.05,1,0,0.11465104650332167,1
24.861956,67.275588,29.93,239,1,1,0,14,6,27,7,0,31,0,0,0.0,29.93,29.93,1,0,0.2138009857846989,1
24.907418,66.981681,77.63,11,1,1,0,14,19,27,7,0,31,0,0,0.0,77.63,77.63,1,0,0.5545396099721408,3
25.062976,67.264484,6.39,236,1,1,0,0,53,28,7,1,31,0,1,0.0,6.39,6.39,1,0,0.045646117579827124,1
25.045871,67.003789,134.97,179,1,1,0,15,1,27,7,0,31,0,0,0.0,134.97,134.97,1,1,0.9641402957354096,4
24.837534,67.238122,89.45,101,1,1,0,21,20,27,7,0,31,0,1,0.0,89.45,89.45,1,0,0.638974212443746,3
25.032477,66.989211,15.17,72,1,1,0,19,42,27,7,0,31,0,0,0.0,15.17,15.17,1,0,0.10836488320594327,1
24.80389,67.273061,132.59,149,1,1,0,16,49,27,7,0,31,0,0,0.0,132.59,132.59,1,1,0.9471390813629544,4
24.764616,67.190728,99.29,78,1,1,0,23,17,27,7,0,31,0,1,0.0,99.29,99.29,1,0,0.7092649474962497,4
24.916175,67.15716,81.98,280,1,1,0,1,31,28,7,1,31,0,1,0.0,81.98,81.98,1,0,0.5856132580898635,3
24.779726,67.118503,24.28,240,1,1,0,18,1,27,7,0,31,0,0,0.0,24.28,24.28,1,0,0.17344096006857632,1
24.867714,66.999398,6.62,60,1,1,0,5,39,28,7,1,31,0,1,0.0,6.62,6.62,1,0,0.04728909207800557,1
24.964185,67.265177,39.56,101,1,1,0,22,44,27,7,0,31,0,1,0.0,39.56,39.56,1,0,0.2825916136866919,2
24.859383,67.001956,102.15,78,1,1,0,18,5,27,7,0,31,0,0,0.0,102.15,102.15,1,1,0.7296949782127294,4
24.892753,67.229604,96.55,164,1,1,0,1,18,28,7,1,31,0,1,0.0,96.55,96.55,1,0,0.689692120865776,4
25.057853,66.932242,95.51,220,1,1,0,8,29,28,7,1,31,0,0,0.0,95.51,95.51,1,0,0.6822630187870562,4
24.884479,67.154705,20.51,14,1,1,0,3,38,28,7,1,31,0,1,0.0,20.51,20.51,1,0,0.14651046503321666,1
24.892137,66.952433,106.09,180,1,1,0,9,3,28,7,1,31,0,0,0.0,106.09,106.09,1,1,0.7578398457032645,4
25.090848,67.181063,105.26,49,1,1,0,23,17,27,7,0,31,0,1,0.0,105.26,105.26,1,1,0.7519108507750554,4
24.841229,66.912643,129.41,219,1,1,0,21,50,27,7,0,31,0,1,0.0,129.41,129.41,1,1,0.9244231730837916,4
24.942929,67.083646,55.59,261,1,1,0,4,31,28,7,1,31,0,1,0.0,55.59,55.59,1,0,0.39709979284234587,2
24.991834,67.088469,108.33,271,1,1,0,18,57,27,7,0,31,0,0,0.0,108.33,108.33,1,1,0.7738409886420458,4
24.787753,67.120307,136.55,246,1,1,0,16,2,27,7,0,31,0,0,0.0,136.55,136.55,1,1,0.9754268162011572,4
24.808806,66.947152,44.52,220,1,1,0,9,36,28,7,1,31,0,0,0.0,44.52,44.52,1,0,0.3180227159082792,2
24.757719,67.233208,84.27,45,1,1,0,0,25,28,7,1,31,0,1,0.0,84.27,84.27,1,0,0.601971569397814,3
24.971436,67.147589,74.3,196,1,1,0,19,51,27,7,0,31,0,0,0.0,74.3,74.3,1,0,0.5307521965854703,3
24.880008,66.929856,26.23,76,1,1,0,21,45,27,7,0,31,0,1,0.0,26.23,26.23,1,0,0.18737052646617613,1
24.974411,66.991941,117.49,203,1,1,0,20,18,27,7,0,31,0,1,0.0,117.49,117.49,1,1,0.839274233873848,4
24.918838,67.233858,19.12,16,1,1,0,21,25,27,7,0,31,0,1,0.0,19.12,19.12,1,0,0.13658118437031216,1
25.052214,67.280442,123.43,216,1,1,0,7,20,28,7,1,31,0,0,0.0,123.43,123.43,1,1,0.8817058361311522,4
24.991479,67.072224,136.4,287,1,1,0,0,48,28,7,1,31,0,1,0.0,136.4,136.4,1,1,0.9743553110936495,4
24.785235,67.218177,127.78,211,1,1,0,8,40,28,7,1,31,0,0,0.0,127.78,127.78,1,1,0.9127794842488749,4
24.837313,67.290902,10.55,176,1,1,0,10,34,28,7,1,31,0,0,0.0,10.55,10.55,1,0,0.07536252589470677,1
25.043372,67.157071,5.89,50,1,1,0,14,23,27,7,0,31,0,0,0.0,5.89,5.89,1,0,0.04207443388813486,1
24.973195,67.217479,99.65,260,1,1,0,3,11,28,7,1,31,0,1,0.0,99.65,99.65,1,0,0.7118365597542682,4
25.079922,66.999125,90.83,293,1,1,0,14,13,27,7,0,31,0,0,0.0,90.83,90.83,1,0,0.6488320594328165,4
24.916106,66.95806,53.17,222,1,1,0,10,55,28,7,1,31,0,0,0.0,53.17,53.17,1,0,0.3798128437745553,2
25.045755,66.966945,63.27,357,1,1,0,17,48,27,7,0,31,0,0,0.0,63.27,63.27,1,0,0.45196085434673905,3
24.977085,67.024002,13.18,137,1,1,0,5,13,28,7,1,31,0,1,0.0,13.18,13.18,1,0,0.09414958211300807,1
25.011771,67.283375,57.95,283,1,1,0,9,52,28,7,1,31,0,0,0.0,57.95,57.95,1,0,0.41395813986713337,2
24.841806,67.051013,60.51,279,1,1,0,18,41,27,7,0,31,0,0,0.0,60.51,60.51,1,0,0.4322451603685977,3
24.870348,67.065062,104.76,330,1,1,0,16,41,27,7,0,31,0,0,0.0,104.76,104.76,1,1,0.7483391670833631,4
24.902409,67.033136,136.37,11,1,1,0,9,52,28,7,1,31,0,0,0.0,136.37,136.37,1,1,0.9741410100721479,4
25.040653,67.28778,31.53,147,1,1,0,23,13,27,7,0,31,0,1,0.0,31.53,31.53,1,0,0.22523037359811415,2
24.96595,67.197415,59.17,189,1,1,0,1,44,28,7,1,31,0,1,0.0,59.17,59.17,1,0,0.4226730480748625,2
24.754905,66.964591,23.84,47,1,1,0,17,27,27,7,0,31,0,0,0.0,23.84,23.84,1,0,0.1702978784198871,1
24.878412,67.122872,68.16,188,1,1,0,20,8,27,7,0,31,0,1,0.0,68.16,68.16,1,0,0.48689192085148936,3
24.923065,67.273528,114.86,297,1,1,0,15,59,27,7,0,31,0,0,0.0,114.86,114.86,1,1,0.8204871776555468,4
24.849473,67.232851,124.98,291,1,1,0,20,12,27,7,0,31,0,1,0.0,124.98,124.98,1,1,0.8927780555753982,4
25.056473,67.073061,14.85,0,1,1,0,5,57,28,7,1,31,0,1,0.0,14.85,14.85,1,0,0.10607900564326023,1
24.829788,67.109232,36.35,140,1,1,0,4,22,28,7,1,31,0,1,0.0,36.35,36.35,1,0,0.2596614043860276,2
24.827875,66.960038,2.53,177,1,1,0,18,35,27,7,0,31,0,0,0.0,2.53,2.53,1,0,0.01807271947996285,1
24.942702,67.178823,56.08,26,1,1,0,5,29,28,7,1,31,0,1,0.0,56.08,56.08,1,0,0.4006000428602043,2
24.762317,66.96098,87.66,100,1,1,0,9,41,28,7,1,31,0,0,0.0,87.66,87.66,1,0,0.6261875848274876,3
24.89816,67.184087,121.52,104,1,1,0,4,34,28,7,1,31,0,1,0.0,121.52,121.52,1,1,0.8680620044288877,4
25.068514,67.103169,60.76,323,1,1,0,13,37,27,7,0,31,0,0,0.0,60.76,60.76,1,0,0.43403100221444385,3
25.051478,67.251259,92.29,164,1,1,0,19,25,27,7,0,31,0,0,0.0,92.29,92.29,1,0,0.6592613758125581,4
24.883572,67.074592,29.12,150,1,1,0,6,44,28,7,1,31,0,0,0.0,29.12,29.12,1,0,0.20801485820415744,1
25.022482,66.910258,131.81,246,1,1,0,9,23,28,7,1,31,0,0,0.0,131.81,131.81,1,1,0.9415672548039146,4
24.994219,66.961279,79.09,344,1,1,0,21,2,27,7,0,31,0,1,0.0,79.09,79.09,1,0,0.5649689263518822,3
24.961579,67.15466,55.3,231,1,1,0,16,57,27,7,0,31,0,0,0.0,55.3,55.3,1,0,0.3950282163011643,2
24.881673,67.069258,34.2,271,1,1,0,14,44,27,7,0,31,0,0,0.0,34.2,34.2,1,0,0.24430316451175085,2
24.764499,67.010699,34.94,241,1,1,0,8,18,28,7,1,31,0,0,0.0,34.94,34.94,1,0,0.24958925637545537,2
24.926022,67.246312,37.73,116,1,1,0,9,37,28,7,1,31,0,0,0.0,37.73,37.73,1,0,0.2695192513750982,2
25.090171,66.915625,23.27,217,1,1,0,17,19,27,7,0,31,0,0,0.0,23.27,23.27,1,0,0.16622615901135793,1
24.768743,67.112161,90.76,85,1,1,0,9,37,28,7,1,31,0,0,0.0,90.76,90.76,1,0,0.6483320237159798,4
24.86752,66.926934,24.28,104,1,1,0,6,43,28,7,1,31,0,0,0.0,24.28,24.28,1,0,0.17344096006857632,1
24.766038,66.98,31.13,182,1,1,0,9,11,28,7,1,31,0,0,0.0,31.13,31.13,1,0,0.22237302664476033,2
24.754492,67.10028,21.66,191,1,1,0,17,27,27,7,0,31,0,0,0.0,21.66,21.66,1,0,0.15472533752410886,1
25.036139,67.090342,51.26,268,1,1,0,7,48,28,7,1,31,0,0,0.0,51.26,51.26,1,0,0.36616901207229086,2
24.946358,67.19936,88.87,16,1,1,0,5,29,28,7,1,31,0,1,0.0,88.87,88.87,1,0,0.634831059361383,3
24.835171,67.143833,24.31,113,1,1,0,13,26,27,7,0,31,0,0,0.0,24.31,24.31,1,0,0.17365526109007784,1
24.774991,67.153991,98.25,273,1,1,0,2,26,28,7,1,31,0,1,0.0,98.25,98.25,1,0,0.7018358454175297,4
24.889096,67.069686,33.82,316,1,1,0,19,37,27,7,0,31,0,0,0.0,33.82,33.82,1,0,0.2415886849060647,2
24.861071,67.215797,101.42,81,1,1,0,7,17,28,7,1,31,0,0,0.0,101.42,101.42,1,1,0.7244803200228588,4
25.073407,66.984805,51.34,13,1,1,0,1,54,28,7,1,31,0,1,0.0,51.34,51.34,1,0,0.3667404814629616,2
24.763287,66.922467,75.9,308,1,1,0,3,23,28,7,1,31,0,1,0.0,75.9,75.9,1,0,0.5421815843988856,3
24.853494,67.268432,125.73,250,1,1,0,2,19,28,7,1,31,0,1,0.0,125.73,125.73,1,1,0.8981355811129366,4
25.090645,67.170576,13.01,331,1,1,0,5,42,28,7,1,31,0,1,0.0,13.01,13.01,1,0,0.0929352096578327,1
24.971028,67.035432,68.67,159,1,1,0,12,50,27,7,0,31,0,0,0.0,68.67,68.67,1,0,0.4905350382170155,3
24.964857,66.916573,67.2,152,1,1,0,12,26,27,7,0,31,0,0,0.0,67.2,67.2,1,0,0.48003428816344024,3
24.832321,67.053775,25.36,135,1,1,0,14,39,27,7,0,31,0,0,0.0,25.36,25.36,1,0,0.1811557968426316,1
24.943401,67.047529,17.35,161,1,1,0,21,41,27,7,0,31,0,1,0.0,17.35,17.35,1,0,0.12393742410172155,1
25.054441,67.159353,22.99,75,1,1,0,18,34,27,7,0,31,0,0,0.0,22.99,22.99,1,0,0.16422601614401028,1
25.058777,66.932893,115.51,282,1,1,0,6,41,28,7,1,31,0,0,0.0,115.51,115.51,1,1,0.8251303664547468,4
24.93572,67.280425,3.6,127,1,1,0,21,56,27,7,0,31,0,1,0.0,3.6,3.6,1,0,0.025716122580184297,1
24.799001,67.115447,117.85,134,1,1,0,12,32,27,7,0,31,0,0,0.0,117.85,117.85,1,1,0.8418458461318664,4
24.864603,66.99057,116.44,262,1,1,0,9,31,28,7,1,31,0,0,0.0,116.44,116.44,1,1,0.8317736981212943,4
25.071569,67.296994,134.79,335,1,1,0,6,43,28,7,1,31,0,0,0.0,134.79,134.79,1,1,0.9628544896064003,4
24.923125,66.928241,19.36,302,1,1,0,16,13,27,7,0,31,0,0,0.0,19.36,19.36,1,0,0.13829559254232443,1
24.958411,67.052318,103.15,288,1,1,0,12,58,27,7,0,31,0,0,0.0,103.15,103.15,1,1,0.736838345596114,4
24.795374,67.258656,23.23,146,1,1,0,9,56,28,7,1,31,0,0,0.0,23.23,23.23,1,0,0.16594042431602257,1
24.998404,67.043385,89.24,34,1,1,0,7,34,28,7,1,31,0,0,0.0,89.24,89.24,1,0,0.6374741052932351,3
24.915547,66.980851,112.15,307,1,1,0,12,39,27,7,0,31,0,0,0.0,112.15,112.15,1,1,0.8011286520465748,4
24.90923,67.184084,109.64,127,1,1,0,5,27,28,7,1,31,0,1,0.0,109.64,109.64,1,1,0.7831987999142795,4
24.992131,67.151975,77.92,138,1,1,0,4,21,28,7,1,31,0,1,0.0,77.92,77.92,1,0,0.5566111865133223,3
25.033941,67.21066,63.75,53,1,1,0,5,54,28,7,1,31,0,1,0.0,63.75,63.75,1,0,0.4553896706907636,3
25.055486,67.194335,108.5,31,1,1,0,6,19,28,7,1,31,0,0,0.0,108.5,108.5,1,1,0.7750553610972212,4
25.098726,67.021382,129.67,237,1,1,0,11,11,28,7,1,31,0,0,0.0,129.67,129.67,1,1,0.9262804486034715,4
24.77276,66.951014,43.86,226,1,1,0,9,21,28,7,1,31,0,0,0.0,43.86,43.86,1,0,0.31330809343524535,2
24.932101,67.109647,132.78,222,1,1,0,6,28,28,7,1,31,0,0,0.0,132.78,132.78,1,1,0.9484963211657975,4
24.845917,66.981067,71.73,135,1,1,0,11,27,27,7,0,31,0,0,0.0,71.73,71.73,1,0,0.5123937424101721,3
24.90754,67.24115,123.22,226,1,1,0,18,36,27,7,0,31,0,0,0.0,123.22,123.22,1,1,0.8802057289806414,4
24.824668,67.252659,9.62,184,1,1,0,19,24,27,7,0,31,0,0,0.0,9.62,9.62,1,0,0.06871919422815914,1
24.857862,67.289645,119.5,36,1,1,0,23,38,27,7,0,31,0,1,0.0,119.5,119.5,1,1,0.8536324023144509,4
24.770688,67.193694,104.96,18,1,1,0,19,9,27,7,0,31,0,0,0.0,104.96,104.96,1,1,0.7497678405600399,4
24.823005,66.919686,121.45,224,1,1,0,20,49,27,7,0,31,0,1,0.0,121.45,121.45,1,1,0.8675619687120508,4
24.834384,66.936567,6.77,347,1,1,0,4,8,28,7,1,31,0,1,0.0,6.77,6.77,1,0,0.04836059718551324,1
25.083366,67.272989,113.04,147,1,1,0,15,52,27,7,0,31,0,0,0.0,113.04,113.04,1,1,0.807486249017787,4
24.76347,66.927945,50.07,206,1,1,0,11,43,27,7,0,31,0,0,0.0,50.07,50.07,1,0,0.3576684048860633,2
24.899416,67.063314,56.16,186,1,1,0,19,35,27,7,0,31,0,0,0.0,56.16,56.16,1,0,0.401171512250875,2
24.922461,67.126895,40.16,70,1,1,0,21,45,27,7,0,31,0,1,0.0,40.16,40.16,1,0,0.28687763411672257,2
24.791196,67.016652,21.93,316,1,1,0,20,53,27,7,0,31,0,1,0.0,21.93,21.93,1,0,0.15665404671762267,1
24.943257,67.051367,58.33,269,1,1,0,0,5,28,7,1,31,0,1,0.0,58.33,58.33,1,0,0.41667261947281947,2
24.974503,67.27286,85.84,313,1,1,0,14,34,27,7,0,31,0,0,0.0,85.84,85.84,1,0,0.6131866561897278,3
24.897035,66.925135,121.45,268,1,1,0,22,51,27,7,0,31,0,1,0.0,121.45,121.45,1,1,0.8675619687120508,4
24.875146,67.041678,70.53,238,1,1,0,20,2,27,7,0,31,0,1,0.0,70.53,70.53,1,0,0.5038217015501107,3
24.823987,67.229588,90.38,248,1,1,0,16,32,27,7,0,31,0,0,0.0,90.38,90.38,1,0,0.6456175441102935,4
25.073206,67.238593,65.09,206,1,1,0,18,28,27,7,0,31,0,0,0.0,65.09,65.09,1,0,0.46496178298449886,3
24.775809,67.206549,89.69,248,1,1,0,22,34,27,7,0,31,0,1,0.0,89.69,89.69,1,0,0.6406886206157583,3
24.900231,66.93648,101.64,48,1,1,0,11,18,28,7,1,31,0,0,0.0,101.64,101.64,1,1,0.7260518608472033,4
25.004474,67.006146,132.88,238,1,1,0,15,32,27,7,0,31,0,0,0.0,132.88,132.88,1,1,0.949210657904136,4
24.91817,66.96148,15.08,52,1,1,0,6,7,28,7,1,31,0,0,0.0,15.08,15.08,1,0,0.10772198014143866,1
25.055792,66.951019,75.69,131,1,1,0,22,9,27,7,0,31,0,1,0.0,75.69,75.69,1,0,0.5406814772483748,3
24.970048,66.929763,75.74,159,1,1,0,11,25,27,7,0,31,0,0,0.0,75.74,75.74,1,0,0.541038645617544,3
24.752019,67.211285,21.5,125,1,1,0,15,27,27,7,0,31,0,0,0.0,21.5,21.5,1,0,0.15358239874276733,1
24.904284,67.160253,81.64,217,1,1,0,7,54,28,7,1,31,0,0,0.0,81.64,81.64,1,0,0.5831845131795128,3
24.804353,67.269859,64.39,218,1,1,0,8,2,28,7,1,31,0,0,0.0,64.39,64.39,1,0,0.4599614258161297,3
24.87864,66.98834,89.42,68,1,1,0,17,56,27,7,0,31,0,0,0.0,89.42,89.42,1,0,0.6387599114222444,3
25.029015,66.986971,37.23,168,1,1,0,13,6,27,7,0,31,0,0,0.0,37.23,37.23,1,0,0.26594756768340594,2
24.848505,67.199107,98.16,65,1,1,0,11,21,27,7,0,31,0,0,0.0,98.16,98.16,1,0,0.7011929423530251,4
24.841746,66.905742,7.0,159,1,1,0,23,53,27,7,0,31,0,1,0.0,7.0,7.0,1,0,0.05000357168369169,1
24.986128,67.116542,115.06,59,1,1,0,22,18,27,7,0,31,0,1,0.0,115.06,115.06,1,1,0.8219158511322237,4
24.946707,67.053488,24.6,317,1,1,0,6,29,28,7,1,31,0,0,0.0,24.6,24.6,1,0,0.17572683763125937,1
24.974102,67.075589,132.4,103,1,1,0,11,26,27,7,0,31,0,0,0.0,132.4,132.4,1,1,0.9457818415601115,4
24.98092,67.286376,64.07,289,1,1,0,4,39,28,7,1,31,0,1,0.0,64.07,64.07,1,0,0.4576755482534466,3
24.80881,66.906591,50.07,153,1,1,0,5,25,28,7,1,31,0,1,0.0,50.07,50.07,1,0,0.3576684048860633,2
25.070969,66.913673,17.13,47,1,1,0,12,43,27,7,0,31,0,0,0.0,17.13,17.13,1,0,0.12236588327737694,1
24.839238,67.049863,116.54,256,1,1,0,19,26,27,7,0,31,0,0,0.0,116.54,116.54,1,1,0.8324880348596329,4
25.026949,67.010484,62.93,73,1,1,0,22,6,27,7,0,31,0,1,0.0,62.93,62.93,1,0,0.44953210943638827,3
24.984936,67.062041,127.93,43,1,1,0,0,15,28,7,1,31,0,1,0.0,127.93,127.93,1,1,0.9138509893563825,4
24.852454,67.092989,2.04,301,1,1,0,4,2,28,7,1,31,0,1,0.0,2.04,2.04,1,0,0.014572469462104436,1
25.068704,67.059362,39.19,318,1,1,0,8,29,28,7,1,31,0,0,0.0,39.19,39.19,1,0,0.2799485677548396,2
25.057049,66.9779,47.07,188,1,1,0,13,3,27,7,0,31,0,0,0.0,47.07,47.07,1,0,0.3362383027359097,2
24.861683,67.203518,34.78,346,1,1,0,22,43,27,7,0,31,0,1,0.0,34.78,34.78,1,0,0.24844631759411387,2
24.848841,67.059255,1.19,99,1,1,0,23,54,27,7,0,31,0,1,0.0,1.19,1.19,1,0,0.008500607186227587,1
24.77357,67.1777,88.83,288,1,1,0,10,1,28,7,1,31,0,0,0.0,88.83,88.83,1,0,0.6345453246660475,3
24.88351,66.958404,116.99,270,1,1,0,4,18,28,7,1,31,0,1,0.0,116.99,116.99,1,1,0.8357025501821558,4
25.043828,67.135824,68.29,286,1,1,0,13,19,27,7,0,31,0,0,0.0,68.29,68.29,1,0,0.4878205586113294,3
24.970867,67.15434,24.79,288,1,1,0,19,30,27,7,0,31,0,0,0.0,24.79,24.79,1,0,0.17708407743410243,1
24.997107,67.111719,25.42,293,1,1,0,4,42,28,7,1,31,0,1,0.0,25.42,25.42,1,0,0.18158439888563468,1
25.050167,67.022362,25.86,39,1,1,0,23,8,27,7,0,31,0,1,0.0,25.86,25.86,1,0,0.18472748053432386,1
24.897603,66.991273,21.23,219,1,1,0,20,18,27,7,0,31,0,1,0.0,21.23,21.23,1,0,0.1516536895492535,1
24.905291,67.265458,127.71,307,1,1,0,4,59,28,7,1,31,0,1,0.0,127.71,127.71,1,1,0.9122794485320379,4
24.902418,67.017689,55.92,346,1,1,0,1,28,28,7,1,31,0,1,0.0,55.92,55.92,1,0,0.39945710407886276,2
24.791134,66.966952,133.36,117,1,1,0,13,25,27,7,0,31,0,0,0.0,133.36,133.36,1,1,0.9526394742481606,4
25.03404,66.943478,59.97,224,1,1,0,11,27,27,7,0,31,0,0,0.0,59.97,59.97,1,0,0.4283877419815701,2
24.785041,67.211564,13.96,198,1,1,0,7,54,28,7,1,31,0,0,0.0,13.96,13.96,1,0,0.099721408672048,1
25.071957,67.208938,138.74,13,1,1,0,6,21,28,7,1,31,0,0,0.0,138.74,138.74,1,1,0.9910707907707693,4
24.765356,66.973071,126.76,174,1,1,0,14,6,27,7,0,31,0,0,0.0,126.76,126.76,1,1,0.9054932495178227,4
24.976885,66.97765,118.75,350,1,1,0,5,17,28,7,1,31,0,1,0.0,118.75,118.75,1,1,0.8482748767769126,4
24.933664,67.198976,27.38,23,1,1,0,5,18,28,7,1,31,0,1,0.0,27.38,27.38,1,0,0.19558539895706833,1
24.853332,67.16477,25.01,336,1,1,0,6,9,28,7,1,31,0,0,0.0,25.01,25.01,1,0,0.17865561825844703,1
24.812026,67.172613,122.73,163,1,1,0,20,28,27,7,0,31,0,1,0.0,122.73,122.73,1,1,0.8767054789627831,4
24.896362,66.921907,68.1,209,1,1,0,15,42,27,7,0,31,0,0,0.0,68.1,68.1,1,0,0.48646331880848626,3
25.082632,67.112199,84.54,203,1,1,0,10,15,28,7,1,31,0,0,0.0,84.54,84.54,1,0,0.603900278591328,3
24.899778,66.971171,93.63,0,1,1,0,7,34,28,7,1,31,0,0,0.0,93.63,93.63,1,0,0.6688334881062933,4
25.039865,67.07034,57.97,171,1,1,0,7,13,28,7,1,31,0,0,0.0,57.97,57.97,1,0,0.41410100721480103,2
25.058109,66.908537,76.98,145,1,1,0,20,40,27,7,0,31,0,1,0.0,76.98,76.98,1,0,0.5498964211729409,3
25.01339,67.274484,91.2,331,1,1,0,23,36,27,7,0,31,0,1,0.0,91.2,91.2,1,0,0.6514751053646689,4
24.782294,67.190516,41.6,283,1,1,0,1,35,28,7,1,31,0,1,0.0,41.6,41.6,1,0,0.29716408314879633,2
24.994799,67.131215,4.49,85,1,1,0,12,28,27,7,0,31,0,0,0.0,4.49,4.49,1,0,0.032073719551396526,1
24.97265,67.268405,44.51,315,1,1,0,13,58,27,7,0,31,0,0,0.0,44.51,44.51,1,0,0.3179512822344453,2
24.77498,67.206435,107.23,160,1,1,0,4,27,28,7,1,31,0,1,0.0,107.23,107.23,1,1,0.7659832845203228,4
24.863798,67.010754,47.08,335,1,1,0,11,37,27,7,0,31,0,0,0.0,47.08,47.08,1,0,0.33630973640974354,2
25.049361,67.246593,108.23,194,1,1,0,1,13,28,7,1,31,0,1,0.0,108.23,108.23,1,1,0.7731266519037074,4
24.886521,67.061175,74.51,338,1,1,0,14,33,27,7,0,31,0,0,0.0,74.51,74.51,1,0,0.5322523037359811,3
24.755837,67.031708,86.16,131,1,1,0,16,22,27,7,0,31,0,0,0.0,86.16,86.16,1,0,0.6154725337524108,3
24.834497,67.166304,117.05,359,1,1,0,17,44,27,7,0,31,0,0,0.0,117.05,117.05,1,1,0.8361311522251589,4
24.9255,66.936162,121.95,334,1,1,0,22,6,27,7,0,31,0,1,0.0,121.95,121.95,1,1,0.8711336524037431,4
25.08582,67.174099,73.52,204,1,1,0,8,27,28,7,1,31,0,0,0.0,73.52,73.52,1,0,0.5251803700264304,3
24.840195,67.019991,72.68,197,1,1,0,22,35,27,7,0,31,0,1,0.0,72.68,72.68,1,0,0.5191799414243875,3
24.978201,67.239193,108.17,245,1,1,0,23,10,27,7,0,31,0,1,0.0,108.17,108.17,1,1,0.7726980498607043,4
25.082076,67.279479,17.83,200,1,1,0,14,41,27,7,0,31,0,0,0.0,17.83,17.83,1,0,0.1273662404457461,1
24.871292,67.053431,35.62,347,1,1,0,12,56,27,7,0,31,0,0,0.0,35.62,35.62,1,0,0.2544467461961568,2
25.081268,67.117329,14.73,350,1,1,0,9,41,28,7,1,31,0,0,0.0,14.73,14.73,1,0,0.10522180155725408,1
24.812105,66.957838,82.64,18,1,1,0,8,25,28,7,1,31,0,0,0.0,82.64,82.64,1,0,0.5903278805628973,3
24.830831,67.026072,127.97,302,1,1,0,3,14,28,7,1,31,0,1,0.0,127.97,127.97,1,1,0.9141367240517179,4
25.068438,67.070368,38.63,309,1,1,0,1,4,28,7,1,31,0,1,0.0,38.63,38.63,1,0,0.2759482820201443,2
24.876953,67.016487,30.94,81,1,1,0,14,41,27,7,0,31,0,0,0.0,30.94,30.94,1,0,0.22101578684191728,2
25.014715,67.268773,119.71,254,1,1,0,23,20,27,7,0,31,0,1,0.0,119.71,119.71,1,1,0.8551325094649617,4
24.989422,66.917236,23.25,204,1,1,0,18,12,27,7,0,31,0,0,0.0,23.25,23.25,1,0,0.16608329166369026,1
24.91563,66.913534,131.24,80,1,1,0,21,7,27,7,0,31,0,1,0.0,131.24,131.24,1,1,0.9374955353953854,4
24.809753,67.239241,31.2,118,1,1,0,15,53,27,7,0,31,0,0,0.0,31.2,31.2,1,0,0.22287306236159724,2
24.769198,67.17281,99.62,239,1,1,0,4,54,28,7,1,31,0,1,0.0,99.62,99.62,1,0,0.7116222587327666,4
24.79275,67.092492,104.26,152,1,1,0,4,7,28,7,1,31,0,1,0.0,104.26,104.26,1,1,0.7447674833916709,4
25.007175,66.951032,94.24,324,1,1,0,3,47,28,7,1,31,0,1,0.0,94.24,94.24,1,0,0.6731909422101577,4
24.980379,67.086564,41.65,204,1,1,0,6,0,28,7,1,31,0,0,0.0,41.65,41.65,1,0,0.29752125151796555,2
24.876247,67.015414,136.93,88,1,1,0,19,46,27,7,0,31,0,0,0.0,136.93,136.93,1,1,0.9781412958068433,4
24.829732,66.932632,97.05,253,1,1,0,21,25,27,7,0,31,0,1,0.0,97.05,97.05,1,0,0.6932638045574683,4
24.826748,67.286091,114.23,90,1,1,0,2,1,28,7,1,31,0,1,0.0,114.23,114.23,1,1,0.8159868562040146,4
24.766379,66.968956,132.44,334,1,1,0,10,36,28,7,1,31,0,0,0.0,132.44,132.44,1,1,0.9460675762554467,4
24.951881,67.038999,83.62,266,1,1,0,15,52,27,7,0,31,0,0,0.0,83.62,83.62,1,0,0.5973283805986142,3
24.861801,67.14301,66.88,60,1,1,0,6,55,28,7,1,31,0,0,0.0,66.88,66.88,1,0,0.4777484106007571,3
25.069584,66.935416,129.51,335,1,1,0,2,44,28,7,1,31,0,1,0.0,129.51,129.51,1,1,0.92513750982213,4
25.037405,67.104447,130.87,215,1,1,0,4,5,28,7,1,31,0,1,0.0,130.87,130.87,1,1,0.934852489463533,4
25.07471,66.987034,54.38,186,1,1,0,9,39,28,7,1,31,0,0,0.0,54.38,54.38,1,0,0.3884563183084506,2
25.049014,67.011852,98.1,92,1,1,0,14,32,27,7,0,31,0,0,0.0,98.1,98.1,1,0,0.7007643403100221,4
24.967755,66.906823,93.61,323,1,1,0,4,33,28,7,1,31,0,1,0.0,93.61,93.61,1,0,0.6686906207586256,4
24.83794,67.138797,84.15,302,1,1,0,22,54,27,7,0,31,0,1,0.0,84.15,84.15,1,0,0.601114365311808,3
24.901531,67.262337,39.11,235,1,1,0,1,53,28,7,1,31,0,1,0.0,39.11,39.11,1,0,0.27937709836416885,2
25.02264,67.267258,113.96,165,1,1,0,13,54,27,7,0,31,0,0,0.0,113.96,113.96,1,1,0.8140581470105006,4
24.766741,67.088869,80.5,254,1,1,0,2,30,28,7,1,31,0,1,0.0,80.5,80.5,1,0,0.5750410743624544,3
25.070185,67.141281,92.02,280,1,1,0,2,19,28,7,1,31,0,1,0.0,92.02,92.02,1,0,0.6573326666190441,4
25.096647,67.016088,47.16,100,1,1,0,11,20,28,7,1,31,0,0,0.0,47.16,47.16,1,0,0.33688120580041425,2
25.076795,67.218162,44.39,140,1,1,0,0,52,28,7,1,31,0,1,0.0,44.39,44.39,1,0,0.31709407814843915,2
24.873089,67.153807,54.93,93,1,1,0,21,11,27,7,0,31,0,1,0.0,54.93,54.93,1,0,0.3923851703693121,2
24.90526,66.976546,29.64,261,1,1,0,1,28,28,7,1,31,0,1,0.0,29.64,29.64,1,0,0.21172940924351738,1
24.904282,67.299672,38.56,265,1,1,0,14,7,27,7,0,31,0,0,0.0,38.56,38.56,1,0,0.2754482463033074,2
25.0772,67.119418,65.41,69,1,1,0,15,43,27,7,0,31,0,0,0.0,65.41,65.41,1,0,0.46724766054718186,3
24.828122,67.082589,11.76,325,1,1,0,5,29,28,7,1,31,0,1,0.0,11.76,11.76,1,0,0.08400600042860204,1
25.027881,66.921296,31.84,291,1,1,0,6,23,28,7,1,31,0,0,0.0,31.84,31.84,1,0,0.22744481748696335,2
24.930473,66.97735,101.11,235,1,1,0,9,53,28,7,1,31,0,0,0.0,101.11,101.11,1,1,0.7222658761340095,4
24.919467,67.157839,111.21,222,1,1,0,0,29,28,7,1,31,0,1,0.0,111.21,111.21,1,1,0.7944138867061932,4
24.906739,67.080056,69.5,158,1,1,0,8,6,28,7,1,31,0,0,0.0,69.5,69.5,1,0,0.49646403314522464,3
24.948681,66.912659,106.07,80,1,1,0,13,11,27,7,0,31,0,0,0.0,106.07,106.07,1,1,0.7576969783555967,4
24.918759,67.116267,125.5,124,1,1,0,3,38,28,7,1,31,0,1,0.0,125.5,125.5,1,1,0.8964926066147582,4
24.881608,67.085415,117.14,182,1,1,0,21,25,27,7,0,31,0,1,0.0,117.14,117.14,1,1,0.8367740552896635,4
24.990258,66.960691,68.84,288,1,1,0,0,17,28,7,1,31,0,1,0.0,68.84,68.84,1,0,0.49174941067219086,3
24.916218,67.049127,124.06,146,1,1,0,14,35,27,7,0,31,0,0,0.0,124.06,124.06,1,1,0.8862061575826844,4
24.926402,66.983807,135.88,34,1,1,0,14,7,27,7,0,31,0,0,0.0,135.88,135.88,1,1,0.9706407600542895,4
25.074622,67.26983,22.59,92,1,1,0,17,42,27,7,0,31,0,0,0.0,22.59,22.59,1,0,0.16136866919065646,1
24.83732,67.131896,131.14,263,1,1,0,3,43,28,7,1,31,0,1,0.0,131.14,131.14,1,1,0.9367811986570468,4
24.794704,66.973934,0.47,46,1,1,0,8,52,28,7,1,31,0,0,0.0,0.47,0.47,1,0,0.0033573826701907275,1
24.828165,67.248573,91.62,215,1,1,0,23,17,27,7,0,31,0,1,0.0,91.62,91.62,1,0,0.6544753196656904,4
24.981474,67.142989,92.79,232,1,1,0,9,40,28,7,1,31,0,0,0.0,92.79,92.79,1,0,0.6628330595042503,4
24.852492,66.926383,19.17,12,1,1,0,10,58,28,7,1,31,0,0,0.0,19.17,19.17,1,0,0.1369383527394814,1
25.040198,67.172407,28.57,36,1,1,0,11,58,27,7,0,31,0,0,0.0,28.57,28.57,1,0,0.20408600614329594,1
24.793633,66.932978,94.26,78,1,1,0,11,20,28,7,1,31,0,0,0.0,94.26,94.26,1,0,0.6733338095578255,4
24.92736,67.026746,61.09,320,1,1,0,13,9,27,7,0,31,0,0,0.0,61.09,61.09,1,0,0.4363883134509608,3
24.840086,66.905536,38.96,243,1,1,0,3,14,28,7,1,31,0,1,0.0,38.96,38.96,1,0,0.27830559325666115,2
24.947512,67.160469,26.25,186,1,1,0,13,49,27,7,0,31,0,0,0.0,26.25,26.25,1,0,0.18751339381384383,1
24.810616,66.995595,0.36,272,1,1,0,7,14,28,7,1,31,0,0,0.0,0.36,0.36,1,0,0.0025716122580184296,1
24.903952,67.017952,88.75,355,1,1,0,6,40,28,7,1,31,0,0,0.0,88.75,88.75,1,0,0.6339738552753768,3
24.953122,66.9278,97.17,73,1,1,0,17,21,27,7,0,31,0,0,0.0,97.17,97.17,1,0,0.6941210086434745,4
25.077395,67.256998,72.17,249,1,1,0,9,15,28,7,1,31,0,0,0.0,72.17,72.17,1,0,0.5155368240588614,3
24.963524,66.998785,14.44,28,1,1,0,20,33,27,7,0,31,0,1,0.0,14.44,14.44,1,0,0.10315022501607257,1
24.8797,67.102384,48.61,174,1,1,0,10,53,28,7,1,31,0,0,0.0,48.61,48.61,1,0,0.34723908850632185,2
24.799533,67.129332,97.2,158,1,1,0,5,53,28,7,1,31,0,1,0.0,97.2,97.2,1,0,0.694335309664976,4
24.773531,67.250268,9.39,272,1,1,0,21,12,27,7,0,31,0,1,0.0,9.39,9.39,1,0,0.06707621972998071,1
25.054449,67.105966,63.27,338,1,1,0,4,30,28,7,1,31,0,1,0.0,63.27,63.27,1,0,0.45196085434673905,3
24.859869,67.194727,118.03,283,1,1,0,12,19,27,7,0,31,0,0,0.0,118.03,118.03,1,1,0.8431316522608757,4
24.845305,67.25056,47.45,248,1,1,0,21,14,27,7,0,31,0,1,0.0,47.45,47.45,1,0,0.3389527823415958,2
24.866704,67.021131,74.94,28,1,1,0,12,19,27,7,0,31,0,0,0.0,74.94,74.94,1,0,0.5353239517108365,3
24.795433,67.276916,27.48,115,1,1,0,8,21,28,7,1,31,0,0,0.0,27.48,27.48,1,0,0.19629973569540682,1
24.847241,67.019256,98.68,286,1,1,0,16,6,27,7,0,31,0,0,0.0,98.68,98.68,1,0,0.7049074933923851,4
24.817301,66.927822,123.96,338,1,1,0,3,3,28,7,1,31,0,1,0.0,123.96,123.96,1,1,0.885491820844346,4
25.010193,67.121664,23.12,252,1,1,0,10,57,28,7,1,31,0,0,0.0,23.12,23.12,1,0,0.16515465390385028,1
24.922016,67.27354,44.86,174,1,1,0,19,26,27,7,0,31,0,0,0.0,44.86,44.86,1,0,0.32045146081862985,2
24.929132,67.062276,84.47,94,1,1,0,7,14,28,7,1,31,0,0,0.0,84.47,84.47,1,0,0.603400242874491,3
24.84444,67.015259,68.14,58,1,1,0,5,34,28,7,1,31,0,1,0.0,68.14,68.14,1,0,0.4867490535038217,3
25.062811,67.087202,126.13,69,1,1,0,0,25,28,7,1,31,0,1,0.0,126.13,126.13,1,1,0.9009929280662904,4
24.793942,66.904641,40.39,331,1,1,0,10,46,28,7,1,31,0,0,0.0,40.39,40.39,1,0,0.28852060861490103,2
24.809396,66.978151,38.2,315,1,1,0,7,30,28,7,1,31,0,0,0.0,38.2,38.2,1,0,0.27287663404528895,2
24.758024,67.223425,82.61,176,1,1,0,12,0,27,7,0,31,0,0,0.0,82.61,82.61,1,0,0.5901135795413958,3
24.88383,66.971826,112.63,119,1,1,0,1,40,28,7,1,31,0,1,0.0,112.63,112.63,1,1,0.8045574683905993,4
25.029731,67.015225,134.32,358,1,1,0,2,41,28,7,1,31,0,1,0.0,134.32,134.32,1,1,0.9594971069362096,4
24.798955,67.271499,45.19,153,1,1,0,3,6,28,7,1,31,0,1,0.0,45.19,45.19,1,0,0.32280877205514674,2
24.943953,67.056181,71.03,240,1,1,0,9,46,28,7,1,31,0,0,0.0,71.03,71.03,1,0,0.507393385241803,3
24.792261,66.956495,83.03,212,1,1,0,5,14,28,7,1,31,0,1,0.0,83.03,83.03,1,0,0.5931137938424172,3
25.030275,66.914237,18.42,248,1,1,0,16,32,27,7,0,31,0,0,0.0,18.42,18.42,1,0,0.131580827201943,1
24.924408,66.995247,39.69,359,1,1,0,3,14,28,7,1,31,0,1,0.0,39.69,39.69,1,0,0.28352025144653187,2
25.055338,67.01864,20.01,65,1,1,0,6,33,28,7,1,31,0,0,0.0,20.01,20.01,1,0,0.1429387813415244,1
24.798253,67.242,26.69,278,1,1,0,1,50,28,7,1,31,0,1,0.0,26.69,26.69,1,0,0.19065647546253303,1
24.976956,66.922463,106.9,42,1,1,0,20,37,27,7,0,31,0,1,0.0,106.9,106.9,1,1,0.763625973283806,4
24.98426,67.11654,47.22,173,1,1,0,13,55,27,7,0,31,0,0,0.0,47.22,47.22,1,0,0.33730980784341735,2
24.899186,67.218248,74.89,132,1,1,0,23,8,27,7,0,31,0,1,0.0,74.89,74.89,1,0,0.5349667833416673,3
25.096998,66.938123,69.53,256,1,1,0,20,31,27,7,0,31,0,1,0.0,69.53,69.53,1,0,0.4966783341667262,3
25.090431,67.028256,116.14,223,1,1,0,17,57,27,7,0,31,0,0,0.0,116.14,116.14,1,1,0.8296306879062789,4
24.803255,66.972418,119.78,231,1,1,0,19,45,27,7,0,31,0,0,0.0,119.78,119.78,1,1,0.8556325451817987,4
25.029934,67.165801,121.29,209,1,1,0,21,15,27,7,0,31,0,1,0.0,121.29,121.29,1,1,0.8664190299307093,4
25.00654,67.251154,117.62,236,1,1,0,19,8,27,7,0,31,0,0,0.0,117.62,117.62,1,1,0.8402028716336881,4
24.92798,67.112466,34.51,136,1,1,0,5,43,28,7,1,31,0,1,0.0,34.51,34.51,1,0,0.24651760840060002,2
24.965265,67.114662,7.56,320,1,1,0,3,1,28,7,1,31,0,1,0.0,7.56,7.56,1,0,0.05400385741838702,1
24.938384,67.201203,17.75,322,1,1,0,9,49,28,7,1,31,0,0,0.0,17.75,17.75,1,0,0.12679477105507536,1
24.81559,67.085874,75.64,348,1,1,0,0,12,28,7,1,31,0,1,0.0,75.64,75.64,1,0,0.5403243088792056,3
24.990746,67.017722,123.08,35,1,1,0,5,24,28,7,1,31,0,1,0.0,123.08,123.08,1,1,0.8792056575469676,4
25.07184,67.144411,138.86,143,1,1,0,11,10,28,7,1,31,0,0,0.0,138.86,138.86,1,1,0.9919279948567755,4
24.854314,67.290793,77.93,118,1,1,0,21,11,27,7,0,31,0,1,0.0,77.93,77.93,1,0,0.5566826201871562,3
24.755509,66.968447,60.52,314,1,1,0,14,28,27,7,0,31,0,0,0.0,60.52,60.52,1,0,0.4323165940424316,3
24.96983,67.158245,122.05,274,1,1,0,9,38,28,7,1,31,0,0,0.0,122.05,122.05,1,1,0.8718479891420815,4
24.840895,67.119425,45.56,121,1,1,0,1,32,28,7,1,31,0,1,0.0,45.56,45.56,1,0,0.32545181798699907,2
25.050413,67.028934,35.12,170,1,1,0,6,13,28,7,1,31,0,0,0.0,35.12,35.12,1,0,0.25087506250446456,2
25.015367,67.269321,125.56,62,1,1,0,15,18,27,7,0,31,0,0,0.0,125.56,125.56,1,1,0.8969212086577613,4
24.811568,67.198589,23.51,191,1,1,0,1,34,28,7,1,31,0,1,0.0,23.51,23.51,1,0,0.16794056718337025,1
25.019253,67.056776,19.35,29,1,1,0,16,34,27,7,0,31,0,0,0.0,19.35,19.35,1,0,0.1382241588684906,1
24.991676,66.960499,11.32,124,1,1,0,15,41,27,7,0,31,0,0,0.0,11.32,11.32,1,0,0.08086291877991285,1
25.003463,67.236202,93.64,65,1,1,0,12,41,27,7,0,31,0,0,0.0,93.64,93.64,1,0,0.6689049217801271,4
24.799711,67.03926,18.3,279,1,1,0,1,59,28,7,1,31,0,1,0.0,18.3,18.3,1,0,0.13072362311593685,1
24.754927,67.028885,27.92,271,1,1,0,4,24,28,7,1,31,0,1,0.0,27.92,27.92,1,0,0.199442817344096,1
24.771536,67.175303,65.2,19,1,1,0,0,48,28,7,1,31,0,1,0.0,65.2,65.2,1,0,0.4657475533966712,3
25.01832,67.293825,125.07,251,1,1,0,14,41,27,7,0,31,0,0,0.0,125.07,125.07,1,1,0.8934209586399028,4
24.87575,66.96129,89.27,311,1,1,0,15,34,27,7,0,31,0,0,0.0,89.27,89.27,1,0,0.6376884063147367,3
25.089295,67.130891,52.92,188,1,1,0,12,11,27,7,0,31,0,0,0.0,52.92,52.92,1,0,0.3780270019287092,2
24.987729,67.199215,0.78,312,1,1,0,20,50,27,7,0,31,0,1,0.0,0.78,0.78,1,0,0.005571826559039931,1
24.857525,67.274735,31.28,9,1,1,0,17,26,27,7,0,31,0,0,0.0,31.28,31.28,1,0,0.223444531752268,2
24.920333,67.164984,112.27,329,1,1,0,9,19,28,7,1,31,0,0,0.0,112.27,112.27,1,1,0.8019858561325808,4
24.981463,67.046484,31.9,87,1,1,0,14,21,27,7,0,31,0,0,0.0,31.9,31.9,1,0,0.2278734195299664,2
24.841627,67.069063,62.68,217,1,1,0,12,15,27,7,0,31,0,0,0.0,62.68,62.68,1,0,0.44774626759054215,3
24.88935,66.917294,57.93,113,1,1,0,4,1,28,7,1,31,0,1,0.0,57.93,57.93,1,0,0.41381527251946565,2
24.992215,67.133738,37.85,179,1,1,0,7,16,28,7,1,31,0,0,0.0,37.85,37.85,1,0,0.27037645546110434,2
24.774268,66.904847,38.03,332,1,1,0,2,22,28,7,1,31,0,1,0.0,38.03,38.03,1,0,0.2716622615901136,2
24.963617,67.291374,122.68,5,1,1,0,8,52,28,7,1,31,0,0,0.0,122.68,122.68,1,1,0.8763483105936138,4
24.869187,66.985787,103.29,157,1,1,0,1,35,28,7,1,31,0,1,0.0,103.29,103.29,1,1,0.7378384170297878,4
24.873808,67.073584,117.51,183,1,1,0,4,7,28,7,1,31,0,1,0.0,117.51,117.51,1,1,0.8394171012215158,4
25.051035,66.906185,72.56,1,1,1,0,21,39,27,7,0,31,0,1,0.0,72.56,72.56,1,0,0.5183227373383813,3
24.820676,67.164837,107.46,251,1,1,0,16,58,27,7,0,31,0,0,0.0,107.46,107.46,1,1,0.7676262590185012,4
24.837464,67.185975,123.5,330,1,1,0,21,9,27,7,0,31,0,1,0.0,123.5,123.5,1,1,0.882205871847989,4
24.805232,67.050808,36.01,30,1,1,0,9,39,28,7,1,31,0,0,0.0,36.01,36.01,1,0,0.2572326594756768,2
24.962284,67.088565,132.62,246,1,1,0,5,8,28,7,1,31,0,1,0.0,132.62,132.62,1,1,0.947353382384456,4
25.075346,67.271666,56.54,90,1,1,0,13,42,27,7,0,31,0,0,0.0,56.54,56.54,1,0,0.40388599185656116,2
25.001643,67.118541,115.17,217,1,1,0,7,37,28,7,1,31,0,0,0.0,115.17,115.17,1,1,0.822701621544396,4
24.985937,67.166361,34.29,310,1,1,0,1,52,28,7,1,31,0,1,0.0,34.29,34.29,1,0,0.24494606757625542,2
25.017928,67.184553,23.35,240,1,1,0,7,40,28,7,1,31,0,0,0.0,23.35,23.35,1,0,0.16679762840202872,1
24.94429,67.122725,87.8,20,1,1,0,23,40,27,7,0,31,0,1,0.0,87.8,87.8,1,0,0.6271876562611615,3
25.022494,67.042356,14.26,104,1,1,0,10,43,28,7,1,31,0,0,0.0,14.26,14.26,1,0,0.10186441888706335,1
24.804432,66.999571,56.74,115,1,1,0,2,48,28,7,1,31,0,1,0.0,56.74,56.74,1,0,0.40531466533323807,2
24.965524,67.145099,8.52,281,1,1,0,23,31,27,7,0,31,0,1,0.0,8.52,8.52,1,0,0.06086149010643617,1
24.812845,67.052959,26.44,178,1,1,0,13,23,27,7,0,31,0,0,0.0,26.44,26.44,1,0,0.1888706336166869,1
24.834266,67.234523,122.59,336,1,1,0,15,45,27,7,0,31,0,0,0.0,122.59,122.59,1,1,0.8757054075291092,4
24.928859,67.176389,42.73,73,1,1,0,20,59,27,7,0,31,0,1,0.0,42.73,42.73,1,0,0.3052360882920208,2
25.076052,66.929554,62.18,54,1,1,0,14,27,27,7,0,31,0,0,0.0,62.18,62.18,1,0,0.4441745838988499,3
25.050883,67.182563,20.13,173,1,1,0,3,46,28,7,1,31,0,1,0.0,20.13,20.13,1,0,0.14379598542753053,1
24.993597,66.94428,116.27,158,1,1,0,4,40,28,7,1,31,0,1,0.0,116.27,116.27,1,1,0.8305593256661189,4
24.994759,66.964718,104.69,109,1,1,0,16,50,27,7,0,31,0,0,0.0,104.69,104.69,1,1,0.7478391313665261,4
24.86956,67.246275,16.73,38,1,1,0,11,51,27,7,0,31,0,0,0.0,16.73,16.73,1,0,0.11950853632402314,1
24.908398,67.121319,17.68,42,1,1,0,16,58,27,7,0,31,0,0,0.0,17.68,17.68,1,0,0.12629473533823843,1
24.899126,67.011714,20.44,353,1,1,0,3,56,28,7,1,31,0,1,0.0,20.44,20.44,1,0,0.14601042931637975,1
24.9883,66.93353,125.45,28,1,1,0,22,36,27,7,0,31,0,1,0.0,125.45,125.45,1,1,0.8961354382455889,4
24.838563,67.150108,6.15,292,1,1,0,10,14,28,7,1,31,0,0,0.0,6.15,6.15,1,0,0.043931709407814844,1
24.922429,67.188525,122.05,244,1,1,0,11,18,28,7,1,31,0,0,0.0,122.05,122.05,1,1,0.8718479891420815,4
24.884542,67.15523,115.07,321,1,1,0,3,13,28,7,1,31,0,1,0.0,115.07,115.07,1,1,0.8219872848060574,4
24.991589,67.052739,57.49,119,1,1,0,16,41,27,7,0,31,0,0,0.0,57.49,57.49,1,0,0.4106721908707765,2
24.769525,67.156123,94.47,198,1,1,0,5,16,28,7,1,31,0,1,0.0,94.47,94.47,1,0,0.6748339167083363,4
24.920257,67.103868,131.76,246,1,1,0,13,5,27,7,0,31,0,0,0.0,131.76,131.76,1,1,0.9412100864347452,4
24.908765,66.95179,90.61,86,1,1,0,21,19,27,7,0,31,0,1,0.0,90.61,90.61,1,0,0.647260518608472,4
25.021336,67.199951,48.93,176,1,1,0,17,39,27,7,0,31,0,0,0.0,48.93,48.93,1,0,0.3495249660690049,2
24.914182,67.239805,75.75,276,1,1,0,16,50,27,7,0,31,0,0,0.0,75.75,75.75,1,0,0.5411100792913779,3
24.867095,66.91681,13.05,71,1,1,0,2,36,28,7,1,31,0,1,0.0,13.05,13.05,1,0,0.09322094435316808,1
24.841271,66.931296,77.48,123,1,1,0,1,23,28,7,1,31,0,1,0.0,77.48,77.48,1,0,0.5534681048646332,3
25.035056,67.132082,96.78,343,1,1,0,2,17,28,7,1,31,0,1,0.0,96.78,96.78,1,0,0.6913350953639545,4
24.961474,67.100735,68.16,71,1,1,0,19,20,27,7,0,31,0,0,0.0,68.16,68.16,1,0,0.48689192085148936,3
25.09301,67.279162,139.74,38,1,1,0,12,8,27,7,0,31,0,0,0.0,139.74,139.74,1,1,0.9982141581541538,4
24.753163,67.114988,57.55,346,1,1,0,8,13,28,7,1,31,0,0,0.0,57.55,57.55,1,0,0.4111007929137795,2
24.974766,67.214846,32.09,117,1,1,0,1,15,28,7,1,31,0,1,0.0,32.09,32.09,1,0,0.2292306593328095,2
24.888826,67.021076,34.3,305,1,1,0,5,4,28,7,1,31,0,1,0.0,34.3,34.3,1,0,0.24501750125008925,2
25.091607,67.078388,27.03,116,1,1,0,8,45,28,7,1,31,0,0,0.0,27.03,27.03,1,0,0.19308522037288378,1
24.813283,67.110956,109.55,16,1,1,0,22,52,27,7,0,31,0,1,0.0,109.55,109.55,1,1,0.7825558968497749,4
24.753047,66.963902,35.88,65,1,1,0,23,28,27,7,0,31,0,1,0.0,35.88,35.88,1,0,0.2563040217158368,2
24.891456,67.082763,12.34,227,1,1,0,15,45,27,7,0,31,0,0,0.0,12.34,12.34,1,0,0.08814915351096506,1
25.063297,67.099565,121.45,232,1,1,0,23,55,27,7,0,31,0,1,0.0,121.45,121.45,1,1,0.8675619687120508,4
24.830992,66.931782,11.31,62,1,1,0,10,46,28,7,1,31,0,0,0.0,11.31,11.31,1,0,0.080791485106079,1
24.772475,67.105357,104.51,256,1,1,0,16,11,27,7,0,31,0,0,0.0,104.51,104.51,1,1,0.7465533252375169,4
24.826458,66.988269,95.47,56,1,1,0,10,9,28,7,1,31,0,0,0.0,95.47,95.47,1,0,0.6819772840917208,4
25.095161,66.94282,11.85,304,1,1,0,7,48,28,7,1,31,0,0,0.0,11.85,11.85,1,0,0.08464890349310664,1
25.03595,67.173183,113.01,39,1,1,0,10,4,28,7,1,31,0,0,0.0,113.01,113.01,1,1,0.8072719479962854,4
24.821736,67.064944,32.38,37,1,1,0,7,36,28,7,1,31,0,0,0.0,32.38,32.38,1,0,0.231302235873991,2
24.769238,66.992061,100.04,22,1,1,0,23,32,27,7,0,31,0,1,0.0,100.04,100.04,1,1,0.7146224730337881,4
25.057286,67.212105,95.22,327,1,1,0,13,57,27,7,0,31,0,0,0.0,95.22,95.22,1,0,0.6801914422458747,4
24.977102,67.264325,78.91,292,1,1,0,11,52,27,7,0,31,0,0,0.0,78.91,78.91,1,0,0.563683120222873,3
25.038933,66.966819,105.77,325,1,1,0,15,45,27,7,0,31,0,0,0.0,105.77,105.77,1,1,0.7555539681405814,4
25.037777,66.950314,75.29,300,1,1,0,5,54,28,7,1,31,0,1,0.0,75.29,75.29,1,0,0.5378241302950211,3
24.891239,67.28208,118.57,134,1,1,0,20,21,27,7,0,31,0,1,0.0,118.57,118.57,1,1,0.8469890706479033,4
24.806688,67.273895,72.53,115,1,1,0,22,45,27,7,0,31,0,1,0.0,72.53,72.53,1,0,0.5181084363168798,3
25.089279,66.907949,38.69,183,1,1,0,15,55,27,7,0,31,0,0,0.0,38.69,38.69,1,0,0.2763768840631473,2
24.854566,67.098042,111.02,196,1,1,0,9,2,28,7,1,31,0,0,0.0,111.02,111.02,1,1,0.7930566469033502,4
25.005805,67.098273,4.2,271,1,1,0,22,22,27,7,0,31,0,1,0.0,4.2,4.2,1,0,0.030002143010215015,1
25.014179,66.930185,81.09,324,1,1,0,19,24,27,7,0,31,0,0,0.0,81.09,81.09,1,0,0.5792556611186513,3
24.772329,67.093035,79.13,248,1,1,0,23,37,27,7,0,31,0,1,0.0,79.13,79.13,1,0,0.5652546610472176,3
24.944992,66.91192,124.4,265,1,1,0,22,48,27,7,0,31,0,1,0.0,124.4,124.4,1,1,0.8886349024930352,4
25.091729,66.923433,86.63,353,1,1,0,15,14,27,7,0,31,0,0,0.0,86.63,86.63,1,0,0.6188299164226015,3
24.832858,66.965001,104.93,90,1,1,0,20,20,27,7,0,31,0,1,0.0,104.93,104.93,1,1,0.7495535395385384,4
25.076472,67.027185,82.51,203,1,1,0,13,37,27,7,0,31,0,0,0.0,82.51,82.51,1,0,0.5893992428030573,3
24.79342,66.994559,2.97,219,1,1,0,2,29,28,7,1,31,0,1,0.0,2.97,2.97,1,0,0.021215801128652047,1
25.050355,67.263426,77.12,279,1,1,0,7,24,28,7,1,31,0,0,0.0,77.12,77.12,1,0,0.5508964926066148,3
24.833489,66.936555,130.03,215,1,1,0,10,20,28,7,1,31,0,0,0.0,130.03,130.03,1,1,0.9288520608614901,4
25.050239,66.976674,90.46,307,1,1,0,9,6,28,7,1,31,0,0,0.0,90.46,90.46,1,0,0.6461890135009642,4
24.76718,66.988289,87.36,36,1,1,0,10,52,28,7,1,31,0,0,0.0,87.36,87.36,1,0,0.6240445746124723,3
24.776265,66.902872,83.88,81,1,1,0,2,59,28,7,1,31,0,1,0.0,83.88,83.88,1,0,0.5991856561182941,3
24.798705,67.135014,71.87,162,1,1,0,8,8,28,7,1,31,0,0,0.0,71.87,71.87,1,0,0.513393813843846,3
24.773364,67.234382,50.58,331,1,1,0,9,55,28,7,1,31,0,0,0.0,50.58,50.58,1,0,0.36131152225158936,2
24.831208,67.284039,95.85,216,1,1,0,18,26,27,7,0,31,0,0,0.0,95.85,95.85,1,0,0.6846917636974069,4
24.861555,66.971739,130.19,270,1,1,0,5,55,28,7,1,31,0,1,0.0,130.19,130.19,1,1,0.9299949996428315,4
25.041377,66.910311,111.86,104,1,1,0,1,5,28,7,1,31,0,1,0.0,111.86,111.86,1,1,0.7990570755053932,4
24.768291,67.022059,25.82,277,1,1,0,22,41,27,7,0,31,0,1,0.0,25.82,25.82,1,0,0.18444174583898848,1
25.088347,66.988512,89.38,178,1,1,0,7,32,28,7,1,31,0,0,0.0,89.38,89.38,1,0,0.638474176726909,3
24.777676,66.966506,99.89,188,1,1,0,17,4,27,7,0,31,0,0,0.0,99.89,99.89,1,0,0.7135509679262804,4
25.066458,67.053029,117.87,153,1,1,0,21,44,27,7,0,31,0,1,0.0,117.87,117.87,1,1,0.8419887134795342,4
25.094737,67.071185,31.62,35,1,1,0,18,2,27,7,0,31,0,0,0.0,31.62,31.62,1,0,0.22587327666261875,2
25.053496,67.100201,51.29,7,1,1,0,5,10,28,7,1,31,0,1,0.0,51.29,51.29,1,0,0.3663833130937924,2
24.775502,67.160521,56.69,89,1,1,0,8,42,28,7,1,31,0,0,0.0,56.69,56.69,1,0,0.4049574969640688,2
24.975547,67.206597,13.62,240,1,1,0,2,54,28,7,1,31,0,1,0.0,13.62,13.62,1,0,0.09729266376169725,1
24.836917,67.164557,131.95,252,1,1,0,0,59,28,7,1,31,0,1,0.0,131.95,131.95,1,1,0.9425673262375882,4
24.789154,67.045192,83.85,157,1,1,0,2,38,28,7,1,31,0,1,0.0,83.85,83.85,1,0,0.5989713550967926,3
24.977882,66.997362,77.29,171,1,1,0,13,30,27,7,0,31,0,0,0.0,77.29,77.29,1,0,0.5521108650617902,3
24.825935,67.031016,121.36,112,1,1,0,8,18,28,7,1,31,0,0,0.0,121.36,121.36,1,1,0.8669190656475462,4
25.018247,67.08875,43.01,350,1,1,0,0,25,28,7,1,31,0,1,0.0,43.01,43.01,1,0,0.3072362311593685,2
25.028005,66.908821,32.7,128,1,1,0,8,3,28,7,1,31,0,0,0.0,32.7,32.7,1,0,0.23358811343667404,2
24.875738,66.97537,47.98,206,1,1,0,10,39,28,7,1,31,0,0,0.0,47.98,47.98,1,0,0.34273876705478956,2
24.966531,67.135872,128.73,277,1,1,0,16,14,27,7,0,31,0,0,0.0,128.73,128.73,1,1,0.9195656832630901,4
24.884608,67.269793,66.48,213,1,1,0,5,44,28,7,1,31,0,1,0.0,66.48,66.48,1,0,0.4748910636474034,3
24.93385,66.936705,131.04,1,1,1,0,18,35,27,7,0,31,0,0,0.0,131.04,131.04,1,1,0.9360668619187084,4
25.044319,67.026906,78.67,178,1,1,0,13,43,27,7,0,31,0,0,0.0,78.67,78.67,1,0,0.5619687120508607,3
24.945869,66.94095,16.02,277,1,1,0,22,35,27,7,0,31,0,1,0.0,16.02,16.02,1,0,0.11443674548182012,1
25.064635,66.96462,6.66,19,1,1,0,5,52,28,7,1,31,0,1,0.0,6.66,6.66,1,0,0.04757482677334095,1
24.965008,67.208439,89.93,231,1,1,0,16,51,27,7,0,31,0,0,0.0,89.93,89.93,1,0,0.6424030287877706,3
24.890654,67.227517,80.74,158,1,1,0,21,51,27,7,0,31,0,1,0.0,80.74,80.74,1,0,0.5767554825344666,3
24.873024,67.002313,136.78,242,1,1,0,21,22,27,7,0,31,0,1,0.0,136.78,136.78,1,1,0.9770697906993356,4
25.094231,66.944904,115.38,342,1,1,0,0,46,28,7,1,31,0,1,0.0,115.38,115.38,1,1,0.8242017286949067,4
24.808756,67.217681,137.25,189,1,1,0,5,54,28,7,1,31,0,1,0.0,137.25,137.25,1,1,0.9804271733695263,4
24.985371,66.9056,99.28,133,1,1,0,4,14,28,7,1,31,0,1,0.0,99.28,99.28,1,0,0.7091935138224158,4
24.796669,67.085857,128.45,271,1,1,0,15,0,27,7,0,31,0,0,0.0,128.45,128.45,1,1,0.9175655403957425,4
25.039157,66.991065,3.96,30,1,1,0,12,6,27,7,0,31,0,0,0.0,3.96,3.96,1,0,0.028287734838202728,1
24.969713,67.246981,10.5,15,1,1,0,20,19,27,7,0,31,0,1,0.0,10.5,10.5,1,0,0.07500535752553754,1
25.08095,67.077157,79.06,54,1,1,0,12,55,27,7,0,31,0,0,0.0,79.06,79.06,1,0,0.5647546253303807,3
25.074393,67.072977,113.47,269,1,1,0,22,20,27,7,0,31,0,1,0.0,113.47,113.47,1,1,0.8105578969926422,4
24.875212,67.279516,113.96,168,1,1,0,22,31,27,7,0,31,0,1,0.0,113.96,113.96,1,1,0.8140581470105006,4
25.063177,67.267661,136.83,117,1,1,0,3,39,28,7,1,31,0,1,0.0,136.83,136.83,1,1,0.977426959068505,4
25.003223,66.936625,95.65,86,1,1,0,0,59,28,7,1,31,0,1,0.0,95.65,95.65,1,0,0.6832630902207301,4
24.961513,67.28902,58.6,18,1,1,0,17,37,27,7,0,31,0,0,0.0,58.6,58.6,1,0,0.4186013286663333,2
25.073469,67.217937,54.53,191,1,1,0,11,7,28,7,1,31,0,0,0.0,54.53,54.53,1,0,0.38952782341595826,2
24.822358,67.254427,25.38,255,1,1,0,2,26,28,7,1,31,0,1,0.0,25.38,25.38,1,0,0.18129866419029927,1
25.056438,67.173022,70.83,317,1,1,0,11,54,27,7,0,31,0,0,0.0,70.83,70.83,1,0,0.505964711765126,3
24.948374,67.008438,126.18,38,1,1,0,1,8,28,7,1,31,0,1,0.0,126.18,126.18,1,1,0.9013500964354597,4
24.970884,66.994761,79.52,261,1,1,0,17,56,27,7,0,31,0,0,0.0,79.52,79.52,1,0,0.5680405743267376,3
25.067078,67.148122,34.11,236,1,1,0,15,59,27,7,0,31,0,0,0.0,34.11,34.11,1,0,0.2436602614472462,2
25.072695,66.966378,49.35,51,1,1,0,6,2,28,7,1,31,0,0,0.0,49.35,49.35,1,0,0.3525251803700264,2
24.924859,67.298225,112.79,322,1,1,0,16,31,27,7,0,31,0,0,0.0,112.79,112.79,1,1,0.8057004071719408,4
24.993709,67.24753,89.37,218,1,1,0,12,0,27,7,0,31,0,0,0.0,89.37,89.37,1,0,0.6384027430530752,3
24.77486,67.185556,112.48,288,1,1,0,12,53,27,7,0,31,0,0,0.0,112.48,112.48,1,1,0.8034859632830916,4
24.864113,66.964887,2.47,13,1,1,0,15,40,27,7,0,31,0,0,0.0,2.47,2.47,1,0,0.01764411743695978,1
25.060968,66.928695,78.64,197,1,1,0,4,59,28,7,1,31,0,1,0.0,78.64,78.64,1,0,0.5617544110293592,3
24.88466,67.25369,31.62,57,1,1,0,17,26,27,7,0,31,0,0,0.0,31.62,31.62,1,0,0.22587327666261875,2
24.929747,67.119854,12.34,19,1,1,0,21,15,27,7,0,31,0,1,0.0,12.34,12.34,1,0,0.08814915351096506,1
24.761294,67.155603,3.03,137,1,1,0,22,57,27,7,0,31,0,1,0.0,3.03,3.03,1,0,0.021644403171655117,1
25.009739,67.15261,76.71,167,1,1,0,16,10,27,7,0,31,0,0,0.0,76.71,76.71,1,0,0.5479677119794271,3
24.849461,67.150592,43.31,67,1,1,0,16,10,27,7,0,31,0,0,0.0,43.31,43.31,1,0,0.3093792413743839,2
24.765916,66.923117,98.45,65,1,1,0,6,30,28,7,1,31,0,0,0.0,98.45,98.45,1,0,0.7032645188942067,4
24.928926,67.272419,21.65,351,1,1,0,5,21,28,7,1,31,0,1,0.0,21.65,21.65,1,0,0.154653903850275,1
24.886081,67.121016,139.08,33,1,1,0,14,22,27,7,0,31,0,0,0.0,139.08,139.08,1,1,0.9934995356811201,4
24.842674,67.176063,102.05,132,1,1,0,23,24,27,7,0,31,0,1,0.0,102.05,102.05,1,1,0.728980641474391,4
24.774985,67.235981,23.74,150,1,1,0,14,35,27,7,0,31,0,0,0.0,23.74,23.74,1,0,0.16958354168154866,1
25.090466,67.296525,131.59,26,1,1,0,13,48,27,7,0,31,0,0,0.0,131.59,131.59,1,1,0.9399957139795699,4
24.843042,66.952636,2.94,234,1,1,0,18,5,27,7,0,31,0,0,0.0,2.94,2.94,1,0,0.02100150010715051,1
24.853605,67.297106,98.59,181,1,1,0,5,55,28,7,1,31,0,1,0.0,98.59,98.59,1,0,0.7042645903278806,4
24.94121,66.94002,114.41,94,1,1,0,5,34,28,7,1,31,0,1,0.0,114.41,114.41,1,1,0.8172726623330238,4
24.905633,67.180312,118.38,59,1,1,0,7,39,28,7,1,31,0,0,0.0,118.38,118.38,1,1,0.8456318308450603,4
24.773388,67.010171,41.66,255,1,1,0,12,47,27,7,0,31,0,0,0.0,41.66,41.66,1,0,0.2975926851917994,2
24.897729,66.936811,136.14,6,1,1,0,11,47,27,7,0,31,0,0,0.0,136.14,136.14,1,1,0.9724980355739694,4
24.753457,67.141971,3.91,339,1,1,0,12,3,27,7,0,31,0,0,0.0,3.91,3.91,1,0,0.0279305664690335,1
24.959612,67.044704,69.03,246,1,1,0,14,45,27,7,0,31,0,0,0.0,69.03,69.03,1,0,0.4931066504750339,3
24.933303,67.028702,78.08,242,1,1,0,9,11,28,7,1,31,0,0,0.0,78.08,78.08,1,0,0.5577541252946638,3
24.899051,66.965875,61.78,295,1,1,0,0,52,28,7,1,31,0,1,0.0,61.78,61.78,1,0,0.44131723694549607,3
24.798136,67.050737,38.39,18,1,1,0,8,5,28,7,1,31,0,0,0.0,38.39,38.39,1,0,0.27423387384813197,2
24.824604,67.00608,139.45,178,1,1,0,8,50,28,7,1,31,0,0,0.0,139.45,139.45,1,1,0.9961425816129722,4
24.943184,67.254132,90.28,231,1,1,0,23,56,27,7,0,31,0,1,0.0,90.28,90.28,1,0,0.6449032073719551,4
24.767891,67.223546,7.91,90,1,1,0,11,8,28,7,1,31,0,0,0.0,7.91,7.91,1,0,0.05650403600257161,1
24.965514,67.156655,99.72,247,1,1,0,12,39,27,7,0,31,0,0,0.0,99.72,99.72,1,0,0.7123365954711051,4
24.760228,67.039206,95.91,4,1,1,0,3,27,28,7,1,31,0,1,0.0,95.91,95.91,1,0,0.6851203657404099,4
25.0654,66.976338,62.31,120,1,1,0,8,48,28,7,1,31,0,0,0.0,62.31,62.31,1,0,0.4451032216586899,3
24.911059,66.957765,129.9,334,1,1,0,18,6,27,7,0,31,0,0,0.0,129.9,129.9,1,1,0.9279234231016501,4
24.921714,67.270422,78.34,156,1,1,0,14,14,27,7,0,31,0,0,0.0,78.34,78.34,1,0,0.5596114008143439,3
24.8335,66.94678,94.1,191,1,1,0,6,12,28,7,1,31,0,0,0.0,94.1,94.1,1,0,0.672190870776484,4
25.035679,67.138211,124.32,177,1,1,0,9,44,28,7,1,31,0,0,0.0,124.32,124.32,1,1,0.8880634331023644,4
25.035603,67.161536,124.16,291,1,1,0,2,58,28,7,1,31,0,1,0.0,124.16,124.16,1,1,0.8869204943210228,4
24.894299,67.156238,117.05,111,1,1,0,19,49,27,7,0,31,0,0,0.0,117.05,117.05,1,1,0.8361311522251589,4
24.802897,67.078661,24.45,89,1,1,0,1,50,28,7,1,31,0,1,0.0,24.45,24.45,1,0,0.17465533252375168,1
24.828302,66.96938,64.13,186,1,1,0,16,49,27,7,0,31,0,0,0.0,64.13,64.13,1,0,0.4581041502964497,3
24.910981,67.01474,121.04,215,1,1,0,17,21,27,7,0,31,0,0,0.0,121.04,121.04,1,1,0.8646331880848632,4
24.800647,67.040023,105.39,234,1,1,0,0,7,28,7,1,31,0,1,0.0,105.39,105.39,1,1,0.7528394885348954,4
24.755389,67.036928,20.19,109,1,1,0,13,57,27,7,0,31,0,0,0.0,20.19,20.19,1,0,0.1442245874705336,1
24.973754,67.262922,41.89,231,1,1,0,8,22,28,7,1,31,0,0,0.0,41.89,41.89,1,0,0.29923565968997784,2
24.853333,67.000088,27.91,114,1,1,0,21,41,27,7,0,31,0,1,0.0,27.91,27.91,1,0,0.19937138367026214,1
25.018456,67.226192,109.78,13,1,1,0,11,43,27,7,0,31,0,0,0.0,109.78,109.78,1,1,0.7841988713479534,4
25.071665,66.906679,112.48,189,1,1,0,1,25,28,7,1,31,0,1,0.0,112.48,112.48,1,1,0.8034859632830916,4
24.880783,67.016245,21.93,21,1,1,0,4,33,28,7,1,31,0,1,0.0,21.93,21.93,1,0,0.15665404671762267,1
24.987968,66.994681,116.34,53,1,1,0,21,42,27,7,0,31,0,1,0.0,116.34,116.34,1,1,0.8310593613829559,4
25.050847,66.95852,88.61,359,1,1,0,18,1,27,7,0,31,0,0,0.0,88.61,88.61,1,0,0.6329737838417029,3
24.989368,67.060098,27.5,9,1,1,0,1,15,28,7,1,31,0,1,0.0,27.5,27.5,1,0,0.19644260304307448,1
24.793618,67.16483,26.13,234,1,1,0,23,26,27,7,0,31,0,1,0.0,26.13,26.13,1,0,0.18665618972783768,1
24.768085,67.291482,103.89,81,1,1,0,18,49,27,7,0,31,0,0,0.0,103.89,103.89,1,1,0.7421244374598185,4
24.925223,67.244409,1.28,107,1,1,0,22,39,27,7,0,31,0,1,0.0,1.28,1.28,1,0,0.009143510250732194,1
24.843071,67.193635,50.87,237,1,1,0,11,41,27,7,0,31,0,0,0.0,50.87,50.87,1,0,0.36338309879277086,2
24.906474,66.947483,62.73,254,1,1,0,11,33,27,7,0,31,0,0,0.0,62.73,62.73,1,0,0.44810343595971136,3
25.071764,67.242152,117.09,240,1,1,0,16,43,27,7,0,31,0,0,0.0,117.09,117.09,1,1,0.8364168869204943,4
24.799094,67.156896,84.51,218,1,1,0,20,55,27,7,0,31,0,1,0.0,84.51,84.51,1,0,0.6036859775698264,3
24.829546,67.051385,43.26,271,1,1,0,2,58,28,7,1,31,0,1,0.0,43.26,43.26,1,0,0.3090220730052146,2
24.864993,67.041557,49.8,2,1,1,0,22,37,27,7,0,31,0,1,0.0,49.8,49.8,1,0,0.35573969569254943,2
24.974397,67.109749,34.86,199,1,1,0,13,29,27,7,0,31,0,0,0.0,34.86,34.86,1,0,0.2490177869847846,2
24.908096,67.163477,48.24,3,1,1,0,6,42,28,7,1,31,0,0,0.0,48.24,48.24,1,0,0.3445960425744696,2
24.878875,67.107528,100.58,164,1,1,0,13,32,27,7,0,31,0,0,0.0,100.58,100.58,1,1,0.7184798914208157,4
25.026401,67.118622,129.26,75,1,1,0,23,13,27,7,0,31,0,1,0.0,129.26,129.26,1,1,0.9233516679762839,4
25.000376,67.246184,60.38,70,1,1,0,9,30,28,7,1,31,0,0,0.0,60.38,60.38,1,0,0.43131652260875775,3
24.797636,66.952925,57.34,122,1,1,0,9,5,28,7,1,31,0,0,0.0,57.34,57.34,1,0,0.4096006857632688,2
25.057874,67.011303,63.66,215,1,1,0,2,10,28,7,1,31,0,1,0.0,63.66,63.66,1,0,0.454746767626259,3
24.810087,67.230912,38.52,142,1,1,0,18,14,27,7,0,31,0,0,0.0,38.52,38.52,1,0,0.275162511607972,2
24.750408,67.156393,113.65,213,1,1,0,17,43,27,7,0,31,0,0,0.0,113.65,113.65,1,1,0.8118437031216515,4
25.073509,66.901896,28.84,123,1,1,0,23,18,27,7,0,31,0,1,0.0,28.84,28.84,1,0,0.20601471533680976,1
24.8768,66.945231,5.06,167,1,1,0,16,25,27,7,0,31,0,0,0.0,5.06,5.06,1,0,0.0361454389599257,1
25.043705,67.033646,43.79,276,1,1,0,8,18,28,7,1,31,0,0,0.0,43.79,43.79,1,0,0.3128080577184084,2
25.08691,67.281988,43.66,283,1,1,0,14,42,27,7,0,31,0,0,0.0,43.66,43.66,1,0,0.31187941995856844,2
24.981144,67.094118,66.15,314,1,1,0,8,42,28,7,1,31,0,0,0.0,66.15,66.15,1,0,0.4725337524108865,3
25.076812,67.200964,12.46,315,1,1,0,22,30,27,7,0,31,0,1,0.0,12.46,12.46,1,0,0.08900635759697122,1
24.996008,67.102637,39.0,195,1,1,0,10,43,28,7,1,31,0,0,0.0,39.0,39.0,1,0,0.27859132795199654,2
24.785497,67.038247,107.68,280,1,1,0,19,34,27,7,0,31,0,0,0.0,107.68,107.68,1,1,0.7691977998428459,4
24.86833,67.135323,16.94,117,1,1,0,13,55,27,7,0,31,0,0,0.0,16.94,16.94,1,0,0.1210086434745339,1
25.087425,67.198062,16.16,149,1,1,0,11,16,28,7,1,31,0,0,0.0,16.16,16.16,1,0,0.11543681691549396,1
24.865647,67.105291,34.24,325,1,1,0,14,7,27,7,0,31,0,0,0.0,34.24,34.24,1,0,0.2445888992070862,2
24.878073,67.099508,65.99,107,1,1,0,20,5,27,7,0,31,0,1,0.0,65.99,65.99,1,0,0.4713908136295449,3
24.778006,67.289022,38.06,203,1,1,0,21,35,27,7,0,31,0,1,0.0,38.06,38.06,1,0,0.27187656261161514,2
24.83113,66.950571,72.51,25,1,1,0,16,50,27,7,0,31,0,0,0.0,72.51,72.51,1,0,0.5179655689692121,3
25.055672,67.28773,27.02,95,1,1,0,15,30,27,7,0,31,0,0,0.0,27.02,27.02,1,0,0.19301378669904992,1
24.924178,67.141401,72.59,313,1,1,0,23,4,27,7,0,31,0,1,0.0,72.59,72.59,1,0,0.5185370383598829,3
25.089833,66.964952,61.49,71,1,1,0,6,19,28,7,1,31,0,0,0.0,61.49,61.49,1,0,0.43924566040431456,3
24.959391,67.174203,43.13,305,1,1,0,21,33,27,7,0,31,0,1,0.0,43.13,43.13,1,0,0.3080934352453747,2
25.065833,67.261273,0.1,324,1,1,0,3,32,28,7,1,31,0,1,0.0,0.1,0.1,1,0,0.0007143367383384528,1
24.941169,67.114805,107.58,271,1,1,0,14,59,27,7,0,31,0,0,0.0,107.58,107.58,1,1,0.7684834631045074,4
24.91909,66.953194,79.12,149,1,1,0,5,27,28,7,1,31,0,1,0.0,79.12,79.12,1,0,0.5651832273733838,3
24.791061,67.299829,131.2,245,1,1,0,2,31,28,7,1,31,0,1,0.0,131.2,131.2,1,1,0.9372098007000499,4
24.965008,67.216909,0.38,77,1,1,0,2,33,28,7,1,31,0,1,0.0,0.38,0.38,1,0,0.0027144796056861203,1
24.858759,66.926333,25.81,251,1,1,0,23,24,27,7,0,31,0,1,0.0,25.81,25.81,1,0,0.18437031216515462,1
24.907102,66.902064,38.91,99,1,1,0,23,9,27,7,0,31,0,1,0.0,38.91,38.91,1,0,0.27794842488749194,2
24.777283,67.130017,40.65,37,1,1,0,13,45,27,7,0,31,0,0,0.0,40.65,40.65,1,0,0.290377884134581,2
25.051733,67.099207,115.13,49,1,1,0,15,50,27,7,0,31,0,0,0.0,115.13,115.13,1,1,0.8224158868490605,4
24.800864,67.168102,73.18,102,1,1,0,1,37,28,7,1,31,0,1,0.0,73.18,73.18,1,0,0.5227516251160798,3
24.829861,67.255963,63.33,52,1,1,0,7,8,28,7,1,31,0,0,0.0,63.33,63.33,1,0,0.4523894563897421,3
24.935293,66.902585,134.83,126,1,1,0,19,11,27,7,0,31,0,0,0.0,134.83,134.83,1,1,0.9631402243017358,4
24.805157,67.230293,110.42,91,1,1,0,17,54,27,7,0,31,0,0,0.0,110.42,110.42,1,1,0.7887706264733195,4
24.813797,66.953941,137.31,234,1,1,0,10,0,28,7,1,31,0,0,0.0,137.31,137.31,1,1,0.9808557754125294,4
24.904809,67.13792,137.57,256,1,1,0,13,52,27,7,0,31,0,0,0.0,137.57,137.57,1,1,0.9827130509322093,4
24.906995,66.938612,71.61,237,1,1,0,6,52,28,7,1,31,0,0,0.0,71.61,71.61,1,0,0.511536538324166,3
25.001936,67.290184,84.11,130,1,1,0,19,13,27,7,0,31,0,0,0.0,84.11,84.11,1,0,0.6008286306164725,3
25.027547,67.082526,125.7,232,1,1,0,8,51,28,7,1,31,0,0,0.0,125.7,125.7,1,1,0.897921280091435,4
24.895632,67.256681,108.05,31,1,1,0,11,52,27,7,0,31,0,0,0.0,108.05,108.05,1,1,0.7718408457746981,4
24.994992,67.23922,2.63,33,1,1,0,23,23,27,7,0,31,0,1,0.0,2.63,2.63,1,0,0.018787056218301304,1
25.023638,66.97847,130.37,311,1,1,0,21,32,27,7,0,31,0,1,0.0,130.37,130.37,1,1,0.9312808057718408,4
24.990035,67.042453,19.62,163,1,1,0,4,20,28,7,1,31,0,1,0.0,19.62,19.62,1,0,0.14015286806200442,1
24.997478,66.974866,101.64,285,1,1,0,4,29,28,7,1,31,0,1,0.0,101.64,101.64,1,1,0.7260518608472033,4
24.834184,66.941507,91.24,250,1,1,0,10,50,28,7,1,31,0,0,0.0,91.24,91.24,1,0,0.6517608400600042,4
25.012919,67.023368,73.9,125,1,1,0,6,14,28,7,1,31,0,0,0.0,73.9,73.9,1,0,0.5278948496321166,3
24.92257,66.978226,14.15,281,1,1,0,8,25,28,7,1,31,0,0,0.0,14.15,14.15,1,0,0.10107864847489106,1
24.981387,66.926711,32.0,216,1,1,0,22,11,27,7,0,31,0,1,0.0,32.0,32.0,1,0,0.22858775626830485,2
25.05316,66.907315,139.03,50,1,1,0,7,41,28,7,1,31,0,0,0.0,139.03,139.03,1,1,0.9931423673119508,4
24.939524,67.108005,60.12,344,1,1,0,2,26,28,7,1,31,0,1,0.0,60.12,60.12,1,0,0.42945924708907773,3
25.046843,67.24875,43.54,170,1,1,0,18,21,27,7,0,31,0,0,0.0,43.54,43.54,1,0,0.3110222158725623,2
24.786509,67.048627,66.73,336,1,1,0,6,7,28,7,1,31,0,0,0.0,66.73,66.73,1,0,0.47667690549324954,3
24.916999,66.993005,13.68,42,1,1,0,1,2,28,7,1,31,0,1,0.0,13.68,13.68,1,0,0.09772126580470032,1
25.002058,67.284962,112.7,144,1,1,0,18,34,27,7,0,31,0,0,0.0,112.7,112.7,1,1,0.8050575041074363,4
24.950675,67.25339,12.08,112,1,1,0,18,29,27,7,0,31,0,0,0.0,12.08,12.08,1,0,0.08629187799128508,1
25.080812,66.926639,37.98,338,1,1,0,1,28,28,7,1,31,0,1,0.0,37.98,37.98,1,0,0.2713050932209443,2
24.893245,67.117481,9.81,15,1,1,0,10,59,28,7,1,31,0,0,0.0,9.81,9.81,1,0,0.07007643403100221,1
25.051992,67.26509,47.97,270,1,1,0,6,22,28,7,1,31,0,0,0.0,47.97,47.97,1,0,0.34266733338095573,2
25.03636,67.205094,55.7,197,1,1,0,5,44,28,7,1,31,0,1,0.0,55.7,55.7,1,0,0.3978855632545182,2
25.060089,67.299016,64.77,180,1,1,0,11,37,27,7,0,31,0,0,0.0,64.77,64.77,1,0,0.4626759054218158,3
25.040049,66.93994,34.88,346,1,1,0,10,44,28,7,1,31,0,0,0.0,34.88,34.88,1,0,0.24916065433245232,2
25.002926,66.945269,116.19,299,1,1,0,15,27,27,7,0,31,0,0,0.0,116.19,116.19,1,1,0.8299878562754481,4
24.833504,66.910098,82.44,95,1,1,0,6,8,28,7,1,31,0,0,0.0,82.44,82.44,1,0,0.5888992070862203,3
25.034929,67.215331,68.09,122,1,1,0,14,55,27,7,0,31,0,0,0.0,68.09,68.09,1,0,0.4863918851346525,3
25.026083,67.116681,99.54,49,1,1,0,9,43,28,7,1,31,0,0,0.0,99.54,99.54,1,0,0.7110507893420959,4
24.903754,67.267378,91.38,318,1,1,0,5,32,28,7,1,31,0,1,0.0,91.38,91.38,1,0,0.6527609114936781,4
24.994129,67.099563,1.46,162,1,1,0,22,41,27,7,0,31,0,1,0.0,1.46,1.46,1,0,0.01042931637974141,1
24.833722,67.233749,15.43,22,1,1,0,1,1,28,7,1,31,0,1,0.0,15.43,15.43,1,0,0.11022215872562324,1
24.849064,67.178551,54.75,99,1,1,0,15,23,27,7,0,31,0,0,0.0,54.75,54.75,1,0,0.39109936424030284,2
24.787313,66.965753,84.94,150,1,1,0,5,36,28,7,1,31,0,1,0.0,84.94,84.94,1,0,0.6067576255446817,3
24.758508,67.183013,30.91,12,1,1,0,23,41,27,7,0,31,0,1,0.0,30.91,30.91,1,0,0.22080148582041573,2
24.869225,66.942654,74.44,296,1,1,0,12,21,27,7,0,31,0,0,0.0,74.44,74.44,1,0,0.5317522680191442,3
24.756517,67.187819,83.91,338,1,1,0,1,1,28,7,1,31,0,1,0.0,83.91,83.91,1,0,0.5993999571397957,3
24.785161,67.01378,107.01,285,1,1,0,20,58,27,7,0,31,0,1,0.0,107.01,107.01,1,1,0.7644117436959783,4
24.845351,67.219605,106.88,303,1,1,0,21,57,27,7,0,31,0,1,0.0,106.88,106.88,1,1,0.7634831059361382,4
24.848498,67.004688,42.54,177,1,1,0,15,27,27,7,0,31,0,0,0.0,42.54,42.54,1,0,0.3038788484891778,2
24.927971,66.907292,13.08,158,1,1,0,4,47,28,7,1,31,0,1,0.0,13.08,13.08,1,0,0.09343524537466961,1
24.91857,67.046264,90.73,251,1,1,0,18,1,27,7,0,31,0,0,0.0,90.73,90.73,1,0,0.6481177226944782,4
24.784195,66.941563,116.44,228,1,1,0,22,33,27,7,0,31,0,1,0.0,116.44,116.44,1,1,0.8317736981212943,4
24.785147,66.971445,89.44,274,1,1,0,0,29,28,7,1,31,0,1,0.0,89.44,89.44,1,0,0.6389027787699121,3
24.994761,67.153344,12.07,346,1,1,0,16,12,27,7,0,31,0,0,0.0,12.07,12.07,1,0,0.08622044431745124,1
24.851836,67.21645,16.02,311,1,1,0,12,57,27,7,0,31,0,0,0.0,16.02,16.02,1,0,0.11443674548182012,1
24.889866,66.90763,57.69,228,1,1,0,0,37,28,7,1,31,0,1,0.0,57.69,57.69,1,0,0.41210086434745336,2
24.997345,67.137204,124.73,60,1,1,0,15,33,27,7,0,31,0,0,0.0,124.73,124.73,1,1,0.8909922137295521,4
24.975497,66.932591,30.0,278,1,1,0,14,5,27,7,0,31,0,0,0.0,30.0,30.0,1,0,0.21430102150153582,2
24.78845,67.227369,74.74,27,1,1,0,19,59,27,7,0,31,0,0,0.0,74.74,74.74,1,0,0.5338952782341595,3
24.963439,67.143161,106.87,169,1,1,0,16,22,27,7,0,31,0,0,0.0,106.87,106.87,1,1,0.7634116722623044,4
25.086578,67.079,129.66,203,1,1,0,11,20,28,7,1,31,0,0,0.0,129.66,129.66,1,1,0.9262090149296377,4
24.890445,67.296603,19.08,110,1,1,0,3,54,28,7,1,31,0,1,0.0,19.08,19.08,1,0,0.13629544967497675,1
25.01309,67.265834,115.25,330,1,1,0,2,58,28,7,1,31,0,1,0.0,115.25,115.25,1,1,0.8232730909350667,4
24.815825,67.174252,36.8,24,1,1,0,23,40,27,7,0,31,0,1,0.0,36.8,36.8,1,0,0.26287591970855057,2
25.02544,66.915843,18.8,212,1,1,0,11,45,27,7,0,31,0,0,0.0,18.8,18.8,1,0,0.1342953068076291,1
24.998413,66.902272,77.57,170,1,1,0,20,18,27,7,0,31,0,1,0.0,77.57,77.57,1,0,0.5541110079291377,3
25.094372,67.232557,126.34,148,1,1,0,9,53,28,7,1,31,0,0,0.0,126.34,126.34,1,1,0.9024930352168011,4
24.82978,67.274893,37.42,170,1,1,0,20,40,27,7,0,31,0,1,0.0,37.42,37.42,1,0,0.267304807486249,2
24.803287,67.207795,104.19,120,1,1,0,3,47,28,7,1,31,0,1,0.0,104.19,104.19,1,1,0.7442674476748339,4
24.777946,67.030282,48.76,113,1,1,0,3,13,28,7,1,31,0,1,0.0,48.76,48.76,1,0,0.34831059361382954,2
25.073082,67.292793,115.64,289,1,1,0,13,26,27,7,0,31,0,0,0.0,115.64,115.64,1,1,0.8260590042145867,4
24.887195,67.067322,63.43,198,1,1,0,22,34,27,7,0,31,0,1,0.0,63.43,63.43,1,0,0.4531037931280805,3
24.770925,67.224665,61.39,20,1,1,0,22,7,27,7,0,31,0,1,0.0,61.39,61.39,1,0,0.43853132366597614,3
25.069961,66.926805,36.1,198,1,1,0,15,5,27,7,0,31,0,0,0.0,36.1,36.1,1,0,0.25787556254018146,2
24.948922,66.983594,71.35,123,1,1,0,12,49,27,7,0,31,0,0,0.0,71.35,71.35,1,0,0.5096792628044859,3
24.885694,67.001251,70.47,278,1,1,0,3,56,28,7,1,31,0,1,0.0,70.47,70.47,1,0,0.5033930995071076,3
24.85744,67.123401,22.07,79,1,1,0,20,58,27,7,0,31,0,1,0.0,22.07,22.07,1,0,0.1576541181512965,1
24.774405,67.205202,26.15,295,1,1,0,10,48,28,7,1,31,0,0,0.0,26.15,26.15,1,0,0.18679905707550537,1
24.7838,66.920471,126.55,10,1,1,0,0,40,28,7,1,31,0,1,0.0,126.55,126.55,1,1,0.9039931423673119,4
25.027003,67.247127,115.06,256,1,1,0,3,42,28,7,1,31,0,1,0.0,115.06,115.06,1,1,0.8219158511322237,4
24.978786,67.046119,76.21,334,1,1,0,8,31,28,7,1,31,0,0,0.0,76.21,76.21,1,0,0.5443960282877348,3
24.808283,66.953551,19.27,198,1,1,0,7,24,28,7,1,31,0,0,0.0,19.27,19.27,1,0,0.13765268947781983,1
24.800452,67.131261,45.26,324,1,1,0,5,21,28,7,1,31,0,1,0.0,45.26,45.26,1,0,0.3233088077719837,2
24.852477,67.096042,121.0,213,1,1,0,23,48,27,7,0,31,0,1,0.0,121.0,121.0,1,1,0.8643474533895278,4
24.980254,66.926255,63.33,167,1,1,0,21,26,27,7,0,31,0,1,0.0,63.33,63.33,1,0,0.4523894563897421,3
24.942573,67.116523,38.71,40,1,1,0,15,21,27,7,0,31,0,0,0.0,38.71,38.71,1,0,0.27651975141081503,2
24.849264,67.140156,45.94,159,1,1,0,19,11,27,7,0,31,0,0,0.0,45.94,45.94,1,0,0.3281662975926852,2
24.915854,67.091416,87.62,168,1,1,0,1,51,28,7,1,31,0,1,0.0,87.62,87.62,1,0,0.6259018501321523,3
25.046443,66.945018,112.38,236,1,1,0,2,31,28,7,1,31,0,1,0.0,112.38,112.38,1,1,0.8027716265447531,4
24.770974,67.125628,39.21,258,1,1,0,12,53,27,7,0,31,0,0,0.0,39.21,39.21,1,0,0.28009143510250734,2
24.831727,67.072415,13.17,320,1,1,0,20,50,27,7,0,31,0,1,0.0,13.17,13.17,1,0,0.09407814843917423,1
25.031628,67.135033,5.54,343,1,1,0,15,0,27,7,0,31,0,0,0.0,5.54,5.54,1,0,0.03957425530395028,1
24.974711,67.181006,139.09,196,1,1,0,0,42,28,7,1,31,0,1,0.0,139.09,139.09,1,1,0.9935709693549539,4
24.780495,67.049107,92.28,264,1,1,0,13,10,27,7,0,31,0,0,0.0,92.28,92.28,1,0,0.6591899421387242,4
24.927256,66.990327,102.05,9,1,1,0,11,9,28,7,1,31,0,0,0.0,102.05,102.05,1,1,0.728980641474391,4
24.77081,67.146729,99.74,338,1,1,0,12,30,27,7,0,31,0,0,0.0,99.74,99.74,1,0,0.7124794628187727,4
24.832899,67.184034,126.89,13,1,1,0,22,4,27,7,0,31,0,1,0.0,126.89,126.89,1,1,0.9064218872776626,4
24.975104,67.024068,106.85,223,1,1,0,2,39,28,7,1,31,0,1,0.0,106.85,106.85,1,1,0.7632688049146367,4
25.066916,66.910901,126.98,17,1,1,0,5,8,28,7,1,31,0,1,0.0,126.98,126.98,1,1,0.9070647903421672,4
24.849304,67.184642,109.5,170,1,1,0,8,41,28,7,1,31,0,0,0.0,109.5,109.5,1,1,0.7821987284806057,4
24.92517,66.923946,11.56,42,1,1,0,1,13,28,7,1,31,0,1,0.0,11.56,11.56,1,0,0.08257732695192514,1
25.050221,67.197621,20.69,140,1,1,0,16,1,27,7,0,31,0,0,0.0,20.69,20.69,1,0,0.14779627116222588,1
24.845872,67.082538,58.04,241,1,1,0,7,51,28,7,1,31,0,0,0.0,58.04,58.04,1,0,0.41460104293163796,2
24.921404,67.040111,126.92,192,1,1,0,18,3,27,7,0,31,0,0,0.0,126.92,126.92,1,1,0.9066361882991641,4
24.836223,67.1311,45.99,211,1,1,0,7,39,28,7,1,31,0,0,0.0,45.99,45.99,1,0,0.3285234659618544,2
25.005267,67.127573,56.18,339,1,1,0,18,37,27,7,0,31,0,0,0.0,56.18,56.18,1,0,0.4013143795985427,2
24.948402,67.22308,97.08,219,1,1,0,5,12,28,7,1,31,0,1,0.0,97.08,97.08,1,0,0.6934781055789698,4
25.076017,67.100483,23.36,13,1,1,0,11,45,27,7,0,31,0,0,0.0,23.36,23.36,1,0,0.16686906207586255,1
24.958715,67.00867,60.69,163,1,1,0,12,40,27,7,0,31,0,0,0.0,60.69,60.69,1,0,0.4335309664976069,3
24.890403,67.219884,136.12,270,1,1,0,15,5,27,7,0,31,0,0,0.0,136.12,136.12,1,1,0.9723551682263019,4
24.952638,67.272592,24.84,47,1,1,0,0,27,28,7,1,31,0,1,0.0,24.84,24.84,1,0,0.17744124580327164,1
25.076822,67.178167,58.56,150,1,1,0,6,37,28,7,1,31,0,0,0.0,58.56,58.56,1,0,0.41831559397099793,2
24.919017,67.192926,128.82,5,1,1,0,19,59,27,7,0,31,0,0,0.0,128.82,128.82,1,1,0.9202085863275947,4
24.986713,67.090292,25.06,99,1,1,0,8,7,28,7,1,31,0,0,0.0,25.06,25.06,1,0,0.17901278662761624,1
24.751705,67.121325,95.04,40,1,1,0,5,14,28,7,1,31,0,1,0.0,95.04,95.04,1,0,0.6789056361168655,4
24.94519,66.920993,33.5,357,1,1,0,3,8,28,7,1,31,0,1,0.0,33.5,33.5,1,0,0.23930280734338166,2
25.008161,67.14584,70.1,187,1,1,0,4,17,28,7,1,31,0,1,0.0,70.1,70.1,1,0,0.5007500535752553,3
24.974218,67.182359,122.64,208,1,1,0,15,3,27,7,0,31,0,0,0.0,122.64,122.64,1,1,0.8760625758982784,4
24.808235,67.290925,3.21,276,1,1,0,13,18,27,7,0,31,0,0,0.0,3.21,3.21,1,0,0.02293020930066433,1
24.764544,67.2717,47.74,155,1,1,0,22,44,27,7,0,31,0,1,0.0,47.74,47.74,1,0,0.3410243588827773,2
24.974791,67.202194,102.81,59,1,1,0,9,26,28,7,1,31,0,0,0.0,102.81,102.81,1,1,0.7344096006857632,4
24.951957,67.199931,91.96,352,1,1,0,7,28,28,7,1,31,0,0,0.0,91.96,91.96,1,0,0.6569040645760411,4
24.924893,67.205365,103.91,160,1,1,0,15,28,27,7,0,31,0,0,0.0,103.91,103.91,1,1,0.7422673048074862,4
24.770828,66.901043,136.58,347,1,1,0,6,43,28,7,1,31,0,0,0.0,136.58,136.58,1,1,0.9756411172226588,4
24.828387,67.007653,136.71,27,1,1,0,18,35,27,7,0,31,0,0,0.0,136.71,136.71,1,1,0.9765697549824988,4
24.990069,67.289703,61.05,61,1,1,0,21,45,27,7,0,31,0,1,0.0,61.05,61.05,1,0,0.43610257875562536,3
24.892287,66.902229,45.0,353,1,1,0,3,44,28,7,1,31,0,1,0.0,45.0,45.0,1,0,0.3214515322523037,2
25.076501,67.052795,10.32,168,1,1,0,7,57,28,7,1,31,0,0,0.0,10.32,10.32,1,0,0.07371955139652832,1
24.974198,67.207652,1.76,117,1,1,0,3,22,28,7,1,31,0,1,0.0,1.76,1.76,1,0,0.012572326594756768,1
24.975844,66.940216,130.19,138,1,1,0,13,52,27,7,0,31,0,0,0.0,130.19,130.19,1,1,0.9299949996428315,4
24.876197,67.119612,139.97,339,1,1,0,23,57,27,7,0,31,0,1,0.0,139.97,139.97,1,1,0.9998571326523322,4
24.868878,67.226122,115.83,134,1,1,0,4,47,28,7,1,31,0,1,0.0,115.83,115.83,1,1,0.8274162440174297,4
24.905477,66.927944,73.01,355,1,1,0,14,40,27,7,0,31,0,0,0.0,73.01,73.01,1,0,0.5215372526609043,3
24.899944,67.024693,107.75,254,1,1,0,19,26,27,7,0,31,0,0,0.0,107.75,107.75,1,1,0.7696978355596827,4
24.864958,67.264416,27.28,129,1,1,0,17,2,27,7,0,31,0,0,0.0,27.28,27.28,1,0,0.1948710622187299,1
24.906876,67.123446,82.68,59,1,1,0,15,3,27,7,0,31,0,0,0.0,82.68,82.68,1,0,0.5906136152582327,3
24.954262,67.053891,86.41,206,1,1,0,22,40,27,7,0,31,0,1,0.0,86.41,86.41,1,0,0.6172583755982569,3
25.016159,67.28172,104.53,182,1,1,0,14,10,27,7,0,31,0,0,0.0,104.53,104.53,1,1,0.7466961925851846,4
24.907842,66.999327,136.66,298,1,1,0,11,47,27,7,0,31,0,0,0.0,136.66,136.66,1,1,0.9762125866133294,4
24.809866,66.914403,70.22,66,1,1,0,22,22,27,7,0,31,0,1,0.0,70.22,70.22,1,0,0.5016072576612615,3
24.888716,67.288075,42.33,11,1,1,0,19,14,27,7,0,31,0,0,0.0,42.33,42.33,1,0,0.302378741338667,2
24.980666,67.088304,138.5,83,1,1,0,1,7,28,7,1,31,0,1,0.0,138.5,138.5,1,1,0.989356382598757,4
25.003327,67.101321,20.14,142,1,1,0,14,34,27,7,0,31,0,0,0.0,20.14,20.14,1,0,0.14386741910136439,1
24.982774,67.267254,126.06,173,1,1,0,15,25,27,7,0,31,0,0,0.0,126.06,126.06,1,1,0.9004928923494535,4
24.948828,67.049934,42.88,35,1,1,0,5,4,28,7,1,31,0,1,0.0,42.88,42.88,1,0,0.3063075933995285,2
25.027397,67.00359,16.05,47,1,1,0,19,30,27,7,0,31,0,0,0.0,16.05,16.05,1,0,0.11465104650332167,1
24.914552,67.111189,22.48,356,1,1,0,6,8,28,7,1,31,0,0,0.0,22.48,22.48,1,0,0.16058289877848417,1
25.047167,67.132605,34.48,143,1,1,0,23,6,27,7,0,31,0,1,0.0,34.48,34.48,1,0,0.24630330737909847,2
25.004875,66.908291,15.79,210,1,1,0,3,19,28,7,1,31,0,1,0.0,15.79,15.79,1,0,0.11279377098364167,1
24.973617,66.986186,8.12,102,1,1,0,1,22,28,7,1,31,0,1,0.0,8.12,8.12,1,0,0.05800414315308235,1
24.969012,67.131634,44.95,298,1,1,0,2,55,28,7,1,31,0,1,0.0,44.95,44.95,1,0,0.3210943638831345,2
24.968819,66.998909,113.28,6,1,1,0,18,51,27,7,0,31,0,0,0.0,113.28,113.28,1,1,0.8092006571897993,4
25.026705,67.245191,111.05,280,1,1,0,4,29,28,7,1,31,0,1,0.0,111.05,111.05,1,1,0.7932709479248518,4
24.973182,67.206325,36.29,266,1,1,0,17,42,27,7,0,31,0,0,0.0,36.29,36.29,1,0,0.2592328023430245,2
25.099379,66.950444,122.52,37,1,1,0,1,4,28,7,1,31,0,1,0.0,122.52,122.52,1,1,0.8752053718122722,4
24.866041,67.15932,54.93,23,1,1,0,0,1,28,7,1,31,0,1,0.0,54.93,54.93,1,0,0.3923851703693121,2
24.81393,67.055786,103.57,3,1,1,0,0,34,28,7,1,31,0,1,0.0,103.57,103.57,1,1,0.7398385598971354,4
24.816754,67.052531,111.3,98,1,1,0,12,32,27,7,0,31,0,0,0.0,111.3,111.3,1,1,0.7950567897706978,4
24.818686,67.252896,12.86,175,1,1,0,4,54,28,7,1,31,0,1,0.0,12.86,12.86,1,0,0.09186370455032501,1
25.00278,67.220965,84.69,46,1,1,0,23,13,27,7,0,31,0,1,0.0,84.69,84.69,1,0,0.6049717836988355,3
25.059714,67.00212,102.55,284,1,1,0,19,46,27,7,0,31,0,0,0.0,102.55,102.55,1,1,0.7325523251660833,4
24.883707,67.167047,70.77,144,1,1,0,4,59,28,7,1,31,0,1,0.0,70.77,70.77,1,0,0.5055361097221229,3
24.88286,67.27804,60.95,39,1,1,0,22,35,27,7,0,31,0,1,0.0,60.95,60.95,1,0,0.43538824201728693,3
24.978276,67.019386,115.11,288,1,1,0,19,43,27,7,0,31,0,0,0.0,115.11,115.11,1,1,0.8222730195013929,4
24.948935,67.290706,56.1,279,1,1,0,10,6,28,7,1,31,0,0,0.0,56.1,56.1,1,0,0.40074291020787195,2
24.860318,67.028296,125.46,356,1,1,0,5,28,28,7,1,31,0,1,0.0,125.46,125.46,1,1,0.8962068719194227,4
24.916534,67.014776,134.96,237,1,1,0,16,48,27,7,0,31,0,0,0.0,134.96,134.96,1,1,0.9640688620615758,4
24.966412,67.252861,30.02,191,1,1,0,11,51,27,7,0,31,0,0,0.0,30.02,30.02,1,0,0.21444388884920348,2
24.986942,67.07143,108.15,57,1,1,0,12,27,27,7,0,31,0,0,0.0,108.15,108.15,1,1,0.7725551825130367,4
24.949901,67.145207,99.96,23,1,1,0,21,27,27,7,0,31,0,1,0.0,99.96,99.96,1,0,0.7140510036431172,4
24.902125,67.223033,128.67,296,1,1,0,3,10,28,7,1,31,0,1,0.0,128.67,128.67,1,1,0.919137081220087,4
24.99809,67.200165,53.44,173,1,1,0,2,44,28,7,1,31,0,1,0.0,53.44,53.44,1,0,0.3817415529680691,2
24.870621,67.14674,112.01,251,1,1,0,19,56,27,7,0,31,0,0,0.0,112.01,112.01,1,1,0.8001285806129009,4
24.865063,67.055616,82.31,285,1,1,0,10,53,28,7,1,31,0,0,0.0,82.31,82.31,1,0,0.5879705693263805,3
24.969904,67.025489,19.05,42,1,1,0,7,19,28,7,1,31,0,0,0.0,19.05,19.05,1,0,0.13608114865347523,1
24.78819,67.194631,48.8,133,1,1,0,23,25,27,7,0,31,0,1,0.0,48.8,48.8,1,0,0.34859632830916487,2
24.927306,67.235148,9.63,243,1,1,0,16,43,27,7,0,31,0,0,0.0,9.63,9.63,1,0,0.068790627901993,1
25.075407,67.248293,80.59,321,1,1,0,22,10,27,7,0,31,0,1,0.0,80.59,80.59,1,0,0.5756839774269591,3
24.791287,67.063401,111.42,258,1,1,0,5,56,28,7,1,31,0,1,0.0,111.42,111.42,1,1,0.795913993856704,4
25.060706,67.045412,49.79,222,1,1,0,4,31,28,7,1,31,0,1,0.0,49.79,49.79,1,0,0.3556682620187156,2
24.83923,67.162868,27.91,249,1,1,0,5,19,28,7,1,31,0,1,0.0,27.91,27.91,1,0,0.19937138367026214,1
24.913465,67.223605,99.13,223,1,1,0,16,41,27,7,0,31,0,0,0.0,99.13,99.13,1,0,0.7081220087149082,4
25.04605,66.949314,104.81,136,1,1,0,4,11,28,7,1,31,0,1,0.0,104.81,104.81,1,1,0.7486963354525323,4
24.909082,67.214036,77.55,269,1,1,0,13,23,27,7,0,31,0,0,0.0,77.55,77.55,1,0,0.55396814058147,3
24.884771,67.016022,90.97,120,1,1,0,22,7,27,7,0,31,0,1,0.0,90.97,90.97,1,0,0.6498321308664904,4
25.026967,66.954287,131.81,358,1,1,0,11,56,27,7,0,31,0,0,0.0,131.81,131.81,1,1,0.9415672548039146,4
25.018155,66.976802,133.16,70,1,1,0,5,42,28,7,1,31,0,1,0.0,133.16,133.16,1,1,0.9512108007714836,4
25.008751,67.150103,135.13,99,1,1,0,3,55,28,7,1,31,0,1,0.0,135.13,135.13,1,1,0.9652832345167511,4
25.057896,66.923013,105.37,170,1,1,0,13,33,27,7,0,31,0,0,0.0,105.37,105.37,1,1,0.7526966211872277,4
24.989747,67.018974,67.61,37,1,1,0,9,10,28,7,1,31,0,0,0.0,67.61,67.61,1,0,0.4829630687906279,3
25.08506,66.933921,18.13,199,1,1,0,21,15,27,7,0,31,0,1,0.0,18.13,18.13,1,0,0.12950925066076147,1
24.784296,67.184656,115.2,210,1,1,0,8,22,28,7,1,31,0,0,0.0,115.2,115.2,1,1,0.8229159225658975,4
24.921807,66.928378,49.0,79,1,1,0,21,11,27,7,0,31,0,1,0.0,49.0,49.0,1,0,0.35002500178584184,2
24.984036,67.079916,125.67,140,1,1,0,22,31,27,7,0,31,0,1,0.0,125.67,125.67,1,1,0.8977069790699336,4
24.957087,66.982164,67.99,278,1,1,0,21,26,27,7,0,31,0,1,0.0,67.99,67.99,1,0,0.48567754839631394,3
25.052797,66.954058,87.79,22,1,1,0,15,19,27,7,0,31,0,0,0.0,87.79,87.79,1,0,0.6271162225873277,3
24.906405,67.12857,19.35,61,1,1,0,2,46,28,7,1,31,0,1,0.0,19.35,19.35,1,0,0.1382241588684906,1
25.059535,67.285828,102.61,130,1,1,0,18,31,27,7,0,31,0,0,0.0,102.61,102.61,1,1,0.7329809272090864,4
24.790939,67.227444,75.72,105,1,1,0,18,42,27,7,0,31,0,0,0.0,75.72,75.72,1,0,0.5408957782698763,3
25.070254,66.931546,53.08,353,1,1,0,22,39,27,7,0,31,0,1,0.0,53.08,53.08,1,0,0.37916994071005067,2
25.010467,67.028439,32.81,242,1,1,0,1,37,28,7,1,31,0,1,0.0,32.81,32.81,1,0,0.23437388384884636,2
24.824608,67.262169,124.62,46,1,1,0,7,42,28,7,1,31,0,0,0.0,124.62,124.62,1,1,0.8902064433173797,4
24.843893,66.982282,102.75,104,1,1,0,22,41,27,7,0,31,0,1,0.0,102.75,102.75,1,1,0.7339809986427601,4
24.968866,67.21843,0.45,211,1,1,0,4,30,28,7,1,31,0,1,0.0,0.45,0.45,1,0,0.003214515322523037,1
24.862582,67.230979,10.79,359,1,1,0,2,21,28,7,1,31,0,1,0.0,10.79,10.79,1,0,0.07707693406671905,1
24.919327,67.179603,18.42,292,1,1,0,18,38,27,7,0,31,0,0,0.0,18.42,18.42,1,0,0.131580827201943,1
24.924699,67.002051,51.29,233,1,1,0,19,26,27,7,0,31,0,0,0.0,51.29,51.29,1,0,0.3663833130937924,2
24.996522,67.065841,63.85,36,1,1,0,2,41,28,7,1,31,0,1,0.0,63.85,63.85,1,0,0.45610400742910207,3
24.785562,66.925326,117.66,160,1,1,0,5,43,28,7,1,31,0,1,0.0,117.66,117.66,1,1,0.8404886063290234,4
24.915876,67.100891,71.22,2,1,1,0,13,43,27,7,0,31,0,0,0.0,71.22,71.22,1,0,0.508750625044646,3
25.060828,67.179153,72.1,207,1,1,0,10,50,28,7,1,31,0,0,0.0,72.1,72.1,1,0,0.5150367883420244,3
24.964401,67.194412,87.21,265,1,1,0,18,58,27,7,0,31,0,0,0.0,87.21,87.21,1,0,0.6229730695049646,3
25.030035,66.935088,81.78,126,1,1,0,9,19,28,7,1,31,0,0,0.0,81.78,81.78,1,0,0.5841845846131867,3
25.082764,67.058507,103.35,118,1,1,0,14,26,27,7,0,31,0,0,0.0,103.35,103.35,1,1,0.7382670190727908,4
25.016181,67.091075,120.1,37,1,1,0,14,44,27,7,0,31,0,0,0.0,120.1,120.1,1,1,0.8579184227444816,4
24.819814,66.916762,41.08,158,1,1,0,16,35,27,7,0,31,0,0,0.0,41.08,41.08,1,0,0.29344953210943636,2
24.975802,67.150765,84.92,319,1,1,0,7,58,28,7,1,31,0,0,0.0,84.92,84.92,1,0,0.606614758197014,3
24.862573,67.076944,85.13,3,1,1,0,8,59,28,7,1,31,0,0,0.0,85.13,85.13,1,0,0.6081148653475248,3
24.884895,67.083509,86.45,34,1,1,0,10,55,28,7,1,31,0,0,0.0,86.45,86.45,1,0,0.6175441102935924,3
24.839079,67.122518,137.34,48,1,1,0,20,45,27,7,0,31,0,1,0.0,137.34,137.34,1,1,0.981070076434031,4
25.057742,66.959702,127.61,187,1,1,0,17,5,27,7,0,31,0,0,0.0,127.61,127.61,1,1,0.9115651117936995,4
24.918148,66.997284,13.99,159,1,1,0,3,50,28,7,1,31,0,1,0.0,13.99,13.99,1,0,0.09993570969354953,1
24.911651,66.990833,106.74,196,1,1,0,10,39,28,7,1,31,0,0,0.0,106.74,106.74,1,1,0.7624830345024644,4
24.961127,67.277889,61.53,48,1,1,0,9,17,28,7,1,31,0,0,0.0,61.53,61.53,1,0,0.43953139509964995,3
24.813516,67.296665,24.37,212,1,1,0,2,42,28,7,1,31,0,1,0.0,24.37,24.37,1,0,0.17408386313308094,1
24.867874,67.231355,35.17,280,1,1,0,9,42,28,7,1,31,0,0,0.0,35.17,35.17,1,0,0.25123223087363383,2
25.041651,66.950356,97.23,133,1,1,0,13,43,27,7,0,31,0,0,0.0,97.23,97.23,1,0,0.6945496106864776,4
25.086308,67.195664,19.58,23,1,1,0,8,36,28,7,1,31,0,0,0.0,19.58,19.58,1,0,0.13986713336666903,1
24.832767,67.222474,0.33,191,1,1,0,20,2,27,7,0,31,0,1,0.0,0.33,0.33,1,0,0.002357311236516894,1
25.062619,66.99253,10.39,308,1,1,0,4,36,28,7,1,31,0,1,0.0,10.39,10.39,1,0,0.07421958711336524,1
24.917619,67.059387,2.87,314,1,1,0,5,30,28,7,1,31,0,1,0.0,2.87,2.87,1,0,0.020501464390313594,1
24.918193,67.242085,8.23,44,1,1,0,17,18,27,7,0,31,0,0,0.0,8.23,8.23,1,0,0.05878991356525466,1
24.769099,67.259165,104.7,122,1,1,0,17,20,27,7,0,31,0,0,0.0,104.7,104.7,1,1,0.74791056504036,4
24.969491,67.275282,108.83,271,1,1,0,2,34,28,7,1,31,0,1,0.0,108.83,108.83,1,1,0.777412672333738,4
25.031364,67.139339,2.61,252,1,1,0,6,5,28,7,1,31,0,0,0.0,2.61,2.61,1,0,0.018644188870633613,1
24.965927,67.111608,111.19,36,1,1,0,0,17,28,7,1,31,0,1,0.0,111.19,111.19,1,1,0.7942710193585255,4
25.049675,67.156606,58.96,99,1,1,0,23,53,27,7,0,31,0,1,0.0,58.96,58.96,1,0,0.4211729409243517,2
24.786397,67.045612,50.36,341,1,1,0,8,11,28,7,1,31,0,0,0.0,50.36,50.36,1,0,0.3597399814272448,2
24.816688,67.209929,109.94,92,1,1,0,20,8,27,7,0,31,0,1,0.0,109.94,109.94,1,1,0.7853418101292949,4
24.799813,67.222177,84.14,227,1,1,0,21,11,27,7,0,31,0,1,0.0,84.14,84.14,1,0,0.6010429316379741,3
25.089718,67.046065,57.43,15,1,1,0,17,53,27,7,0,31,0,0,0.0,57.43,57.43,1,0,0.4102435888277734,2
24.976574,67.107862,124.43,310,1,1,0,14,19,27,7,0,31,0,0,0.0,124.43,124.43,1,1,0.8888492035145368,4
24.888865,67.268503,100.22,53,1,1,0,0,39,28,7,1,31,0,1,0.0,100.22,100.22,1,1,0.7159082791627973,4
24.956977,66.972244,50.97,232,1,1,0,8,31,28,7,1,31,0,0,0.0,50.97,50.97,1,0,0.36409743553110935,2
24.897125,66.933931,24.51,80,1,1,0,3,38,28,7,1,31,0,1,0.0,24.51,24.51,1,0,0.17508393456675478,1
24.898546,67.198803,6.82,268,1,1,0,20,12,27,7,0,31,0,1,0.0,6.82,6.82,1,0,0.04871776555468248,1
24.857244,67.079471,59.69,47,1,1,0,16,45,27,7,0,31,0,0,0.0,59.69,59.69,1,0,0.4263875991142224,2
24.912899,66.95713,114.23,251,1,1,0,5,38,28,7,1,31,0,1,0.0,114.23,114.23,1,1,0.8159868562040146,4
24.905179,66.945583,82.41,1,1,1,0,0,4,28,7,1,31,0,1,0.0,82.41,82.41,1,0,0.5886849060647188,3
24.890117,67.058054,85.66,26,1,1,0,17,55,27,7,0,31,0,0,0.0,85.66,85.66,1,0,0.6119008500607186,3
24.782438,66.914974,76.6,22,1,1,0,6,39,28,7,1,31,0,0,0.0,76.6,76.6,1,0,0.5471819415672547,3
24.887533,67.23276,119.13,167,1,1,0,23,46,27,7,0,31,0,1,0.0,119.13,119.13,1,1,0.8509893563825986,4
25.071971,67.00722,128.71,42,1,1,0,4,54,28,7,1,31,0,1,0.0,128.71,128.71,1,1,0.9194228159154225,4
24.827422,66.970514,76.97,342,1,1,0,13,14,27,7,0,31,0,0,0.0,76.97,76.97,1,0,0.549824987499107,3
24.852023,67.286598,88.35,30,1,1,0,23,13,27,7,0,31,0,1,0.0,88.35,88.35,1,0,0.6311165083220229,3
25.024338,67.223205,93.93,218,1,1,0,4,3,28,7,1,31,0,1,0.0,93.93,93.93,1,0,0.6709764983213087,4
24.855593,67.14788,58.1,178,1,1,0,11,28,27,7,0,31,0,0,0.0,58.1,58.1,1,0,0.415029644974641,2
24.910469,67.175336,58.07,71,1,1,0,2,36,28,7,1,31,0,1,0.0,58.07,58.07,1,0,0.41481534395313946,2
24.884832,67.189605,97.84,321,1,1,0,12,46,27,7,0,31,0,0,0.0,97.84,97.84,1,0,0.6989070647903421,4
24.865341,67.015327,92.47,173,1,1,0,3,3,28,7,1,31,0,1,0.0,92.47,92.47,1,0,0.6605471819415673,4
24.847761,66.992945,118.89,340,1,1,0,16,27,27,7,0,31,0,0,0.0,118.89,118.89,1,1,0.8492749482105865,4
24.818848,66.964517,8.73,172,1,1,0,4,18,28,7,1,31,0,1,0.0,8.73,8.73,1,0,0.06236159725694693,1
25.073927,66.993882,60.38,276,1,1,0,22,21,27,7,0,31,0,1,0.0,60.38,60.38,1,0,0.43131652260875775,3
24.829582,67.082149,133.19,292,1,1,0,4,13,28,7,1,31,0,1,0.0,133.19,133.19,1,1,0.9514251017929851,4
24.950896,67.194578,113.96,138,1,1,0,19,45,27,7,0,31,0,0,0.0,113.96,113.96,1,1,0.8140581470105006,4
24.804948,67.11428,50.69,117,1,1,0,0,47,28,7,1,31,0,1,0.0,50.69,50.69,1,0,0.36209729266376167,2
24.795409,67.094465,103.58,284,1,1,0,19,1,27,7,0,31,0,0,0.0,103.58,103.58,1,1,0.7399099935709693,4
24.864872,67.144918,101.16,68,1,1,0,22,48,27,7,0,31,0,1,0.0,101.16,101.16,1,1,0.7226230445031787,4
24.865951,66.910988,40.24,168,1,1,0,11,28,27,7,0,31,0,0,0.0,40.24,40.24,1,0,0.2874491035073934,2
24.965267,67.124377,28.86,281,1,1,0,6,26,28,7,1,31,0,0,0.0,28.86,28.86,1,0,0.20615758268447745,1
24.861636,67.211801,68.05,64,1,1,0,11,14,28,7,1,31,0,0,0.0,68.05,68.05,1,0,0.48610615043931704,3
24.98949,67.155071,60.51,178,1,1,0,14,32,27,7,0,31,0,0,0.0,60.51,60.51,1,0,0.4322451603685977,3
24.805347,66.965342,95.3,329,1,1,0,1,38,28,7,1,31,0,1,0.0,95.3,95.3,1,0,0.6807629116365455,4
24.947498,67.139356,128.54,33,1,1,0,19,50,27,7,0,31,0,0,0.0,128.54,128.54,1,1,0.918208443460247,4
24.992436,67.226915,131.94,208,1,1,0,19,56,27,7,0,31,0,0,0.0,131.94,131.94,1,1,0.9424958925637544,4
24.818144,66.973101,16.08,285,1,1,0,16,54,27,7,0,31,0,0,0.0,16.08,16.08,1,0,0.11486534752482318,1
24.776205,67.19493,2.63,43,1,1,0,14,25,27,7,0,31,0,0,0.0,2.63,2.63,1,0,0.018787056218301304,1
24.762717,67.281956,79.31,242,1,1,0,3,30,28,7,1,31,0,1,0.0,79.31,79.31,1,0,0.5665404671762269,3
24.967898,67.080664,128.26,81,1,1,0,8,58,28,7,1,31,0,0,0.0,128.26,128.26,1,1,0.9162083005928994,4
24.819403,66.943603,7.91,203,1,1,0,21,45,27,7,0,31,0,1,0.0,7.91,7.91,1,0,0.05650403600257161,1
25.027877,67.204664,75.42,165,1,1,0,12,54,27,7,0,31,0,0,0.0,75.42,75.42,1,0,0.538752768054861,3
25.099196,67.093108,96.66,151,1,1,0,20,12,27,7,0,31,0,1,0.0,96.66,96.66,1,0,0.6904778912779483,4
24.983302,66.969672,135.49,25,1,1,0,2,0,28,7,1,31,0,1,0.0,135.49,135.49,1,1,0.9678548467747696,4
25.024196,67.266552,130.61,166,1,1,0,12,48,27,7,0,31,0,0,0.0,130.61,130.61,1,1,0.9329952139438532,4
25.078167,67.043317,6.32,94,1,1,0,5,50,28,7,1,31,0,1,0.0,6.32,6.32,1,0,0.04514608186299021,1
25.000033,66.921283,115.44,278,1,1,0,14,5,27,7,0,31,0,0,0.0,115.44,115.44,1,1,0.8246303307379098,4
24.826332,67.086784,47.31,323,1,1,0,0,31,28,7,1,31,0,1,0.0,47.31,47.31,1,0,0.337952710907922,2
24.79474,66.922024,75.26,120,1,1,0,6,34,28,7,1,31,0,0,0.0,75.26,75.26,1,0,0.5376098292735195,3
24.992799,67.150829,93.81,34,1,1,0,17,13,27,7,0,31,0,0,0.0,93.81,93.81,1,0,0.6701192942353025,4
24.828843,67.162166,132.36,108,1,1,0,14,52,27,7,0,31,0,0,0.0,132.36,132.36,1,1,0.9454961068647761,4
25.015052,67.202926,16.91,250,1,1,0,4,48,28,7,1,31,0,1,0.0,16.91,16.91,1,0,0.12079434245303235,1
24.946417,67.217643,37.0,41,1,1,0,23,11,27,7,0,31,0,1,0.0,37.0,37.0,1,0,0.2643045931852275,2
24.911854,67.098163,120.39,309,1,1,0,21,38,27,7,0,31,0,1,0.0,120.39,120.39,1,1,0.8599899992856632,4
24.939103,67.073117,128.08,21,1,1,0,23,50,27,7,0,31,0,1,0.0,128.08,128.08,1,1,0.9149224944638903,4
25.002834,67.135733,12.52,269,1,1,0,13,40,27,7,0,31,0,0,0.0,12.52,12.52,1,0,0.08943495963997428,1
24.809433,67.214107,14.68,292,1,1,0,10,20,28,7,1,31,0,0,0.0,14.68,14.68,1,0,0.10486463318808485,1
25.059376,67.278163,70.67,325,1,1,0,1,50,28,7,1,31,0,1,0.0,70.67,70.67,1,0,0.5048217729837845,3
24.977119,66.920715,11.54,320,1,1,0,0,13,28,7,1,31,0,1,0.0,11.54,11.54,1,0,0.08243445960425744,1
24.80354,67.128131,32.74,201,1,1,0,22,10,27,7,0,31,0,1,0.0,32.74,32.74,1,0,0.23387384813200943,2
24.980862,67.172113,61.02,324,1,1,0,1,2,28,7,1,31,0,1,0.0,61.02,61.02,1,0,0.43588827773412386,3
24.798958,67.132851,25.13,186,1,1,0,7,28,28,7,1,31,0,0,0.0,25.13,25.13,1,0,0.17951282234445315,1
24.91342,67.279992,11.99,155,1,1,0,14,14,27,7,0,31,0,0,0.0,11.99,11.99,1,0,0.08564897492678047,1
24.933484,67.208663,89.15,306,1,1,0,18,11,27,7,0,31,0,0,0.0,89.15,89.15,1,0,0.6368312022287306,3
24.954029,67.126095,99.68,111,1,1,0,11,0,28,7,1,31,0,0,0.0,99.68,99.68,1,0,0.7120508607757697,4
25.078135,67.063128,56.59,358,1,1,0,10,30,28,7,1,31,0,0,0.0,56.59,56.59,1,0,0.4042431602257304,2
25.038152,67.219135,81.67,242,1,1,0,4,47,28,7,1,31,0,1,0.0,81.67,81.67,1,0,0.5833988142010144,3
24.776883,67.046797,121.56,115,1,1,0,8,40,28,7,1,31,0,0,0.0,121.56,121.56,1,1,0.8683477391242231,4
24.999521,67.105399,60.77,238,1,1,0,11,14,28,7,1,31,0,0,0.0,60.77,60.77,1,0,0.43410243588827774,3
25.04287,67.179843,2.4,87,1,1,0,6,1,28,7,1,31,0,0,0.0,2.4,2.4,1,0,0.017144081720122863,1
25.062878,67.062845,1.53,278,1,1,0,11,11,28,7,1,31,0,0,0.0,1.53,1.53,1,0,0.010929352096578327,1
25.071259,67.017474,16.18,202,1,1,0,10,38,28,7,1,31,0,0,0.0,16.18,16.18,1,0,0.11557968426316165,1
25.037832,67.124545,44.7,288,1,1,0,10,33,28,7,1,31,0,0,0.0,44.7,44.7,1,0,0.3193085220372884,2
24.867678,66.945618,126.02,323,1,1,0,15,36,27,7,0,31,0,0,0.0,126.02,126.02,1,1,0.9002071576541181,4
24.906549,67.078378,25.79,333,1,1,0,20,57,27,7,0,31,0,1,0.0,25.79,25.79,1,0,0.18422744481748696,1
24.963525,66.998093,72.37,322,1,1,0,8,30,28,7,1,31,0,0,0.0,72.37,72.37,1,0,0.5169654975355382,3
25.014484,66.948348,63.82,256,1,1,0,0,42,28,7,1,31,0,1,0.0,63.82,63.82,1,0,0.4558897064076005,3
25.063965,67.230796,24.57,263,1,1,0,23,24,27,7,0,31,0,1,0.0,24.57,24.57,1,0,0.17551253660975782,1
25.023853,67.143925,111.59,180,1,1,0,9,43,28,7,1,31,0,0,0.0,111.59,111.59,1,1,0.7971283663118794,4
25.023718,67.162885,0.71,140,1,1,0,1,37,28,7,1,31,0,1,0.0,0.71,0.71,1,0,0.0050717908422030136,1
24.85296,67.121763,2.09,299,1,1,0,7,9,28,7,1,31,0,0,0.0,2.09,2.09,1,0,0.01492963783127366,1
24.877266,67.106809,26.94,59,1,1,0,3,32,28,7,1,31,0,1,0.0,26.94,26.94,1,0,0.19244231730837916,1
24.980077,66.965411,56.78,130,1,1,0,9,18,28,7,1,31,0,0,0.0,56.78,56.78,1,0,0.40560040002857345,2
25.028182,66.982444,113.52,254,1,1,0,5,31,28,7,1,31,0,1,0.0,113.52,113.52,1,1,0.8109150653618115,4
24.809243,67.188125,23.55,250,1,1,0,4,39,28,7,1,31,0,1,0.0,23.55,23.55,1,0,0.1682263018787056,1
24.798146,67.178382,64.05,149,1,1,0,6,4,28,7,1,31,0,0,0.0,64.05,64.05,1,0,0.4575326809057789,3
24.830963,66.972787,2.41,75,1,1,0,20,36,27,7,0,31,0,1,0.0,2.41,2.41,1,0,0.01721551539395671,1
24.848714,67.022454,94.97,297,1,1,0,2,21,28,7,1,31,0,1,0.0,94.97,94.97,1,0,0.6784056004000285,4
24.808883,66.991365,86.25,60,1,1,0,23,19,27,7,0,31,0,1,0.0,86.25,86.25,1,0,0.6161154368169155,3
24.843429,66.987684,63.31,294,1,1,0,4,51,28,7,1,31,0,1,0.0,63.31,63.31,1,0,0.45224658904207443,3
25.0569,67.110354,14.97,254,1,1,0,10,30,28,7,1,31,0,0,0.0,14.97,14.97,1,0,0.10693620972926637,1
24.827747,67.183664,54.26,268,1,1,0,13,49,27,7,0,31,0,0,0.0,54.26,54.26,1,0,0.3875991142224444,2
24.892724,67.114499,58.5,197,1,1,0,0,42,28,7,1,31,0,1,0.0,58.5,58.5,1,0,0.41788699192799483,2
25.042075,66.931277,30.45,288,1,1,0,4,14,28,7,1,31,0,1,0.0,30.45,30.45,1,0,0.21751553682405883,2
24.796379,67.190564,124.06,81,1,1,0,7,34,28,7,1,31,0,0,0.0,124.06,124.06,1,1,0.8862061575826844,4
25.039395,67.0912,93.2,346,1,1,0,8,41,28,7,1,31,0,0,0.0,93.2,93.2,1,0,0.6657618401314379,4
25.062331,67.293226,137.35,332,1,1,0,9,56,28,7,1,31,0,0,0.0,137.35,137.35,1,1,0.9811415101078648,4
24.964019,67.029854,101.09,29,1,1,0,12,33,27,7,0,31,0,0,0.0,101.09,101.09,1,1,0.7221230087863418,4
24.854495,67.134775,114.88,337,1,1,0,17,31,27,7,0,31,0,0,0.0,114.88,114.88,1,1,0.8206300450032145,4
25.073162,67.267949,86.2,22,1,1,0,13,20,27,7,0,31,0,0,0.0,86.2,86.2,1,0,0.6157582684477463,3
24.95285,67.00287,135.25,42,1,1,0,12,14,27,7,0,31,0,0,0.0,135.25,135.25,1,1,0.9661404386027572,4
24.887496,66.954904,31.58,195,1,1,0,16,23,27,7,0,31,0,0,0.0,31.58,31.58,1,0,0.22558754196728334,2
24.776531,67.001131,9.48,278,1,1,0,8,10,28,7,1,31,0,0,0.0,9.48,9.48,1,0,0.06771912279448532,1
24.873594,67.267124,12.96,324,1,1,0,21,56,27,7,0,31,0,1,0.0,12.96,12.96,1,0,0.09257804128866348,1
24.800057,67.266832,85.5,308,1,1,0,14,49,27,7,0,31,0,0,0.0,85.5,85.5,1,0,0.6107579112793771,3
25.040321,67.136313,77.93,23,1,1,0,16,35,27,7,0,31,0,0,0.0,77.93,77.93,1,0,0.5566826201871562,3
24.806966,66.974025,73.0,237,1,1,0,19,20,27,7,0,31,0,0,0.0,73.0,73.0,1,0,0.5214658189870705,3
24.902327,66.986818,108.13,170,1,1,0,22,11,27,7,0,31,0,1,0.0,108.13,108.13,1,1,0.7724123151653689,4
24.815039,67.138014,134.51,345,1,1,0,2,47,28,7,1,31,0,1,0.0,134.51,134.51,1,1,0.9608543467390527,4
24.767702,66.904523,68.87,125,1,1,0,10,53,28,7,1,31,0,0,0.0,68.87,68.87,1,0,0.4919637116936924,3
24.924347,66.9107,103.29,91,1,1,0,21,25,27,7,0,31,0,1,0.0,103.29,103.29,1,1,0.7378384170297878,4
25.05248,66.954726,44.93,39,1,1,0,19,0,27,7,0,31,0,0,0.0,44.93,44.93,1,0,0.3209514965354668,2
25.061139,67.291609,74.09,321,1,1,0,2,25,28,7,1,31,0,1,0.0,74.09,74.09,1,0,0.5292520894349596,3
24.909681,66.903137,61.37,40,1,1,0,4,34,28,7,1,31,0,1,0.0,61.37,61.37,1,0,0.4383884563183084,3
24.805211,67.233498,123.1,154,1,1,0,13,4,27,7,0,31,0,0,0.0,123.1,123.1,1,1,0.8793485248946352,4
24.959542,67.189647,17.49,31,1,1,0,19,35,27,7,0,31,0,0,0.0,17.49,17.49,1,0,0.12493749553539536,1
24.947301,67.270869,107.24,305,1,1,0,7,57,28,7,1,31,0,0,0.0,107.24,107.24,1,1,0.7660547181941566,4
25.027475,67.214859,124.99,330,1,1,0,16,31,27,7,0,31,0,0,0.0,124.99,124.99,1,1,0.892849489249232,4
24.866381,67.193839,98.81,237,1,1,0,16,56,27,7,0,31,0,0,0.0,98.81,98.81,1,0,0.7058361311522251,4
25.01467,67.027113,124.97,163,1,1,0,4,8,28,7,1,31,0,1,0.0,124.97,124.97,1,1,0.8927066219015644,4
25.074432,66.916001,117.87,331,1,1,0,4,28,28,7,1,31,0,1,0.0,117.87,117.87,1,1,0.8419887134795342,4
24.968665,67.014802,125.04,53,1,1,0,1,28,28,7,1,31,0,1,0.0,125.04,125.04,1,1,0.8932066576184013,4
25.073171,67.069688,93.04,205,1,1,0,2,15,28,7,1,31,0,1,0.0,93.04,93.04,1,0,0.6646189013500965,4
24.881027,67.246163,119.37,248,1,1,0,11,44,27,7,0,31,0,0,0.0,119.37,119.37,1,1,0.852703764554611,4
24.884597,67.03804,42.21,226,1,1,0,15,27,27,7,0,31,0,0,0.0,42.21,42.21,1,0,0.3015215372526609,2
24.838554,66.926499,8.3,341,1,1,0,10,58,28,7,1,31,0,0,0.0,8.3,8.3,1,0,0.05928994928209158,1
24.976529,66.933588,130.29,239,1,1,0,19,25,27,7,0,31,0,0,0.0,130.29,130.29,1,1,0.9307093363811699,4
24.993275,67.167304,87.23,192,1,1,0,14,7,27,7,0,31,0,0,0.0,87.23,87.23,1,0,0.6231159368526323,3
24.825935,67.028373,71.84,287,1,1,0,3,49,28,7,1,31,0,1,0.0,71.84,71.84,1,0,0.5131795128223444,3
25.004482,67.013213,120.55,290,1,1,0,11,59,27,7,0,31,0,0,0.0,120.55,120.55,1,1,0.8611329380670047,4
24.905705,67.223943,58.14,331,1,1,0,7,8,28,7,1,31,0,0,0.0,58.14,58.14,1,0,0.4153153796699764,2
24.946129,67.253413,115.91,33,1,1,0,16,14,27,7,0,31,0,0,0.0,115.91,115.91,1,1,0.8279877134081005,4
24.917387,67.265904,39.42,5,1,1,0,3,43,28,7,1,31,0,1,0.0,39.42,39.42,1,0,0.2815915422530181,2
24.866311,67.12024,61.11,301,1,1,0,23,57,27,7,0,31,0,1,0.0,61.11,61.11,1,0,0.43653118079862846,3
25.062781,66.962022,27.3,26,1,1,0,22,55,27,7,0,31,0,1,0.0,27.3,27.3,1,0,0.1950139295663976,1
24.911173,66.946451,17.26,133,1,1,0,8,0,28,7,1,31,0,0,0.0,17.26,17.26,1,0,0.12329452103721694,1
25.042261,67.281237,16.62,42,1,1,0,7,51,28,7,1,31,0,0,0.0,16.62,16.62,1,0,0.11872276591185085,1
24.895295,66.982527,16.77,310,1,1,0,11,49,27,7,0,31,0,0,0.0,16.77,16.77,1,0,0.11979427101935851,1
24.868825,67.252694,129.89,351,1,1,0,17,28,27,7,0,31,0,0,0.0,129.89,129.89,1,1,0.9278519894278161,4
24.79089,67.264064,19.85,312,1,1,0,13,36,27,7,0,31,0,0,0.0,19.85,19.85,1,0,0.14179584256018288,1
24.943629,67.073124,0.61,299,1,1,0,17,46,27,7,0,31,0,0,0.0,0.61,0.61,1,0,0.004357454103864561,1
24.942115,67.165299,112.98,342,1,1,0,22,53,27,7,0,31,0,1,0.0,112.98,112.98,1,1,0.8070576469747839,4
25.070973,67.02254,129.54,44,1,1,0,22,54,27,7,0,31,0,1,0.0,129.54,129.54,1,1,0.9253518108436316,4
24.892505,67.180532,42.43,175,1,1,0,21,44,27,7,0,31,0,1,0.0,42.43,42.43,1,0,0.3030930780770055,2
24.840749,67.133347,103.8,135,1,1,0,19,14,27,7,0,31,0,0,0.0,103.8,103.8,1,1,0.7414815343953138,4
25.008588,67.107981,113.93,267,1,1,0,18,12,27,7,0,31,0,0,0.0,113.93,113.93,1,1,0.8138438459889992,4
24.774892,67.246751,136.7,254,1,1,0,7,51,28,7,1,31,0,0,0.0,136.7,136.7,1,1,0.9764983213086648,4
24.85171,67.070117,130.39,123,1,1,0,12,18,27,7,0,31,0,0,0.0,130.39,130.39,1,1,0.9314236731195084,4
25.022682,67.286815,74.76,118,1,1,0,22,46,27,7,0,31,0,1,0.0,74.76,74.76,1,0,0.5340381455818273,3
24.770384,67.242294,136.02,227,1,1,0,10,26,28,7,1,31,0,0,0.0,136.02,136.02,1,1,0.9716408314879634,4
24.814481,67.155261,124.11,44,1,1,0,18,45,27,7,0,31,0,0,0.0,124.11,124.11,1,1,0.8865633259518536,4
24.991171,67.059291,18.52,36,1,1,0,15,32,27,7,0,31,0,0,0.0,18.52,18.52,1,0,0.13229516394028143,1
24.86508,67.159481,43.26,239,1,1,0,3,33,28,7,1,31,0,1,0.0,43.26,43.26,1,0,0.3090220730052146,2
25.089434,67.171094,118.67,314,1,1,0,2,8,28,7,1,31,0,1,0.0,118.67,118.67,1,1,0.8477034073862418,4
24.784653,67.227905,75.35,121,1,1,0,10,0,28,7,1,31,0,0,0.0,75.35,75.35,1,0,0.5382527323380241,3
24.870565,67.062184,54.4,97,1,1,0,13,35,27,7,0,31,0,0,0.0,54.4,54.4,1,0,0.3885991856561183,2
25.069395,66.910569,134.6,215,1,1,0,8,7,28,7,1,31,0,0,0.0,134.6,134.6,1,1,0.9614972498035573,4
24.885011,66.989821,12.38,82,1,1,0,11,39,27,7,0,31,0,0,0.0,12.38,12.38,1,0,0.08843488820630045,1
25.041339,67.265552,115.41,306,1,1,0,17,43,27,7,0,31,0,0,0.0,115.41,115.41,1,1,0.8244160297164083,4
24.799196,66.938411,35.84,101,1,1,0,6,41,28,7,1,31,0,0,0.0,35.84,35.84,1,0,0.25601828702050144,2
24.8266,67.089271,81.93,181,1,1,0,2,17,28,7,1,31,0,1,0.0,81.93,81.93,1,0,0.5852560897206943,3
25.021311,67.231182,25.93,16,1,1,0,10,27,28,7,1,31,0,0,0.0,25.93,25.93,1,0,0.1852275162511608,1
24.892215,67.289409,99.68,233,1,1,0,23,52,27,7,0,31,0,1,0.0,99.68,99.68,1,0,0.7120508607757697,4
24.836178,66.956553,93.62,251,1,1,0,4,29,28,7,1,31,0,1,0.0,93.62,93.62,1,0,0.6687620544324594,4
24.761929,67.160169,54.52,336,1,1,0,12,46,27,7,0,31,0,0,0.0,54.52,54.52,1,0,0.38945638974212443,2
24.996417,66.979208,23.89,93,1,1,0,17,3,27,7,0,31,0,0,0.0,23.89,23.89,1,0,0.17065504678905635,1
24.85595,66.92072,94.56,308,1,1,0,16,40,27,7,0,31,0,0,0.0,94.56,94.56,1,0,0.6754768197728409,4
25.053905,67.271545,5.19,130,1,1,0,20,42,27,7,0,31,0,1,0.0,5.19,5.19,1,0,0.037074076719765696,1
24.839195,66.995264,3.71,52,1,1,0,19,58,27,7,0,31,0,0,0.0,3.71,3.71,1,0,0.026501892992356595,1
24.781915,67.127992,34.96,20,1,1,0,21,45,27,7,0,31,0,1,0.0,34.96,34.96,1,0,0.24973212372312306,2
24.870392,66.983687,135.15,288,1,1,0,18,18,27,7,0,31,0,0,0.0,135.15,135.15,1,1,0.9654261018644189,4
24.976747,67.1012,127.4,77,1,1,0,0,9,28,7,1,31,0,1,0.0,127.4,127.4,1,1,0.9100650046431887,4
24.995549,67.23874,104.02,329,1,1,0,0,31,28,7,1,31,0,1,0.0,104.02,104.02,1,1,0.7430530752196585,4
25.083263,67.231757,123.26,349,1,1,0,13,52,27,7,0,31,0,0,0.0,123.26,123.26,1,1,0.8804914636759769,4
24.889802,67.222405,127.89,22,1,1,0,0,51,28,7,1,31,0,1,0.0,127.89,127.89,1,1,0.9135652546610472,4
24.975193,67.006515,67.5,305,1,1,0,18,9,27,7,0,31,0,0,0.0,67.5,67.5,1,0,0.4821772983784556,3
24.880289,67.097768,76.15,234,1,1,0,7,46,28,7,1,31,0,0,0.0,76.15,76.15,1,0,0.5439674262447318,3
24.966936,67.262869,112.68,54,1,1,0,15,42,27,7,0,31,0,0,0.0,112.68,112.68,1,1,0.8049146367597686,4
25.08884,67.266195,131.69,84,1,1,0,18,21,27,7,0,31,0,0,0.0,131.69,131.69,1,1,0.9407100507179084,4
24.880644,67.260728,114.9,282,1,1,0,15,39,27,7,0,31,0,0,0.0,114.9,114.9,1,1,0.8207729123508822,4
24.898473,66.941571,108.3,275,1,1,0,19,30,27,7,0,31,0,0,0.0,108.3,108.3,1,1,0.7736266876205442,4
24.896463,67.284546,114.05,153,1,1,0,2,4,28,7,1,31,0,1,0.0,114.05,114.05,1,1,0.8147010500750053,4
24.79164,67.013584,23.7,24,1,1,0,8,34,28,7,1,31,0,0,0.0,23.7,23.7,1,0,0.16929780698621327,1
24.981002,66.931491,89.23,131,1,1,0,1,47,28,7,1,31,0,1,0.0,89.23,89.23,1,0,0.6374026716194013,3
24.758342,66.941727,60.92,287,1,1,0,17,43,27,7,0,31,0,0,0.0,60.92,60.92,1,0,0.4351739409957854,3
24.973788,66.98104,41.36,59,1,1,0,8,53,28,7,1,31,0,0,0.0,41.36,41.36,1,0,0.29544967497678404,2
24.913574,66.919596,114.04,100,1,1,0,6,24,28,7,1,31,0,0,0.0,114.04,114.04,1,1,0.8146296164011715,4
25.041488,67.053498,75.62,81,1,1,0,6,25,28,7,1,31,0,0,0.0,75.62,75.62,1,0,0.5401814415315379,3
24.939214,67.089421,96.98,270,1,1,0,17,13,27,7,0,31,0,0,0.0,96.98,96.98,1,0,0.6927637688406315,4
25.040268,67.114807,138.21,69,1,1,0,13,35,27,7,0,31,0,0,0.0,138.21,138.21,1,1,0.9872848060575755,4
25.023332,66.941306,88.99,38,1,1,0,22,6,27,7,0,31,0,1,0.0,88.99,88.99,1,0,0.635688263447389,3
24.775548,67.258675,43.03,313,1,1,0,6,56,28,7,1,31,0,0,0.0,43.03,43.03,1,0,0.3073790985070362,2
25.050169,67.104577,116.87,169,1,1,0,6,0,28,7,1,31,0,0,0.0,116.87,116.87,1,1,0.8348453460961497,4
25.062645,67.141443,100.17,298,1,1,0,19,22,27,7,0,31,0,0,0.0,100.17,100.17,1,1,0.7155511107936281,4
24.976221,67.283589,60.7,112,1,1,0,7,9,28,7,1,31,0,0,0.0,60.7,60.7,1,0,0.4336024001714408,3
25.001852,67.053947,130.51,128,1,1,0,17,51,27,7,0,31,0,0,0.0,130.51,130.51,1,1,0.9322808772055146,4
25.042846,66.906513,6.43,80,1,1,0,19,17,27,7,0,31,0,0,0.0,6.43,6.43,1,0,0.045931852275162506,1
24.810247,67.234676,30.18,227,1,1,0,1,11,28,7,1,31,0,1,0.0,30.18,30.18,1,0,0.215586827630545,2
24.920464,67.012057,96.29,310,1,1,0,14,0,27,7,0,31,0,0,0.0,96.29,96.29,1,0,0.6878348453460962,4
24.959901,67.129594,122.09,225,1,1,0,4,53,28,7,1,31,0,1,0.0,122.09,122.09,1,1,0.8721337238374169,4
24.89464,67.087439,117.44,326,1,1,0,3,25,28,7,1,31,0,1,0.0,117.44,117.44,1,1,0.8389170655046788,4
25.072135,66.919613,117.32,213,1,1,0,4,51,28,7,1,31,0,1,0.0,117.32,117.32,1,1,0.8380598614186726,4
24.876647,67.139439,81.25,170,1,1,0,6,31,28,7,1,31,0,0,0.0,81.25,81.25,1,0,0.5803985998999929,3
25.03792,66.960711,48.01,255,1,1,0,3,40,28,7,1,31,0,1,0.0,48.01,48.01,1,0,0.3429530680762911,2
24.832192,67.295711,40.26,287,1,1,0,23,23,27,7,0,31,0,1,0.0,40.26,40.26,1,0,0.28759197085506105,2
25.073953,67.217017,28.12,27,1,1,0,22,17,27,7,0,31,0,1,0.0,28.12,28.12,1,0,0.2008714908207729,1
24.889122,67.272857,130.69,158,1,1,0,3,10,28,7,1,31,0,1,0.0,130.69,130.69,1,1,0.9335666833345239,4
24.75888,67.194978,11.45,353,1,1,0,19,55,27,7,0,31,0,0,0.0,11.45,11.45,1,0,0.08179155653975283,1
24.841078,67.182385,32.18,223,1,1,0,7,7,28,7,1,31,0,0,0.0,32.18,32.18,1,0,0.22987356239731407,2
25.021932,67.105235,14.3,316,1,1,0,23,13,27,7,0,31,0,1,0.0,14.3,14.3,1,0,0.10215015358239875,1
25.095224,66.972825,134.22,71,1,1,0,14,21,27,7,0,31,0,0,0.0,134.22,134.22,1,1,0.9587827701978712,4
24.950624,67.154945,110.52,131,1,1,0,22,24,27,7,0,31,0,1,0.0,110.52,110.52,1,1,0.7894849632116578,4
25.078788,66.904129,30.57,293,1,1,0,23,29,27,7,0,31,0,1,0.0,30.57,30.57,1,0,0.218372740910065,2
24.994635,67.252988,2.86,189,1,1,0,8,41,28,7,1,31,0,0,0.0,2.86,2.86,1,0,0.020430030716479745,1
24.809875,67.160131,59.69,43,1,1,0,1,29,28,7,1,31,0,1,0.0,59.69,59.69,1,0,0.4263875991142224,2
24.759217,67.261082,113.0,304,1,1,0,9,35,28,7,1,31,0,0,0.0,113.0,113.0,1,1,0.8072005143224515,4
24.931591,67.220366,42.0,46,1,1,0,12,36,27,7,0,31,0,0,0.0,42.0,42.0,1,0,0.30002143010215016,2
25.075185,67.179718,19.35,204,1,1,0,16,7,27,7,0,31,0,0,0.0,19.35,19.35,1,0,0.1382241588684906,1
24.942452,67.246788,95.86,74,1,1,0,13,42,27,7,0,31,0,0,0.0,95.86,95.86,1,0,0.6847631973712408,4
24.829965,66.934711,67.1,173,1,1,0,2,40,28,7,1,31,0,1,0.0,67.1,67.1,1,0,0.4793199514251017,3
25.081044,66.91079,16.67,77,1,1,0,5,7,28,7,1,31,0,1,0.0,16.67,16.67,1,0,0.11907993428102008,1
24.901631,66.996666,78.85,284,1,1,0,11,9,28,7,1,31,0,0,0.0,78.85,78.85,1,0,0.5632545181798699,3
25.081228,66.960986,38.05,167,1,1,0,18,9,27,7,0,31,0,0,0.0,38.05,38.05,1,0,0.27180512893778125,2
24.771013,67.225527,55.78,243,1,1,0,12,25,27,7,0,31,0,0,0.0,55.78,55.78,1,0,0.39845703264518895,2
24.916837,67.123167,41.04,35,1,1,0,22,15,27,7,0,31,0,1,0.0,41.04,41.04,1,0,0.293163797414101,2
24.84652,67.002978,33.4,114,1,1,0,9,11,28,7,1,31,0,0,0.0,33.4,33.4,1,0,0.23858847060504318,2
25.050886,67.045896,30.57,26,1,1,0,16,14,27,7,0,31,0,0,0.0,30.57,30.57,1,0,0.218372740910065,2
25.059813,67.21973,53.05,24,1,1,0,13,25,27,7,0,31,0,0,0.0,53.05,53.05,1,0,0.3789556396885491,2
24.866772,67.281873,40.23,249,1,1,0,15,40,27,7,0,31,0,0,0.0,40.23,40.23,1,0,0.2873776698335595,2
24.98695,67.20233,133.92,7,1,1,0,20,6,27,7,0,31,0,1,0.0,133.92,133.92,1,1,0.9566397599828558,4
25.091075,67.030482,34.55,0,1,1,0,1,52,28,7,1,31,0,1,0.0,34.55,34.55,1,0,0.24680334309593538,2
24.977654,66.931629,126.53,314,1,1,0,13,25,27,7,0,31,0,0,0.0,126.53,126.53,1,1,0.9038502750196442,4
24.870969,67.100937,109.48,322,1,1,0,20,11,27,7,0,31,0,1,0.0,109.48,109.48,1,1,0.782055861132938,4
25.095734,67.209682,29.89,31,1,1,0,22,11,27,7,0,31,0,1,0.0,29.89,29.89,1,0,0.2135152510893635,1
25.0913,67.142289,63.87,59,1,1,0,3,43,28,7,1,31,0,1,0.0,63.87,63.87,1,0,0.45624687477676973,3
24.953543,66.98815,2.24,273,1,1,0,8,31,28,7,1,31,0,0,0.0,2.24,2.24,1,0,0.01600114293878134,1
24.897946,67.13485,105.41,179,1,1,0,17,30,27,7,0,31,0,0,0.0,105.41,105.41,1,1,0.752982355882563,4
24.949142,67.284633,123.84,34,1,1,0,16,7,27,7,0,31,0,0,0.0,123.84,123.84,1,1,0.8846346167583399,4
24.894177,66.907811,86.03,277,1,1,0,19,40,27,7,0,31,0,0,0.0,86.03,86.03,1,0,0.6145438959925709,3
24.85867,67.051724,104.64,146,1,1,0,4,52,28,7,1,31,0,1,0.0,104.64,104.64,1,1,0.7474819629973569,4
24.854379,66.947171,10.94,118,1,1,0,9,28,28,7,1,31,0,0,0.0,10.94,10.94,1,0,0.07814843917422672,1
25.042992,67.109034,78.14,1,1,1,0,18,10,27,7,0,31,0,0,0.0,78.14,78.14,1,0,0.5581827273376669,3
24.820923,66.924993,53.91,357,1,1,0,4,0,28,7,1,31,0,1,0.0,53.91,53.91,1,0,0.3850989356382598,2
25.046604,67.212463,22.58,172,1,1,0,10,23,28,7,1,31,0,0,0.0,22.58,22.58,1,0,0.1612972355168226,1
25.040166,67.197352,12.4,117,1,1,0,1,43,28,7,1,31,0,1,0.0,12.4,12.4,1,0,0.08857775555396814,1
24.799311,67.052454,72.62,298,1,1,0,16,33,27,7,0,31,0,0,0.0,72.62,72.62,1,0,0.5187513393813844,3
24.955653,66.966261,14.41,105,1,1,0,17,35,27,7,0,31,0,0,0.0,14.41,14.41,1,0,0.10293592399457104,1
24.771343,67.01191,57.68,70,1,1,0,20,5,27,7,0,31,0,1,0.0,57.68,57.68,1,0,0.4120294306736195,2
24.764527,67.163612,35.08,150,1,1,0,12,33,27,7,0,31,0,0,0.0,35.08,35.08,1,0,0.2505893278091292,2
24.952766,67.143132,103.34,227,1,1,0,1,35,28,7,1,31,0,1,0.0,103.34,103.34,1,1,0.738195585398957,4
24.811182,67.255225,112.71,123,1,1,0,18,33,27,7,0,31,0,0,0.0,112.71,112.71,1,1,0.80512893778127,4
24.846238,67.27399,107.85,321,1,1,0,10,30,28,7,1,31,0,0,0.0,107.85,107.85,1,1,0.7704121722980212,4
25.075845,67.009279,130.3,69,1,1,0,20,28,27,7,0,31,0,1,0.0,130.3,130.3,1,1,0.9307807700550039,4
25.048338,66.962958,19.41,358,1,1,0,16,36,27,7,0,31,0,0,0.0,19.41,19.41,1,0,0.13865276091149367,1
24.754223,67.045665,81.65,260,1,1,0,16,32,27,7,0,31,0,0,0.0,81.65,81.65,1,0,0.5832559468533467,3
24.92713,66.913753,36.08,317,1,1,0,23,53,27,7,0,31,0,1,0.0,36.08,36.08,1,0,0.25773269519251374,2
24.998509,66.950532,22.18,60,1,1,0,12,21,27,7,0,31,0,0,0.0,22.18,22.18,1,0,0.1584398885634688,1
25.000641,67.109906,5.5,42,1,1,0,5,5,28,7,1,31,0,1,0.0,5.5,5.5,1,0,0.0392885206086149,1
25.062073,67.110222,9.94,353,1,1,0,13,52,27,7,0,31,0,0,0.0,9.94,9.94,1,0,0.0710050717908422,1
24.888226,67.243497,0.97,304,1,1,0,14,24,27,7,0,31,0,0,0.0,0.97,0.97,1,0,0.006929066361882991,1
24.755343,66.946809,105.93,145,1,1,0,8,11,28,7,1,31,0,0,0.0,105.93,105.93,1,1,0.756696906921923,4
25.016978,66.996895,110.01,112,1,1,0,2,50,28,7,1,31,0,1,0.0,110.01,110.01,1,1,0.7858418458461318,4
24.864058,67.140996,103.06,224,1,1,0,8,49,28,7,1,31,0,0,0.0,103.06,103.06,1,1,0.7361954425316094,4
24.896075,67.172722,115.21,185,1,1,0,23,36,27,7,0,31,0,1,0.0,115.21,115.21,1,1,0.8229873562397313,4
24.962773,66.90057,26.61,186,1,1,0,18,6,27,7,0,31,0,0,0.0,26.61,26.61,1,0,0.19008500607186227,1
24.789531,67.258424,10.34,127,1,1,0,22,19,27,7,0,31,0,1,0.0,10.34,10.34,1,0,0.07386241874419601,1
24.961893,67.044065,73.86,171,1,1,0,16,56,27,7,0,31,0,0,0.0,73.86,73.86,1,0,0.5276091149367812,3
25.001484,67.081025,8.33,330,1,1,0,23,17,27,7,0,31,0,1,0.0,8.33,8.33,1,0,0.05950425030359311,1
24.937956,67.036551,27.09,208,1,1,0,6,53,28,7,1,31,0,0,0.0,27.09,27.09,1,0,0.19351382241588683,1
24.896149,67.006814,5.17,235,1,1,0,0,9,28,7,1,31,0,1,0.0,5.17,5.17,1,0,0.036931209372098005,1
24.937873,67.198076,54.27,123,1,1,0,10,36,28,7,1,31,0,0,0.0,54.27,54.27,1,0,0.3876705478962783,2
24.834093,67.035279,46.19,11,1,1,0,19,21,27,7,0,31,0,0,0.0,46.19,46.19,1,0,0.3299521394385313,2
24.786595,67.149539,62.64,189,1,1,0,7,47,28,7,1,31,0,0,0.0,62.64,62.64,1,0,0.44746053289520676,3
24.796453,66.958026,102.11,349,1,1,0,1,9,28,7,1,31,0,1,0.0,102.11,102.11,1,1,0.729409243517394,4
24.758486,67.152622,5.92,352,1,1,0,2,20,28,7,1,31,0,1,0.0,5.92,5.92,1,0,0.0422887349096364,1
25.038641,67.092739,116.27,151,1,1,0,23,1,27,7,0,31,0,1,0.0,116.27,116.27,1,1,0.8305593256661189,4
25.001283,66.975276,14.24,241,1,1,0,14,44,27,7,0,31,0,0,0.0,14.24,14.24,1,0,0.10172155153939566,1
24.815594,66.971326,69.92,36,1,1,0,5,24,28,7,1,31,0,1,0.0,69.92,69.92,1,0,0.4994642474462461,3
24.79876,67.086535,35.38,87,1,1,0,7,19,28,7,1,31,0,0,0.0,35.38,35.38,1,0,0.2527323380241446,2
24.806018,66.953852,111.75,261,1,1,0,16,45,27,7,0,31,0,0,0.0,111.75,111.75,1,1,0.7982713050932209,4
24.925915,67.11352,105.71,29,1,1,0,5,29,28,7,1,31,0,1,0.0,105.71,105.71,1,1,0.7551253660975783,4
24.751235,67.017028,17.81,292,1,1,0,20,34,27,7,0,31,0,1,0.0,17.81,17.81,1,0,0.1272233730980784,1
24.791438,67.131226,9.28,186,1,1,0,6,10,28,7,1,31,0,0,0.0,9.28,9.28,1,0,0.0662904493178084,1
24.798655,67.076775,48.75,305,1,1,0,16,18,27,7,0,31,0,0,0.0,48.75,48.75,1,0,0.3482391599399957,2
24.86044,67.297826,43.82,77,1,1,0,15,7,27,7,0,31,0,0,0.0,43.82,43.82,1,0,0.31302235873990997,2
24.90817,66.922756,71.03,146,1,1,0,8,33,28,7,1,31,0,0,0.0,71.03,71.03,1,0,0.507393385241803,3
24.980041,67.124461,125.79,8,1,1,0,0,59,28,7,1,31,0,1,0.0,125.79,125.79,1,1,0.8985641831559397,4
24.810283,67.149809,95.05,55,1,1,0,12,26,27,7,0,31,0,0,0.0,95.05,95.05,1,0,0.6789770697906993,4
24.960741,67.225371,70.89,167,1,1,0,18,50,27,7,0,31,0,0,0.0,70.89,70.89,1,0,0.5063933138081291,3
24.957249,66.998259,62.19,13,1,1,0,20,55,27,7,0,31,0,1,0.0,62.19,62.19,1,0,0.4442460175726837,3
24.876513,67.106356,48.35,271,1,1,0,5,53,28,7,1,31,0,1,0.0,48.35,48.35,1,0,0.3453818129866419,2
24.951328,67.081619,46.26,354,1,1,0,19,36,27,7,0,31,0,0,0.0,46.26,46.26,1,0,0.3304521751553682,2
24.948805,66.941281,22.78,57,1,1,0,11,49,27,7,0,31,0,0,0.0,22.78,22.78,1,0,0.16272590899349954,1
24.868936,67.272037,62.23,336,1,1,0,4,5,28,7,1,31,0,1,0.0,62.23,62.23,1,0,0.4445317522680191,3
25.044491,66.97672,113.41,262,1,1,0,7,58,28,7,1,31,0,0,0.0,113.41,113.41,1,1,0.8101292949496391,4
24.994145,67.005818,24.8,250,1,1,0,22,25,27,7,0,31,0,1,0.0,24.8,24.8,1,0,0.1771555111079363,1
24.895864,67.100701,114.02,327,1,1,0,0,12,28,7,1,31,0,1,0.0,114.02,114.02,1,1,0.8144867490535037,4
24.832693,67.227455,135.9,321,1,1,0,23,39,27,7,0,31,0,1,0.0,135.9,135.9,1,1,0.9707836274019572,4
24.992289,67.130593,93.78,200,1,1,0,16,22,27,7,0,31,0,0,0.0,93.78,93.78,1,0,0.6699049932138009,4
24.854938,66.942598,122.47,122,1,1,0,11,11,28,7,1,31,0,0,0.0,122.47,122.47,1,1,0.874848203443103,4
24.793532,67.144083,36.64,24,1,1,0,16,43,27,7,0,31,0,0,0.0,36.64,36.64,1,0,0.2617329809272091,2
24.793212,67.295691,73.42,344,1,1,0,21,41,27,7,0,31,0,1,0.0,73.42,73.42,1,0,0.5244660332880919,3
24.7536,67.161081,58.33,193,1,1,0,3,49,28,7,1,31,0,1,0.0,58.33,58.33,1,0,0.41667261947281947,2
25.051951,67.212334,1.44,259,1,1,0,19,10,27,7,0,31,0,0,0.0,1.44,1.44,1,0,0.010286449032073718,1
24.883334,67.251791,89.44,110,1,1,0,23,20,27,7,0,31,0,1,0.0,89.44,89.44,1,0,0.6389027787699121,3
24.897694,67.075893,75.48,76,1,1,0,15,29,27,7,0,31,0,0,0.0,75.48,75.48,1,0,0.5391813700978642,3
24.828748,67.196423,113.21,348,1,1,0,4,23,28,7,1,31,0,1,0.0,113.21,113.21,1,1,0.8087006214729623,4
25.099587,67.251312,116.27,107,1,1,0,13,7,27,7,0,31,0,0,0.0,116.27,116.27,1,1,0.8305593256661189,4
25.079658,67.068456,117.62,213,1,1,0,18,34,27,7,0,31,0,0,0.0,117.62,117.62,1,1,0.8402028716336881,4
24.873827,66.904775,67.39,20,1,1,0,4,50,28,7,1,31,0,1,0.0,67.39,67.39,1,0,0.48139152796628326,3
24.90646,67.234546,61.41,321,1,1,0,17,16,27,7,0,31,0,0,0.0,61.41,61.41,1,0,0.4386741910136438,3
24.84734,67.151454,0.92,106,1,1,0,9,34,28,7,1,31,0,0,0.0,0.92,0.92,1,0,0.0065718979927137655,1
24.949903,67.001145,23.96,87,1,1,0,9,30,28,7,1,31,0,0,0.0,23.96,23.96,1,0,0.17115508250589329,1
24.780444,67.246116,36.79,60,1,1,0,2,43,28,7,1,31,0,1,0.0,36.79,36.79,1,0,0.26280448603471673,2
25.045171,66.909212,17.92,45,1,1,0,7,47,28,7,1,31,0,0,0.0,17.92,17.92,1,0,0.12800914351025072,1
25.05069,67.246297,124.6,225,1,1,0,10,20,28,7,1,31,0,0,0.0,124.6,124.6,1,1,0.890063575969712,4
24.996361,67.252208,21.97,333,1,1,0,8,38,28,7,1,31,0,0,0.0,21.97,21.97,1,0,0.15693978141295806,1
25.032401,66.993943,14.04,17,1,1,0,19,6,27,7,0,31,0,0,0.0,14.04,14.04,1,0,0.10029287806271875,1
24.988599,67.12004,82.91,236,1,1,0,3,43,28,7,1,31,0,1,0.0,82.91,82.91,1,0,0.5922565897564112,3
25.015691,67.123777,120.68,267,1,1,0,12,43,27,7,0,31,0,0,0.0,120.68,120.68,1,1,0.8620615758268447,4
24.81785,67.187273,123.26,96,1,1,0,16,6,27,7,0,31,0,0,0.0,123.26,123.26,1,1,0.8804914636759769,4
24.897571,67.155862,6.32,312,1,1,0,21,39,27,7,0,31,0,1,0.0,6.32,6.32,1,0,0.04514608186299021,1
25.03574,67.272195,11.21,251,1,1,0,6,58,28,7,1,31,0,0,0.0,11.21,11.21,1,0,0.08007714836774055,1
24.752438,67.197652,73.12,304,1,1,0,7,16,28,7,1,31,0,0,0.0,73.12,73.12,1,0,0.5223230230730767,3
24.852835,67.149476,124.52,199,1,1,0,10,39,28,7,1,31,0,0,0.0,124.52,124.52,1,1,0.8894921065790413,4
25.026885,67.114756,16.63,322,1,1,0,2,34,28,7,1,31,0,1,0.0,16.63,16.63,1,0,0.11879419958568467,1
24.771399,67.129494,57.82,236,1,1,0,5,52,28,7,1,31,0,1,0.0,57.82,57.82,1,0,0.41302950210729333,2
24.795522,66.985914,12.91,39,1,1,0,21,54,27,7,0,31,0,1,0.0,12.91,12.91,1,0,0.09222087291949424,1
25.068216,66.935784,68.73,130,1,1,0,22,40,27,7,0,31,0,1,0.0,68.73,68.73,1,0,0.4909636402600186,3
24.889615,67.003881,29.14,272,1,1,0,2,11,28,7,1,31,0,1,0.0,29.14,29.14,1,0,0.20815772555182513,1
24.78579,67.17479,125.34,23,1,1,0,22,46,27,7,0,31,0,1,0.0,125.34,125.34,1,1,0.8953496678334166,4
24.817298,67.026179,75.15,77,1,1,0,13,35,27,7,0,31,0,0,0.0,75.15,75.15,1,0,0.5368240588613472,3
24.926548,67.211623,45.22,50,1,1,0,9,32,28,7,1,31,0,0,0.0,45.22,45.22,1,0,0.3230230730766483,2
24.863047,67.125508,66.53,337,1,1,0,13,55,27,7,0,31,0,0,0.0,66.53,66.53,1,0,0.47524823201657257,3
24.855856,66.951281,36.56,96,1,1,0,23,26,27,7,0,31,0,1,0.0,36.56,36.56,1,0,0.2611615115365383,2
24.874938,67.13075,114.59,60,1,1,0,17,8,27,7,0,31,0,0,0.0,114.59,114.59,1,1,0.818558468462033,4
24.772742,67.095515,117.45,193,1,1,0,18,6,27,7,0,31,0,0,0.0,117.45,117.45,1,1,0.8389884991785127,4
24.751337,66.962017,127.76,293,1,1,0,7,1,28,7,1,31,0,0,0.0,127.76,127.76,1,1,0.9126366169012072,4
24.881811,67.033222,26.69,333,1,1,0,20,14,27,7,0,31,0,1,0.0,26.69,26.69,1,0,0.19065647546253303,1
24.954475,67.268566,133.05,56,1,1,0,17,58,27,7,0,31,0,0,0.0,133.05,133.05,1,1,0.9504250303593114,4
24.817587,67.082412,45.41,227,1,1,0,12,11,27,7,0,31,0,0,0.0,45.41,45.41,1,0,0.3243803128794914,2
24.765906,67.12647,97.54,355,1,1,0,4,25,28,7,1,31,0,1,0.0,97.54,97.54,1,0,0.6967640545753269,4
25.096734,66.935864,95.73,349,1,1,0,8,39,28,7,1,31,0,0,0.0,95.73,95.73,1,0,0.6838345596114008,4
24.765206,67.116906,9.72,58,1,1,0,4,48,28,7,1,31,0,1,0.0,9.72,9.72,1,0,0.06943353096649761,1
24.904372,67.279783,62.86,329,1,1,0,20,18,27,7,0,31,0,1,0.0,62.86,62.86,1,0,0.44903207371955134,3
24.864254,67.232377,127.39,86,1,1,0,0,51,28,7,1,31,0,1,0.0,127.39,127.39,1,1,0.9099935709693548,4
24.773296,67.034395,51.55,26,1,1,0,16,5,27,7,0,31,0,0,0.0,51.55,51.55,1,0,0.36824058861347236,2
24.862949,67.243466,38.4,142,1,1,0,12,5,27,7,0,31,0,0,0.0,38.4,38.4,1,0,0.2743053075219658,2
24.985672,67.104955,41.17,96,1,1,0,1,30,28,7,1,31,0,1,0.0,41.17,41.17,1,0,0.294092435173941,2
25.02892,67.11938,16.37,202,1,1,0,16,18,27,7,0,31,0,0,0.0,16.37,16.37,1,0,0.11693692406600471,1
25.058967,66.981539,125.01,247,1,1,0,20,30,27,7,0,31,0,1,0.0,125.01,125.01,1,1,0.8929923565968998,4
24.823446,66.980222,106.19,146,1,1,0,1,16,28,7,1,31,0,1,0.0,106.19,106.19,1,1,0.7585541824416029,4
24.787447,67.111976,32.56,278,1,1,0,20,38,27,7,0,31,0,1,0.0,32.56,32.56,1,0,0.2325880420030002,2
24.958455,67.204899,101.52,290,1,1,0,3,38,28,7,1,31,0,1,0.0,101.52,101.52,1,1,0.7251946567611971,4
24.927876,67.226128,135.04,36,1,1,0,15,27,27,7,0,31,0,0,0.0,135.04,135.04,1,1,0.9646403314522465,4
25.031093,66.913755,82.06,148,1,1,0,6,12,28,7,1,31,0,0,0.0,82.06,82.06,1,0,0.5861847274805343,3
25.050382,67.173941,43.53,116,1,1,0,6,27,28,7,1,31,0,0,0.0,43.53,43.53,1,0,0.31095078219872846,2
24.839573,67.238758,119.69,17,1,1,0,15,0,27,7,0,31,0,0,0.0,119.69,119.69,1,1,0.854989642117294,4
24.880852,67.201893,14.43,212,1,1,0,16,11,27,7,0,31,0,0,0.0,14.43,14.43,1,0,0.10307879134223873,1
25.091134,67.04722,43.68,318,1,1,0,19,54,27,7,0,31,0,0,0.0,43.68,43.68,1,0,0.31202228730623616,2
24.814026,67.039074,26.22,9,1,1,0,2,26,28,7,1,31,0,1,0.0,26.22,26.22,1,0,0.1872990927923423,1
25.064503,66.965672,81.42,108,1,1,0,5,48,28,7,1,31,0,1,0.0,81.42,81.42,1,0,0.5816129723551682,3
24.800287,67.009649,25.05,162,1,1,0,0,12,28,7,1,31,0,1,0.0,25.05,25.05,1,0,0.1789413529537824,1
24.904756,67.001274,83.47,104,1,1,0,23,35,27,7,0,31,0,1,0.0,83.47,83.47,1,0,0.5962568754911065,3
25.075327,67.270575,139.3,318,1,1,0,21,58,27,7,0,31,0,1,0.0,139.3,139.3,1,1,0.9950710765054647,4
25.091787,67.259651,33.31,131,1,1,0,8,8,28,7,1,31,0,0,0.0,33.31,33.31,1,0,0.2379455675405386,2
25.015429,67.297158,94.28,77,1,1,0,6,40,28,7,1,31,0,0,0.0,94.28,94.28,1,0,0.6734766769054932,4
25.04878,67.043964,136.33,350,1,1,0,17,39,27,7,0,31,0,0,0.0,136.33,136.33,1,1,0.9738552753768126,4
24.899049,67.0677,130.64,325,1,1,0,9,46,28,7,1,31,0,0,0.0,130.64,130.64,1,1,0.9332095149653545,4
24.975569,66.917496,115.72,127,1,1,0,8,18,28,7,1,31,0,0,0.0,115.72,115.72,1,1,0.8266304736052574,4
24.804101,67.263446,137.07,245,1,1,0,5,4,28,7,1,31,0,1,0.0,137.07,137.07,1,1,0.979141367240517,4
24.944815,67.225261,120.14,34,1,1,0,12,38,27,7,0,31,0,0,0.0,120.14,120.14,1,1,0.858204157439817,4
25.022296,67.152735,20.34,28,1,1,0,11,12,28,7,1,31,0,0,0.0,20.34,20.34,1,0,0.14529609257804127,1
24.871257,67.203242,4.71,302,1,1,0,22,50,27,7,0,31,0,1,0.0,4.71,4.71,1,0,0.03364526037574112,1
25.082766,66.952724,30.35,65,1,1,0,15,41,27,7,0,31,0,0,0.0,30.35,30.35,1,0,0.2168012000857204,2
25.063495,67.003221,132.64,186,1,1,0,21,4,27,7,0,31,0,1,0.0,132.64,132.64,1,1,0.9474962497321235,4
24.894711,67.205831,115.99,353,1,1,0,12,29,27,7,0,31,0,0,0.0,115.99,115.99,1,1,0.8285591827987713,4
24.874398,67.295065,63.41,190,1,1,0,11,43,27,7,0,31,0,0,0.0,63.41,63.41,1,0,0.45296092578041286,3
24.990429,67.232289,29.76,261,1,1,0,23,39,27,7,0,31,0,1,0.0,29.76,29.76,1,0,0.21258661332952353,1
25.061947,67.151788,54.87,353,1,1,0,19,7,27,7,0,31,0,0,0.0,54.87,54.87,1,0,0.391956568326309,2
24.851001,67.214187,126.11,190,1,1,0,13,36,27,7,0,31,0,0,0.0,126.11,126.11,1,1,0.9008500607186227,4
24.799673,66.921388,8.68,342,1,1,0,9,40,28,7,1,31,0,0,0.0,8.68,8.68,1,0,0.06200442888777769,1
24.913971,67.114046,93.68,238,1,1,0,7,22,28,7,1,31,0,0,0.0,93.68,93.68,1,0,0.6691906564754625,4
24.870948,67.103507,78.59,94,1,1,0,22,46,27,7,0,31,0,1,0.0,78.59,78.59,1,0,0.56139724266019,3
24.967858,66.94545,58.19,79,1,1,0,12,29,27,7,0,31,0,0,0.0,58.19,58.19,1,0,0.4156725480391456,2
24.797848,67.047177,63.45,301,1,1,0,7,1,28,7,1,31,0,0,0.0,63.45,63.45,1,0,0.45324666047574824,3
24.762141,66.932686,25.87,173,1,1,0,1,54,28,7,1,31,0,1,0.0,25.87,25.87,1,0,0.18479891420815772,1
24.847509,66.935277,59.23,230,1,1,0,1,44,28,7,1,31,0,1,0.0,59.23,59.23,1,0,0.4231016501178655,2
24.789205,67.188871,44.95,81,1,1,0,10,31,28,7,1,31,0,0,0.0,44.95,44.95,1,0,0.3210943638831345,2
25.081578,67.077698,71.38,150,1,1,0,6,8,28,7,1,31,0,0,0.0,71.38,71.38,1,0,0.5098935638259875,3
24.78848,67.048029,46.27,279,1,1,0,18,50,27,7,0,31,0,0,0.0,46.27,46.27,1,0,0.33052360882920206,2
24.769386,67.253975,132.14,184,1,1,0,21,7,27,7,0,31,0,1,0.0,132.14,132.14,1,1,0.9439245660404313,4
24.922991,67.036511,135.65,44,1,1,0,13,23,27,7,0,31,0,0,0.0,135.65,135.65,1,1,0.9689977855561112,4
25.091239,67.028919,67.83,247,1,1,0,4,55,28,7,1,31,0,1,0.0,67.83,67.83,1,0,0.48453460961497247,3
24.796075,67.206362,13.13,189,1,1,0,2,15,28,7,1,31,0,1,0.0,13.13,13.13,1,0,0.09379241374383884,1
24.971749,67.01431,61.78,176,1,1,0,16,4,27,7,0,31,0,0,0.0,61.78,61.78,1,0,0.44131723694549607,3
24.857145,66.974216,139.99,259,1,1,0,21,45,27,7,0,31,0,1,0.0,139.99,139.99,1,1,1.0,4
25.064118,67.168296,35.75,16,1,1,0,6,26,28,7,1,31,0,0,0.0,35.75,35.75,1,0,0.25537538395599685,2
24.83392,67.043083,62.96,158,1,1,0,1,30,28,7,1,31,0,1,0.0,62.96,62.96,1,0,0.4497464104578898,3
24.865282,67.105518,39.41,63,1,1,0,15,3,27,7,0,31,0,0,0.0,39.41,39.41,1,0,0.2815201085791842,2
25.024702,67.186666,121.78,16,1,1,0,6,41,28,7,1,31,0,0,0.0,121.78,121.78,1,1,0.8699192799485677,4
24.905149,67.071121,91.05,228,1,1,0,23,13,27,7,0,31,0,1,0.0,91.05,91.05,1,0,0.6504036002571612,4
24.927614,67.142607,67.44,209,1,1,0,4,8,28,7,1,31,0,1,0.0,67.44,67.44,1,0,0.4817486963354525,3
24.954096,66.921472,63.51,290,1,1,0,23,26,27,7,0,31,0,1,0.0,63.51,63.51,1,0,0.4536752625187513,3
24.989589,67.132732,2.11,19,1,1,0,2,37,28,7,1,31,0,1,0.0,2.11,2.11,1,0,0.015072505178941351,1
24.795672,67.063127,29.43,225,1,1,0,23,59,27,7,0,31,0,1,0.0,29.43,29.43,1,0,0.21022930209300664,1
24.94159,67.225105,18.0,49,1,1,0,20,46,27,7,0,31,0,1,0.0,18.0,18.0,1,0,0.1285806129009215,1
24.925059,66.939889,103.81,324,1,1,0,18,35,27,7,0,31,0,0,0.0,103.81,103.81,1,1,0.7415529680691477,4
25.098876,67.018315,44.97,16,1,1,0,16,52,27,7,0,31,0,0,0.0,44.97,44.97,1,0,0.32123723123080217,2
24.758525,66.962864,3.1,184,1,1,0,2,7,28,7,1,31,0,1,0.0,3.1,3.1,1,0,0.022144438888492036,1
24.80487,67.288654,103.02,58,1,1,0,20,21,27,7,0,31,0,1,0.0,103.02,103.02,1,1,0.735909707836274,4
24.876366,67.223556,70.37,11,1,1,0,14,2,27,7,0,31,0,0,0.0,70.37,70.37,1,0,0.5026787627687692,3
24.825296,67.149303,21.1,98,1,1,0,22,54,27,7,0,31,0,1,0.0,21.1,21.1,1,0,0.15072505178941353,1
25.098985,67.091412,32.0,86,1,1,0,3,22,28,7,1,31,0,1,0.0,32.0,32.0,1,0,0.22858775626830485,2
25.057985,67.22277,122.17,158,1,1,0,7,25,28,7,1,31,0,0,0.0,122.17,122.17,1,1,0.8727051932280877,4
24.99355,67.041842,26.25,302,1,1,0,9,20,28,7,1,31,0,0,0.0,26.25,26.25,1,0,0.18751339381384383,1
24.772927,67.183564,51.75,147,1,1,0,6,7,28,7,1,31,0,0,0.0,51.75,51.75,1,0,0.3696692620901493,2
24.836134,67.091829,59.52,54,1,1,0,6,22,28,7,1,31,0,0,0.0,59.52,59.52,1,0,0.42517322665904705,2
25.091663,67.112208,133.44,251,1,1,0,21,48,27,7,0,31,0,1,0.0,133.44,133.44,1,1,0.9532109436388313,4
25.089803,67.162505,78.03,298,1,1,0,20,18,27,7,0,31,0,1,0.0,78.03,78.03,1,0,0.5573969569254946,3
24.968865,67.233442,55.03,166,1,1,0,2,57,28,7,1,31,0,1,0.0,55.03,55.03,1,0,0.3930995071076505,2
24.839913,66.960009,99.4,182,1,1,0,1,42,28,7,1,31,0,1,0.0,99.4,99.4,1,0,0.710050717908422,4
24.918895,67.060461,101.27,20,1,1,0,2,49,28,7,1,31,0,1,0.0,101.27,101.27,1,1,0.723408814915351,4
24.828835,67.028196,62.13,285,1,1,0,7,27,28,7,1,31,0,0,0.0,62.13,62.13,1,0,0.4438174155296807,3
24.804129,67.246182,119.67,92,1,1,0,11,52,27,7,0,31,0,0,0.0,119.67,119.67,1,1,0.8548467747696263,4
24.753061,67.242163,130.5,139,1,1,0,16,39,27,7,0,31,0,0,0.0,130.5,130.5,1,1,0.9322094435316808,4
25.073235,67.201771,96.03,296,1,1,0,10,42,28,7,1,31,0,0,0.0,96.03,96.03,1,0,0.6859775698264161,4
24.805723,67.291003,116.62,223,1,1,0,19,54,27,7,0,31,0,0,0.0,116.62,116.62,1,1,0.8330595042503036,4
24.989964,67.127677,53.33,15,1,1,0,6,48,28,7,1,31,0,0,0.0,53.33,53.33,1,0,0.3809557825558968,2
25.02105,67.298351,10.22,12,1,1,0,15,24,27,7,0,31,0,0,0.0,10.22,10.22,1,0,0.07300521465818988,1
24.901952,67.239123,132.4,153,1,1,0,3,0,28,7,1,31,0,1,0.0,132.4,132.4,1,1,0.9457818415601115,4
25.034517,67.246986,65.14,96,1,1,0,2,56,28,7,1,31,0,1,0.0,65.14,65.14,1,0,0.4653189513536681,3
25.023599,66.988824,96.77,181,1,1,0,3,8,28,7,1,31,0,1,0.0,96.77,96.77,1,0,0.6912636616901207,4
24.797424,66.965324,44.76,139,1,1,0,22,12,27,7,0,31,0,1,0.0,44.76,44.76,1,0,0.3197371240802914,2
24.999679,67.07221,68.34,123,1,1,0,11,44,27,7,0,31,0,0,0.0,68.34,68.34,1,0,0.4881777269804986,3
24.855072,67.136621,17.1,204,1,1,0,7,2,28,7,1,31,0,0,0.0,17.1,17.1,1,0,0.12215158225587543,1
24.786017,67.129565,51.48,59,1,1,0,3,2,28,7,1,31,0,1,0.0,51.48,51.48,1,0,0.36774055289663543,2
24.761186,67.239858,11.95,241,1,1,0,15,40,27,7,0,31,0,0,0.0,11.95,11.95,1,0,0.08536324023144509,1
24.826836,67.163026,77.13,282,1,1,0,5,11,28,7,1,31,0,1,0.0,77.13,77.13,1,0,0.5509679262804486,3
24.899535,67.182911,50.43,213,1,1,0,8,11,28,7,1,31,0,0,0.0,50.43,50.43,1,0,0.3602400171440817,2
24.972764,67.245526,16.42,50,1,1,0,21,41,27,7,0,31,0,1,0.0,16.42,16.42,1,0,0.11729409243517394,1
25.085242,67.292739,22.94,115,1,1,0,2,18,28,7,1,31,0,1,0.0,22.94,22.94,1,0,0.16386884777484106,1
24.917753,67.166097,22.44,136,1,1,0,7,1,28,7,1,31,0,0,0.0,22.44,22.44,1,0,0.16029716408314879,1
24.950184,66.932863,29.01,82,1,1,0,6,23,28,7,1,31,0,0,0.0,29.01,29.01,1,0,0.20722908779198515,1
24.776382,67.200575,44.05,27,1,1,0,20,57,27,7,0,31,0,1,0.0,44.05,44.05,1,0,0.3146653332380884,2
24.917102,67.061435,53.84,130,1,1,0,14,2,27,7,0,31,0,0,0.0,53.84,53.84,1,0,0.38459889992142293,2
25.015267,67.013471,109.56,35,1,1,0,9,24,28,7,1,31,0,0,0.0,109.56,109.56,1,1,0.7826273305236088,4
24.754826,67.154594,1.59,304,1,1,0,18,8,27,7,0,31,0,0,0.0,1.59,1.59,1,0,0.011357954139581398,1
25.06605,67.082907,2.9,317,1,1,0,11,36,27,7,0,31,0,0,0.0,2.9,2.9,1,0,0.020715765411815128,1
24.841891,67.161918,124.91,331,1,1,0,16,34,27,7,0,31,0,0,0.0,124.91,124.91,1,1,0.8922780198585613,4
24.90585,67.052861,122.37,275,1,1,0,8,29,28,7,1,31,0,0,0.0,122.37,122.37,1,1,0.8741338667047646,4
24.783644,67.244755,45.75,207,1,1,0,23,24,27,7,0,31,0,1,0.0,45.75,45.75,1,0,0.3268090577898421,2
25.092274,66.950053,136.24,108,1,1,0,20,46,27,7,0,31,0,1,0.0,136.24,136.24,1,1,0.9732123723123081,4
24.810934,67.215011,36.92,16,1,1,0,11,16,28,7,1,31,0,0,0.0,36.92,36.92,1,0,0.26373312379455677,2
24.881668,67.081458,12.85,80,1,1,0,21,52,27,7,0,31,0,1,0.0,12.85,12.85,1,0,0.09179227087649117,1
25.048205,66.945685,75.88,112,1,1,0,11,55,27,7,0,31,0,0,0.0,75.88,75.88,1,0,0.5420387170512179,3
25.094717,67.271403,85.01,341,1,1,0,23,13,27,7,0,31,0,1,0.0,85.01,85.01,1,0,0.6072576612615187,3
24.847207,67.213709,66.48,74,1,1,0,22,8,27,7,0,31,0,1,0.0,66.48,66.48,1,0,0.4748910636474034,3
24.786849,67.273958,39.55,98,1,1,0,9,11,28,7,1,31,0,0,0.0,39.55,39.55,1,0,0.282520180012858,2
24.9908,66.967506,7.58,23,1,1,0,5,13,28,7,1,31,0,1,0.0,7.58,7.58,1,0,0.05414672476605471,1
24.818235,67.083748,58.74,145,1,1,0,1,18,28,7,1,31,0,1,0.0,58.74,58.74,1,0,0.4196014001000071,2
25.048732,67.101679,108.5,268,1,1,0,9,2,28,7,1,31,0,0,0.0,108.5,108.5,1,1,0.7750553610972212,4
24.791069,66.912691,133.33,278,1,1,0,14,6,27,7,0,31,0,0,0.0,133.33,133.33,1,1,0.9524251732266591,4
24.966712,66.998314,123.68,151,1,1,0,17,11,27,7,0,31,0,0,0.0,123.68,123.68,1,1,0.8834916779769983,4
25.070625,66.900227,76.59,33,1,1,0,5,24,28,7,1,31,0,1,0.0,76.59,76.59,1,0,0.547110507893421,3
25.009163,67.205157,85.81,115,1,1,0,7,17,28,7,1,31,0,0,0.0,85.81,85.81,1,0,0.6129723551682262,3
24.774926,67.25577,81.7,256,1,1,0,6,59,28,7,1,31,0,0,0.0,81.7,81.7,1,0,0.5836131152225159,3
25.01709,67.235243,29.43,59,1,1,0,9,30,28,7,1,31,0,0,0.0,29.43,29.43,1,0,0.21022930209300664,1
25.09147,67.210377,62.32,123,1,1,0,19,22,27,7,0,31,0,0,0.0,62.32,62.32,1,0,0.4451746553325237,3
24.86496,67.265607,29.49,68,1,1,0,11,48,27,7,0,31,0,0,0.0,29.49,29.49,1,0,0.21065790413600968,1
24.894931,67.138428,20.08,188,1,1,0,1,59,28,7,1,31,0,1,0.0,20.08,20.08,1,0,0.14343881705836128,1
24.763833,67.088205,11.64,169,1,1,0,8,28,28,7,1,31,0,0,0.0,11.64,11.64,1,0,0.0831487963425959,1
24.968117,67.082687,3.02,353,1,1,0,0,48,28,7,1,31,0,1,0.0,3.02,3.02,1,0,0.02157296949782127,1
24.936234,66.979489,73.5,273,1,1,0,21,48,27,7,0,31,0,1,0.0,73.5,73.5,1,0,0.5250375026787627,3
25.078425,66.983943,12.53,243,1,1,0,7,6,28,7,1,31,0,0,0.0,12.53,12.53,1,0,0.08950639331380812,1
25.064842,67.002745,0.1,165,1,1,0,11,27,27,7,0,31,0,0,0.0,0.1,0.1,1,0,0.0007143367383384528,1
25.011851,66.990665,110.42,317,1,1,0,7,20,28,7,1,31,0,0,0.0,110.42,110.42,1,1,0.7887706264733195,4
25.000664,66.900103,73.57,30,1,1,0,18,9,27,7,0,31,0,0,0.0,73.57,73.57,1,0,0.5255375383955996,3
24.841432,67.294925,136.46,217,1,1,0,22,56,27,7,0,31,0,1,0.0,136.46,136.46,1,1,0.9747839131366526,4
25.03948,67.291797,24.05,315,1,1,0,5,35,28,7,1,31,0,1,0.0,24.05,24.05,1,0,0.17179798557039788,1
24.835161,67.135549,12.34,268,1,1,0,8,29,28,7,1,31,0,0,0.0,12.34,12.34,1,0,0.08814915351096506,1
25.081435,67.090827,1.16,4,1,1,0,19,40,27,7,0,31,0,0,0.0,1.16,1.16,1,0,0.00828630616472605,1
24.967396,67.283559,126.63,349,1,1,0,23,40,27,7,0,31,0,1,0.0,126.63,126.63,1,1,0.9045646117579826,4
24.856791,67.088476,48.06,169,1,1,0,3,44,28,7,1,31,0,1,0.0,48.06,48.06,1,0,0.3433102364454604,2
24.750684,67.070846,95.3,344,1,1,0,11,41,27,7,0,31,0,0,0.0,95.3,95.3,1,0,0.6807629116365455,4
24.958052,66.991137,130.78,165,1,1,0,2,38,28,7,1,31,0,1,0.0,130.78,130.78,1,1,0.9342095863990284,4
24.883475,67.237062,102.69,205,1,1,0,9,14,28,7,1,31,0,0,0.0,102.69,102.69,1,1,0.733552396599757,4
25.027515,67.170759,82.59,271,1,1,0,13,58,27,7,0,31,0,0,0.0,82.59,82.59,1,0,0.5899707121937281,3
24.91744,67.155981,126.57,196,1,1,0,5,14,28,7,1,31,0,1,0.0,126.57,126.57,1,1,0.9041360097149795,4
24.956345,67.228042,102.68,260,1,1,0,8,18,28,7,1,31,0,0,0.0,102.68,102.68,1,1,0.7334809629259232,4
24.953034,67.219455,47.54,295,1,1,0,6,42,28,7,1,31,0,0,0.0,47.54,47.54,1,0,0.3395956854061004,2
24.827694,67.070688,23.29,165,1,1,0,9,11,28,7,1,31,0,0,0.0,23.29,23.29,1,0,0.16636902635902562,1
24.862087,67.114612,2.92,111,1,1,0,4,59,28,7,1,31,0,1,0.0,2.92,2.92,1,0,0.02085863275948282,1
24.956371,67.202047,34.16,247,1,1,0,1,17,28,7,1,31,0,1,0.0,34.16,34.16,1,0,0.24401742981641542,2
25.059825,67.075193,96.44,97,1,1,0,6,15,28,7,1,31,0,0,0.0,96.44,96.44,1,0,0.6889063504536038,4
24.868202,67.19417,18.2,262,1,1,0,15,11,27,7,0,31,0,0,0.0,18.2,18.2,1,0,0.1300092863775984,1
24.836102,67.185036,18.64,291,1,1,0,4,16,28,7,1,31,0,1,0.0,18.64,18.64,1,0,0.13315236802628758,1
24.971553,67.035888,31.73,48,1,1,0,16,16,27,7,0,31,0,0,0.0,31.73,31.73,1,0,0.22665904707479104,2
24.990113,66.942755,1.03,36,1,1,0,17,32,27,7,0,31,0,0,0.0,1.03,1.03,1,0,0.007357668404886063,1
25.004091,67.258582,128.71,7,1,1,0,11,20,28,7,1,31,0,0,0.0,128.71,128.71,1,1,0.9194228159154225,4
24.888836,66.904295,104.43,58,1,1,0,6,22,28,7,1,31,0,0,0.0,104.43,104.43,1,1,0.7459818558468462,4
24.884775,67.15101,104.01,238,1,1,0,15,53,27,7,0,31,0,0,0.0,104.01,104.01,1,1,0.7429816415458247,4
24.764522,67.268267,64.53,279,1,1,0,14,18,27,7,0,31,0,0,0.0,64.53,64.53,1,0,0.4609614972498035,3
24.908521,67.157727,120.23,18,1,1,0,9,18,28,7,1,31,0,0,0.0,120.23,120.23,1,1,0.8588470605043217,4
24.76132,67.287614,119.23,61,1,1,0,14,17,27,7,0,31,0,0,0.0,119.23,119.23,1,1,0.8517036931209372,4
25.013906,66.901732,135.0,50,1,1,0,3,33,28,7,1,31,0,1,0.0,135.0,135.0,1,1,0.9643545967569112,4
24.750297,67.280571,59.4,56,1,1,0,8,44,28,7,1,31,0,0,0.0,59.4,59.4,1,0,0.4243160225730409,2
24.998325,67.067078,80.61,58,1,1,0,20,36,27,7,0,31,0,1,0.0,80.61,80.61,1,0,0.5758268447746268,3
24.76977,67.104167,95.04,331,1,1,0,9,19,28,7,1,31,0,0,0.0,95.04,95.04,1,0,0.6789056361168655,4
24.798826,66.932267,132.79,241,1,1,0,6,12,28,7,1,31,0,0,0.0,132.79,132.79,1,1,0.9485677548396313,4
24.880013,67.065484,100.66,168,1,1,0,13,2,27,7,0,31,0,0,0.0,100.66,100.66,1,1,0.7190513608114865,4
24.998629,66.909975,137.39,116,1,1,0,18,26,27,7,0,31,0,0,0.0,137.39,137.39,1,1,0.9814272448032001,4
24.77033,67.216641,38.02,319,1,1,0,0,47,28,7,1,31,0,1,0.0,38.02,38.02,1,0,0.27159082791627975,2
25.025891,66.910923,103.73,209,1,1,0,17,51,27,7,0,31,0,0,0.0,103.73,103.73,1,1,0.7409814986784771,4
25.080255,66.937911,75.24,11,1,1,0,0,2,28,7,1,31,0,1,0.0,75.24,75.24,1,0,0.5374669619258517,3
24.970248,66.990214,40.79,77,1,1,0,22,31,27,7,0,31,0,1,0.0,40.79,40.79,1,0,0.29137795556825485,2
25.030337,67.093996,36.2,264,1,1,0,8,52,28,7,1,31,0,0,0.0,36.2,36.2,1,0,0.2585898992785199,2
24.908632,67.018365,112.93,257,1,1,0,18,38,27,7,0,31,0,0,0.0,112.93,112.93,1,1,0.8067004786056147,4
24.808618,67.270745,109.05,300,1,1,0,22,40,27,7,0,31,0,1,0.0,109.05,109.05,1,1,0.7789842131580826,4
24.951734,67.134418,78.19,185,1,1,0,2,25,28,7,1,31,0,1,0.0,78.19,78.19,1,0,0.5585398957068362,3
24.974535,67.152934,77.02,94,1,1,0,9,0,28,7,1,31,0,0,0.0,77.02,77.02,1,0,0.5501821558682762,3
25.09715,67.236793,25.67,73,1,1,0,4,35,28,7,1,31,0,1,0.0,25.67,25.67,1,0,0.1833702407314808,1
25.035056,67.294645,89.0,17,1,1,0,12,43,27,7,0,31,0,0,0.0,89.0,89.0,1,0,0.6357596971212229,3
24.769521,67.299851,113.91,95,1,1,0,23,5,27,7,0,31,0,1,0.0,113.91,113.91,1,1,0.8137009786413314,4
24.892473,67.008573,76.35,18,1,1,0,18,24,27,7,0,31,0,0,0.0,76.35,76.35,1,0,0.5453960997214086,3
24.781008,67.22692,99.08,180,1,1,0,20,2,27,7,0,31,0,1,0.0,99.08,99.08,1,0,0.7077648403457389,4
25.086504,66.926762,135.67,165,1,1,0,17,59,27,7,0,31,0,0,0.0,135.67,135.67,1,1,0.9691406529037787,4
25.056094,66.953196,11.23,178,1,1,0,7,1,28,7,1,31,0,0,0.0,11.23,11.23,1,0,0.08022001571540824,1
25.084239,67.190877,72.63,162,1,1,0,18,19,27,7,0,31,0,0,0.0,72.63,72.63,1,0,0.5188227730552182,3
24.876883,67.113768,38.0,180,1,1,0,6,7,28,7,1,31,0,0,0.0,38.0,38.0,1,0,0.27144796056861203,2
25.056932,66.901372,62.31,326,1,1,0,20,21,27,7,0,31,0,1,0.0,62.31,62.31,1,0,0.4451032216586899,3
24.852848,67.196937,59.56,40,1,1,0,19,57,27,7,0,31,0,0,0.0,59.56,59.56,1,0,0.42545896135438244,2
24.836292,67.058088,34.49,293,1,1,0,16,45,27,7,0,31,0,0,0.0,34.49,34.49,1,0,0.24637474105293236,2
25.002845,67.204652,65.24,163,1,1,0,3,57,28,7,1,31,0,1,0.0,65.24,65.24,1,0,0.4660332880920065,3
24.990636,67.166293,72.91,356,1,1,0,22,52,27,7,0,31,0,1,0.0,72.91,72.91,1,0,0.5208229159225658,3
24.846464,66.930105,89.82,276,1,1,0,11,16,28,7,1,31,0,0,0.0,89.82,89.82,1,0,0.6416172583755981,3
24.874482,67.226447,81.61,276,1,1,0,3,41,28,7,1,31,0,1,0.0,81.61,81.61,1,0,0.5829702121580113,3
24.796571,67.197528,57.3,65,1,1,0,7,12,28,7,1,31,0,0,0.0,57.3,57.3,1,0,0.40931495106793336,2
24.968934,66.990971,134.48,123,1,1,0,14,29,27,7,0,31,0,0,0.0,134.48,134.48,1,1,0.9606400457175511,4
24.791812,67.133481,105.6,227,1,1,0,8,24,28,7,1,31,0,0,0.0,105.6,105.6,1,1,0.754339595685406,4
25.036493,67.162986,89.07,87,1,1,0,16,43,27,7,0,31,0,0,0.0,89.07,89.07,1,0,0.6362597328380598,3
24.797674,67.289489,115.5,210,1,1,0,14,17,27,7,0,31,0,0,0.0,115.5,115.5,1,1,0.8250589327809129,4
24.837897,67.007754,31.18,146,1,1,0,17,56,27,7,0,31,0,0,0.0,31.18,31.18,1,0,0.22273019501392954,2
24.935321,66.914773,35.49,204,1,1,0,21,29,27,7,0,31,0,1,0.0,35.49,35.49,1,0,0.2535181084363169,2
24.988151,67.068187,126.63,304,1,1,0,17,26,27,7,0,31,0,0,0.0,126.63,126.63,1,1,0.9045646117579826,4
25.074755,67.060843,88.59,332,1,1,0,21,28,27,7,0,31,0,1,0.0,88.59,88.59,1,0,0.6328309164940352,3
25.094973,67.092018,131.62,348,1,1,0,10,23,28,7,1,31,0,0,0.0,131.62,131.62,1,1,0.9402100150010715,4
24.829963,67.280245,23.74,208,1,1,0,7,37,28,7,1,31,0,0,0.0,23.74,23.74,1,0,0.16958354168154866,1
24.785524,66.99903,97.36,14,1,1,0,6,56,28,7,1,31,0,0,0.0,97.36,97.36,1,0,0.6954782484463176,4
24.990491,67.053739,40.08,154,1,1,0,23,10,27,7,0,31,0,1,0.0,40.08,40.08,1,0,0.2863061647260518,2
24.924842,66.931752,112.52,108,1,1,0,19,5,27,7,0,31,0,0,0.0,112.52,112.52,1,1,0.803771697978427,4
25.099125,67.224758,0.34,73,1,1,0,3,5,28,7,1,31,0,1,0.0,0.34,0.34,1,0,0.0024287449103507393,1
24.982037,67.090347,72.43,225,1,1,0,19,9,27,7,0,31,0,0,0.0,72.43,72.43,1,0,0.5173940995785413,3
24.803799,66.949537,11.86,249,1,1,0,11,6,28,7,1,31,0,0,0.0,11.86,11.86,1,0,0.08472033716694048,1
24.962288,67.231783,93.78,356,1,1,0,10,22,28,7,1,31,0,0,0.0,93.78,93.78,1,0,0.6699049932138009,4
24.908752,67.132786,47.95,348,1,1,0,8,57,28,7,1,31,0,0,0.0,47.95,47.95,1,0,0.34252446603328807,2
24.839142,67.074534,69.97,39,1,1,0,13,59,27,7,0,31,0,0,0.0,69.97,69.97,1,0,0.49982141581541534,3
24.791407,66.90236,44.3,316,1,1,0,9,2,28,7,1,31,0,0,0.0,44.3,44.3,1,0,0.3164511750839345,2
24.877927,66.906827,50.33,172,1,1,0,15,32,27,7,0,31,0,0,0.0,50.33,50.33,1,0,0.35952568040574323,2
25.028937,67.156831,125.46,305,1,1,0,17,51,27,7,0,31,0,0,0.0,125.46,125.46,1,1,0.8962068719194227,4
24.949681,67.100876,83.85,271,1,1,0,1,38,28,7,1,31,0,1,0.0,83.85,83.85,1,0,0.5989713550967926,3
25.072098,67.028897,83.57,214,1,1,0,23,1,27,7,0,31,0,1,0.0,83.57,83.57,1,0,0.5969712122294448,3
24.763694,67.170603,126.41,48,1,1,0,11,15,28,7,1,31,0,0,0.0,126.41,126.41,1,1,0.902993070933638,4
25.088667,67.102994,44.37,147,1,1,0,0,46,28,7,1,31,0,1,0.0,44.37,44.37,1,0,0.31695121080077143,2
24.756841,67.175613,61.25,223,1,1,0,19,35,27,7,0,31,0,0,0.0,61.25,61.25,1,0,0.43753125223230227,3
24.850854,66.959765,134.5,76,1,1,0,6,43,28,7,1,31,0,0,0.0,134.5,134.5,1,1,0.9607829130652189,4
24.81937,67.050969,69.03,57,1,1,0,1,49,28,7,1,31,0,1,0.0,69.03,69.03,1,0,0.4931066504750339,3
24.942621,66.917562,85.69,87,1,1,0,23,8,27,7,0,31,0,1,0.0,85.69,85.69,1,0,0.6121151510822201,3
24.785045,66.997827,6.79,192,1,1,0,9,9,28,7,1,31,0,0,0.0,6.79,6.79,1,0,0.04850346453318094,1
24.910889,67.163525,136.3,92,1,1,0,23,33,27,7,0,31,0,1,0.0,136.3,136.3,1,1,0.9736409743553112,4
24.964783,67.081738,106.89,138,1,1,0,23,42,27,7,0,31,0,1,0.0,106.89,106.89,1,1,0.7635545396099721,4
24.825238,67.208917,106.31,307,1,1,0,5,15,28,7,1,31,0,1,0.0,106.31,106.31,1,1,0.7594113865276091,4
24.871137,67.296156,40.89,289,1,1,0,5,44,28,7,1,31,0,1,0.0,40.89,40.89,1,0,0.29209229230659334,2
24.840716,67.174072,129.63,338,1,1,0,9,30,28,7,1,31,0,0,0.0,129.63,129.63,1,1,0.9259947139081363,4
24.9917,67.043657,13.81,272,1,1,0,4,27,28,7,1,31,0,1,0.0,13.81,13.81,1,0,0.09864990356454033,1
24.893227,67.034301,15.45,213,1,1,0,22,23,27,7,0,31,0,1,0.0,15.45,15.45,1,0,0.11036502607329093,1
24.77973,67.194809,56.41,284,1,1,0,4,32,28,7,1,31,0,1,0.0,56.41,56.41,1,0,0.4029573540967211,2
25.056586,67.287309,21.23,277,1,1,0,20,54,27,7,0,31,0,1,0.0,21.23,21.23,1,0,0.1516536895492535,1
24.751269,67.189263,102.29,250,1,1,0,22,12,27,7,0,31,0,1,0.0,102.29,102.29,1,1,0.7306950496464033,4
24.849667,67.134592,27.69,165,1,1,0,10,44,28,7,1,31,0,0,0.0,27.69,27.69,1,0,0.19779984284591756,1
24.931713,67.044779,79.2,137,1,1,0,7,26,28,7,1,31,0,0,0.0,79.2,79.2,1,0,0.5657546967640545,3
24.927119,66.984747,135.14,185,1,1,0,8,36,28,7,1,31,0,0,0.0,135.14,135.14,1,1,0.9653546681905849,4
25.005803,66.990332,136.69,135,1,1,0,0,33,28,7,1,31,0,1,0.0,136.69,136.69,1,1,0.976426887634831,4
25.003192,67.198255,64.16,89,1,1,0,4,3,28,7,1,31,0,1,0.0,64.16,64.16,1,0,0.45831845131795124,3
24.83941,66.924044,126.85,102,1,1,0,12,51,27,7,0,31,0,0,0.0,126.85,126.85,1,1,0.9061361525823272,4
25.043818,67.228889,51.71,106,1,1,0,20,22,27,7,0,31,0,1,0.0,51.71,51.71,1,0,0.3693835273948139,2
24.951588,66.954932,45.39,109,1,1,0,9,41,28,7,1,31,0,0,0.0,45.39,45.39,1,0,0.3242374455318237,2
24.781658,67.016701,70.29,77,1,1,0,9,16,28,7,1,31,0,0,0.0,70.29,70.29,1,0,0.5021072933780985,3
24.936865,67.139966,70.66,180,1,1,0,23,52,27,7,0,31,0,1,0.0,70.66,70.66,1,0,0.5047503393099506,3
24.81552,67.020302,98.83,337,1,1,0,19,1,27,7,0,31,0,0,0.0,98.83,98.83,1,0,0.7059789984998928,4
24.96734,67.25418,48.0,142,1,1,0,22,55,27,7,0,31,0,1,0.0,48.0,48.0,1,0,0.3428816344024573,2
24.945017,67.288205,84.37,346,1,1,0,6,28,28,7,1,31,0,0,0.0,84.37,84.37,1,0,0.6026859061361526,3
24.896363,67.139699,57.19,163,1,1,0,22,7,27,7,0,31,0,1,0.0,57.19,57.19,1,0,0.4085291806557611,2
25.09355,67.160366,113.33,270,1,1,0,3,20,28,7,1,31,0,1,0.0,113.33,113.33,1,1,0.8095578255589684,4
25.070253,67.039238,39.83,141,1,1,0,3,6,28,7,1,31,0,1,0.0,39.83,39.83,1,0,0.2845203228802057,2
24.946564,67.221769,8.39,112,1,1,0,7,21,28,7,1,31,0,0,0.0,8.39,8.39,1,0,0.059932852346596184,1
25.088332,66.976556,80.74,76,1,1,0,7,12,28,7,1,31,0,0,0.0,80.74,80.74,1,0,0.5767554825344666,3
25.049815,67.220572,20.6,46,1,1,0,22,28,27,7,0,31,0,1,0.0,20.6,20.6,1,0,0.14715336809772125,1
25.034942,66.995689,39.47,162,1,1,0,7,15,28,7,1,31,0,0,0.0,39.47,39.47,1,0,0.2819487106221873,2
24.873805,67.074049,117.96,243,1,1,0,22,52,27,7,0,31,0,1,0.0,117.96,117.96,1,1,0.8426316165440387,4
24.776412,67.17498,62.96,215,1,1,0,12,22,27,7,0,31,0,0,0.0,62.96,62.96,1,0,0.4497464104578898,3
25.066332,66.91052,104.01,278,1,1,0,5,23,28,7,1,31,0,1,0.0,104.01,104.01,1,1,0.7429816415458247,4
25.013148,66.951956,27.78,170,1,1,0,9,23,28,7,1,31,0,0,0.0,27.78,27.78,1,0,0.19844274591042216,1
25.052491,67.220953,133.38,145,1,1,0,8,10,28,7,1,31,0,0,0.0,133.38,133.38,1,1,0.9527823415958282,4
25.057218,67.251112,15.3,125,1,1,0,16,28,27,7,0,31,0,0,0.0,15.3,15.3,1,0,0.10929352096578326,1
24.841308,67.033816,4.2,30,1,1,0,6,16,28,7,1,31,0,0,0.0,4.2,4.2,1,0,0.030002143010215015,1
25.01193,67.249063,31.41,151,1,1,0,7,8,28,7,1,31,0,0,0.0,31.41,31.41,1,0,0.224373169512108,2
24.801142,67.009103,115.48,163,1,1,0,17,42,27,7,0,31,0,0,0.0,115.48,115.48,1,1,0.8249160654332452,4
24.862779,67.200767,39.46,325,1,1,0,7,38,28,7,1,31,0,0,0.0,39.46,39.46,1,0,0.28187727694835346,2
25.094046,67.131929,75.4,159,1,1,0,12,39,27,7,0,31,0,0,0.0,75.4,75.4,1,0,0.5386099007071934,3
24.789385,67.065433,95.86,187,1,1,0,22,40,27,7,0,31,0,1,0.0,95.86,95.86,1,0,0.6847631973712408,4
24.836839,67.095003,69.21,345,1,1,0,15,12,27,7,0,31,0,0,0.0,69.21,69.21,1,0,0.4943924566040431,3
24.827836,67.156352,94.3,348,1,1,0,8,27,28,7,1,31,0,0,0.0,94.3,94.3,1,0,0.6736195442531608,4
24.969839,67.095824,37.2,55,1,1,0,18,0,27,7,0,31,0,0,0.0,37.2,37.2,1,0,0.26573326666190444,2
24.818295,67.053578,133.26,287,1,1,0,16,56,27,7,0,31,0,0,0.0,133.26,133.26,1,1,0.951925137509822,4
25.093835,66.933732,113.54,330,1,1,0,5,4,28,7,1,31,0,1,0.0,113.54,113.54,1,1,0.8110579327094792,4
25.035226,67.133966,9.82,340,1,1,0,22,11,27,7,0,31,0,1,0.0,9.82,9.82,1,0,0.07014786770483605,1
24.810722,67.283649,59.09,303,1,1,0,23,31,27,7,0,31,0,1,0.0,59.09,59.09,1,0,0.42210157868419174,2
24.948202,67.215883,127.21,301,1,1,0,7,16,28,7,1,31,0,0,0.0,127.21,127.21,1,1,0.9087077648403457,4
24.766787,67.027199,37.95,199,1,1,0,4,46,28,7,1,31,0,1,0.0,37.95,37.95,1,0,0.2710907921994428,2
24.890217,67.176082,21.51,315,1,1,0,12,8,27,7,0,31,0,0,0.0,21.51,21.51,1,0,0.1536538324166012,1
24.781549,66.93179,56.91,122,1,1,0,7,56,28,7,1,31,0,0,0.0,56.91,56.91,1,0,0.4065290377884134,2
24.991594,67.038064,52.83,13,1,1,0,5,25,28,7,1,31,0,1,0.0,52.83,52.83,1,0,0.37738409886420454,2
24.934912,67.048473,132.4,109,1,1,0,7,43,28,7,1,31,0,0,0.0,132.4,132.4,1,1,0.9457818415601115,4
24.965255,67.148259,9.79,97,1,1,0,5,35,28,7,1,31,0,1,0.0,9.79,9.79,1,0,0.06993356668333452,1
24.939594,67.26759,2.82,48,1,1,0,13,56,27,7,0,31,0,0,0.0,2.82,2.82,1,0,0.020144296021144367,1
25.04215,67.032691,74.02,352,1,1,0,5,55,28,7,1,31,0,1,0.0,74.02,74.02,1,0,0.5287520537181226,3
24.921092,67.187923,35.55,233,1,1,0,23,22,27,7,0,31,0,1,0.0,35.55,35.55,1,0,0.25394671047931994,2
24.828645,67.236562,1.91,58,1,1,0,18,33,27,7,0,31,0,0,0.0,1.91,1.91,1,0,0.013643831702264447,1
24.945602,67.112337,112.74,261,1,1,0,19,13,27,7,0,31,0,0,0.0,112.74,112.74,1,1,0.8053432388027716,4
24.920563,67.188639,54.85,293,1,1,0,13,19,27,7,0,31,0,0,0.0,54.85,54.85,1,0,0.3918137009786413,2
25.029937,67.185728,58.95,166,1,1,0,20,47,27,7,0,31,0,1,0.0,58.95,58.95,1,0,0.42110150725051787,2
24.787034,66.922893,98.15,215,1,1,0,11,39,27,7,0,31,0,0,0.0,98.15,98.15,1,0,0.7011215086791913,4
25.078426,67.201415,22.55,82,1,1,0,18,31,27,7,0,31,0,0,0.0,22.55,22.55,1,0,0.1610829344953211,1
24.759062,67.148092,70.39,149,1,1,0,8,47,28,7,1,31,0,0,0.0,70.39,70.39,1,0,0.5028216301164369,3
24.858125,67.040621,112.38,317,1,1,0,15,43,27,7,0,31,0,0,0.0,112.38,112.38,1,1,0.8027716265447531,4
24.945639,67.21153,94.76,135,1,1,0,14,4,27,7,0,31,0,0,0.0,94.76,94.76,1,0,0.6769054932495178,4
25.044884,67.22078,73.34,289,1,1,0,11,55,27,7,0,31,0,0,0.0,73.34,73.34,1,0,0.5238945638974213,3
25.041324,67.298522,69.71,239,1,1,0,5,14,28,7,1,31,0,1,0.0,69.71,69.71,1,0,0.4979641402957353,3
25.02462,67.000069,85.29,291,1,1,0,10,8,28,7,1,31,0,0,0.0,85.29,85.29,1,0,0.6092578041288663,3
24.97746,67.117977,3.72,112,1,1,0,18,59,27,7,0,31,0,0,0.0,3.72,3.72,1,0,0.02657332666619044,1
24.769423,66.975949,100.92,239,1,1,0,0,25,28,7,1,31,0,1,0.0,100.92,100.92,1,1,0.7209086363311665,4
24.899366,67.041257,89.13,148,1,1,0,15,31,27,7,0,31,0,0,0.0,89.13,89.13,1,0,0.6366883348810629,3
24.780488,67.040003,18.09,17,1,1,0,18,15,27,7,0,31,0,0,0.0,18.09,18.09,1,0,0.12922351596542608,1
24.945612,67.021956,93.66,62,1,1,0,11,34,27,7,0,31,0,0,0.0,93.66,93.66,1,0,0.6690477891277947,4
24.785529,67.226916,99.75,91,1,1,0,15,54,27,7,0,31,0,0,0.0,99.75,99.75,1,0,0.7125508964926066,4
24.965474,67.193455,114.04,193,1,1,0,11,24,27,7,0,31,0,0,0.0,114.04,114.04,1,1,0.8146296164011715,4
24.786366,67.004739,58.64,337,1,1,0,23,8,27,7,0,31,0,1,0.0,58.64,58.64,1,0,0.41888706336166864,2
25.017716,66.968283,91.75,130,1,1,0,17,52,27,7,0,31,0,0,0.0,91.75,91.75,1,0,0.6554039574255304,4
24.857375,66.932814,47.77,316,1,1,0,7,36,28,7,1,31,0,0,0.0,47.77,47.77,1,0,0.3412386599042789,2
24.901074,67.025928,73.69,264,1,1,0,8,41,28,7,1,31,0,0,0.0,73.69,73.69,1,0,0.5263947424816058,3
24.758549,66.997937,31.45,243,1,1,0,13,5,27,7,0,31,0,0,0.0,31.45,31.45,1,0,0.22465890420744336,2
24.921671,67.193102,32.99,184,1,1,0,6,30,28,7,1,31,0,0,0.0,32.99,32.99,1,0,0.23565968997785555,2
25.005364,67.206995,18.91,240,1,1,0,1,45,28,7,1,31,0,1,0.0,18.91,18.91,1,0,0.1350810772198014,1
25.092003,67.172869,86.07,317,1,1,0,8,15,28,7,1,31,0,0,0.0,86.07,86.07,1,0,0.6148296306879062,3
24.917157,67.07388,49.26,16,1,1,0,16,7,27,7,0,31,0,0,0.0,49.26,49.26,1,0,0.3518822773055218,2
24.759645,67.296045,88.05,52,1,1,0,2,50,28,7,1,31,0,1,0.0,88.05,88.05,1,0,0.6289734981070075,3
24.887027,67.090077,15.16,271,1,1,0,11,58,27,7,0,31,0,0,0.0,15.16,15.16,1,0,0.10829344953210943,1
24.777751,67.275599,68.27,75,1,1,0,5,33,28,7,1,31,0,1,0.0,68.27,68.27,1,0,0.4876776912636616,3
24.882602,66.917704,66.19,65,1,1,0,15,40,27,7,0,31,0,0,0.0,66.19,66.19,1,0,0.47281948710622185,3
25.063562,67.188972,127.15,6,1,1,0,13,10,27,7,0,31,0,0,0.0,127.15,127.15,1,1,0.9082791627973427,4
25.047898,67.213958,64.66,43,1,1,0,1,14,28,7,1,31,0,1,0.0,64.66,64.66,1,0,0.4618901350096435,3
24.852357,67.225691,65.45,253,1,1,0,15,36,27,7,0,31,0,0,0.0,65.45,65.45,1,0,0.4675333952425173,3
24.778713,66.961688,111.73,324,1,1,0,5,44,28,7,1,31,0,1,0.0,111.73,111.73,1,1,0.7981284377455532,4
25.042562,67.269232,109.04,109,1,1,0,19,16,27,7,0,31,0,0,0.0,109.04,109.04,1,1,0.7789127794842489,4
24.95167,66.970906,127.34,204,1,1,0,18,33,27,7,0,31,0,0,0.0,127.34,127.34,1,1,0.9096364026001857,4
24.80308,67.114773,4.9,42,1,1,0,11,20,28,7,1,31,0,0,0.0,4.9,4.9,1,0,0.03500250017858419,1
24.892477,67.093669,8.49,208,1,1,0,12,17,27,7,0,31,0,0,0.0,8.49,8.49,1,0,0.06064718908493463,1
24.86304,67.162394,61.47,166,1,1,0,2,49,28,7,1,31,0,1,0.0,61.47,61.47,1,0,0.43910279305664685,3
24.914396,66.967559,25.93,52,1,1,0,23,30,27,7,0,31,0,1,0.0,25.93,25.93,1,0,0.1852275162511608,1
24.777703,66.904257,15.22,84,1,1,0,7,39,28,7,1,31,0,0,0.0,15.22,15.22,1,0,0.1087220515751125,1
24.800049,67.055663,78.73,240,1,1,0,0,41,28,7,1,31,0,1,0.0,78.73,78.73,1,0,0.5623973140938638,3
24.846744,67.013222,135.79,45,1,1,0,6,50,28,7,1,31,0,0,0.0,135.79,135.79,1,1,0.9699978569897849,4
24.815454,67.280589,73.96,312,1,1,0,18,49,27,7,0,31,0,0,0.0,73.96,73.96,1,0,0.5283234516751196,3
24.923213,67.252936,49.41,334,1,1,0,18,13,27,7,0,31,0,0,0.0,49.41,49.41,1,0,0.35295378241302944,2
24.785825,67.252944,69.1,61,1,1,0,22,49,27,7,0,31,0,1,0.0,69.1,69.1,1,0,0.49360668619187076,3
24.943093,66.962688,7.12,196,1,1,0,16,30,27,7,0,31,0,0,0.0,7.12,7.12,1,0,0.05086077576969783,1
25.061337,67.252806,24.82,256,1,1,0,13,9,27,7,0,31,0,0,0.0,24.82,24.82,1,0,0.17729837845560395,1
24.970273,67.237217,78.07,130,1,1,0,17,22,27,7,0,31,0,0,0.0,78.07,78.07,1,0,0.55768269162083,3
25.04668,66.981434,20.82,105,1,1,0,13,9,27,7,0,31,0,0,0.0,20.82,20.82,1,0,0.14872490892206586,1
25.025108,67.21039,0.82,352,1,1,0,15,4,27,7,0,31,0,0,0.0,0.82,0.82,1,0,0.0058575612543753115,1
24.922135,67.200804,27.48,214,1,1,0,14,52,27,7,0,31,0,0,0.0,27.48,27.48,1,0,0.19629973569540682,1
24.878827,66.908375,139.88,153,1,1,0,6,6,28,7,1,31,0,0,0.0,139.88,139.88,1,1,0.9992142295878276,4
25.096617,66.949386,83.84,293,1,1,0,17,56,27,7,0,31,0,0,0.0,83.84,83.84,1,0,0.5988999214229588,3
24.869919,67.16901,83.53,219,1,1,0,3,0,28,7,1,31,0,1,0.0,83.53,83.53,1,0,0.5966854775341095,3
25.090331,67.201488,92.04,149,1,1,0,3,17,28,7,1,31,0,1,0.0,92.04,92.04,1,0,0.6574755339667119,4
24.907627,66.998524,51.34,333,1,1,0,23,10,27,7,0,31,0,1,0.0,51.34,51.34,1,0,0.3667404814629616,2
24.899447,67.089674,71.47,331,1,1,0,4,27,28,7,1,31,0,1,0.0,71.47,71.47,1,0,0.5105364668904921,3
24.938253,67.289364,68.99,64,1,1,0,4,31,28,7,1,31,0,1,0.0,68.99,68.99,1,0,0.4928209157796985,3
24.80467,67.014897,20.39,11,1,1,0,5,56,28,7,1,31,0,1,0.0,20.39,20.39,1,0,0.1456532609472105,1
25.027151,67.21435,121.68,131,1,1,0,2,24,28,7,1,31,0,1,0.0,121.68,121.68,1,1,0.8692049432102293,4
24.794604,67.161005,37.15,342,1,1,0,14,58,27,7,0,31,0,0,0.0,37.15,37.15,1,0,0.2653760982927352,2
24.849713,67.291273,36.17,238,1,1,0,16,16,27,7,0,31,0,0,0.0,36.17,36.17,1,0,0.25837559825701834,2
25.025873,66.968865,20.1,39,1,1,0,6,57,28,7,1,31,0,0,0.0,20.1,20.1,1,0,0.143581684406029,1
24.876251,67.015705,63.62,73,1,1,0,7,14,28,7,1,31,0,0,0.0,63.62,63.62,1,0,0.4544610329309236,3
24.805763,67.231034,96.33,283,1,1,0,2,53,28,7,1,31,0,1,0.0,96.33,96.33,1,0,0.6881205800414315,4
25.066281,67.060024,35.7,42,1,1,0,2,5,28,7,1,31,0,1,0.0,35.7,35.7,1,0,0.25501821558682763,2
25.027681,67.166051,80.43,46,1,1,0,19,43,27,7,0,31,0,0,0.0,80.43,80.43,1,0,0.5745410386456176,3
25.072415,67.133593,37.57,18,1,1,0,3,48,28,7,1,31,0,1,0.0,37.57,37.57,1,0,0.26837631259375666,2
24.750915,67.103144,92.06,111,1,1,0,21,13,27,7,0,31,0,1,0.0,92.06,92.06,1,0,0.6576184013143795,4
24.815011,67.217396,91.19,221,1,1,0,17,2,27,7,0,31,0,0,0.0,91.19,91.19,1,0,0.651403671690835,4
24.81687,66.996542,77.81,208,1,1,0,17,33,27,7,0,31,0,0,0.0,77.81,77.81,1,0,0.5558254161011501,3
24.833378,67.049232,18.7,351,1,1,0,1,31,28,7,1,31,0,1,0.0,18.7,18.7,1,0,0.13358097006929065,1
25.089405,67.035183,69.37,347,1,1,0,2,15,28,7,1,31,0,1,0.0,69.37,69.37,1,0,0.49553539538538466,3
24.944906,67.219863,88.88,213,1,1,0,8,20,28,7,1,31,0,0,0.0,88.88,88.88,1,0,0.6349024930352167,3
24.882062,67.233872,51.46,292,1,1,0,3,10,28,7,1,31,0,1,0.0,51.46,51.46,1,0,0.36759768554896777,2
25.013144,67.22765,72.31,104,1,1,0,1,8,28,7,1,31,0,1,0.0,72.31,72.31,1,0,0.5165368954925351,3
24.876255,67.037185,5.38,314,1,1,0,21,46,27,7,0,31,0,1,0.0,5.38,5.38,1,0,0.038431316522608755,1
24.761806,67.029431,110.95,147,1,1,0,7,35,28,7,1,31,0,0,0.0,110.95,110.95,1,1,0.7925566111865133,4
25.023336,66.988915,17.0,101,1,1,0,20,46,27,7,0,31,0,1,0.0,17.0,17.0,1,0,0.12143724551753696,1
24.862272,67.142882,48.3,307,1,1,0,11,57,27,7,0,31,0,0,0.0,48.3,48.3,1,0,0.3450246446174726,2
24.815589,66.910319,130.18,353,1,1,0,15,25,27,7,0,31,0,0,0.0,130.18,130.18,1,1,0.9299235659689977,4
24.857581,67.158527,119.4,161,1,1,0,22,37,27,7,0,31,0,1,0.0,119.4,119.4,1,1,0.8529180655761126,4
25.009519,67.026833,2.25,58,1,1,0,13,16,27,7,0,31,0,0,0.0,2.25,2.25,1,0,0.016072576612615186,1
24.89501,67.000506,92.88,263,1,1,0,18,51,27,7,0,31,0,0,0.0,92.88,92.88,1,0,0.6634759625687549,4
24.841193,67.081711,88.06,320,1,1,0,23,26,27,7,0,31,0,1,0.0,88.06,88.06,1,0,0.6290449317808414,3
24.791875,66.989807,113.92,321,1,1,0,10,4,28,7,1,31,0,0,0.0,113.92,113.92,1,1,0.8137724123151653,4
25.000711,67.001794,139.59,252,1,1,0,13,52,27,7,0,31,0,0,0.0,139.59,139.59,1,1,0.9971426530466462,4
24.979748,67.073083,1.38,325,1,1,0,12,11,27,7,0,31,0,0,0.0,1.38,1.38,1,0,0.009857846989070647,1
25.093042,67.286919,113.18,18,1,1,0,1,7,28,7,1,31,0,1,0.0,113.18,113.18,1,1,0.8084863204514608,4
25.074292,67.154337,135.76,43,1,1,0,21,53,27,7,0,31,0,1,0.0,135.76,135.76,1,1,0.9697835559682834,4
25.034149,66.990799,102.75,269,1,1,0,0,48,28,7,1,31,0,1,0.0,102.75,102.75,1,1,0.7339809986427601,4
24.914789,67.120922,71.38,156,1,1,0,2,24,28,7,1,31,0,1,0.0,71.38,71.38,1,0,0.5098935638259875,3
24.990745,66.9979,58.4,61,1,1,0,1,15,28,7,1,31,0,1,0.0,58.4,58.4,1,0,0.41717265518965635,2
24.879642,66.959123,62.34,217,1,1,0,19,57,27,7,0,31,0,0,0.0,62.34,62.34,1,0,0.4453175226801914,3
24.939477,67.237868,26.82,150,1,1,0,19,37,27,7,0,31,0,0,0.0,26.82,26.82,1,0,0.191585113222373,1
25.091611,66.96362,27.5,115,1,1,0,9,55,28,7,1,31,0,0,0.0,27.5,27.5,1,0,0.19644260304307448,1
24.881083,67.018646,86.77,77,1,1,0,21,40,27,7,0,31,0,1,0.0,86.77,86.77,1,0,0.6198299878562754,3
24.989128,67.206294,114.67,78,1,1,0,13,1,27,7,0,31,0,0,0.0,114.67,114.67,1,1,0.8191299378527037,4
24.961304,67.222851,13.54,235,1,1,0,15,49,27,7,0,31,0,0,0.0,13.54,13.54,1,0,0.09672119437102648,1
24.772356,67.062267,39.46,260,1,1,0,22,58,27,7,0,31,0,1,0.0,39.46,39.46,1,0,0.28187727694835346,2
24.843648,67.206781,69.3,41,1,1,0,22,56,27,7,0,31,0,1,0.0,69.3,69.3,1,0,0.4950353596685477,3
24.961153,67.05115,101.75,10,1,1,0,7,20,28,7,1,31,0,0,0.0,101.75,101.75,1,1,0.7268376312593756,4
24.771542,67.000804,72.71,234,1,1,0,15,16,27,7,0,31,0,0,0.0,72.71,72.71,1,0,0.5193942424458889,3
24.956576,66.94986,27.81,89,1,1,0,16,54,27,7,0,31,0,0,0.0,27.81,27.81,1,0,0.19865704693192368,1
24.979661,67.014588,130.3,305,1,1,0,9,15,28,7,1,31,0,0,0.0,130.3,130.3,1,1,0.9307807700550039,4
24.8078,67.072315,99.61,338,1,1,0,6,16,28,7,1,31,0,0,0.0,99.61,99.61,1,0,0.7115508250589327,4
24.768444,67.237075,114.83,178,1,1,0,16,53,27,7,0,31,0,0,0.0,114.83,114.83,1,1,0.8202728766340452,4
24.85079,66.954978,38.51,117,1,1,0,18,46,27,7,0,31,0,0,0.0,38.51,38.51,1,0,0.2750910779341381,2
24.901789,67.274484,17.5,136,1,1,0,12,54,27,7,0,31,0,0,0.0,17.5,17.5,1,0,0.12500892920922924,1
24.801117,67.187925,79.01,137,1,1,0,8,14,28,7,1,31,0,0,0.0,79.01,79.01,1,0,0.5643974569612115,3
25.022793,66.992531,30.3,14,1,1,0,1,13,28,7,1,31,0,1,0.0,30.3,30.3,1,0,0.21644403171655116,2
25.025382,67.121998,128.2,295,1,1,0,23,17,27,7,0,31,0,1,0.0,128.2,128.2,1,1,0.9157796985498963,4
24.962343,66.992387,77.68,140,1,1,0,16,44,27,7,0,31,0,0,0.0,77.68,77.68,1,0,0.5548967783413101,3
24.929656,67.130075,5.74,317,1,1,0,23,23,27,7,0,31,0,1,0.0,5.74,5.74,1,0,0.04100292878062719,1
25.059604,67.221137,46.37,11,1,1,0,5,59,28,7,1,31,0,1,0.0,46.37,46.37,1,0,0.3312379455675405,2
24.96591,67.001097,19.94,58,1,1,0,4,44,28,7,1,31,0,1,0.0,19.94,19.94,1,0,0.14243874562468747,1
24.839124,67.008457,19.03,54,1,1,0,11,44,27,7,0,31,0,0,0.0,19.03,19.03,1,0,0.13593828130580757,1
24.795323,66.905702,44.66,86,1,1,0,2,41,28,7,1,31,0,1,0.0,44.66,44.66,1,0,0.31902278734195294,2
25.062285,67.116231,23.98,25,1,1,0,6,36,28,7,1,31,0,0,0.0,23.98,23.98,1,0,0.17129794985356095,1
24.952511,67.247854,31.06,220,1,1,0,0,31,28,7,1,31,0,1,0.0,31.06,31.06,1,0,0.2218729909279234,2
24.892987,67.077653,32.51,76,1,1,0,21,21,27,7,0,31,0,1,0.0,32.51,32.51,1,0,0.23223087363383096,2
24.784616,67.049284,16.32,242,1,1,0,15,22,27,7,0,31,0,0,0.0,16.32,16.32,1,0,0.11657975569683549,1
25.087966,67.111084,37.43,275,1,1,0,11,51,27,7,0,31,0,0,0.0,37.43,37.43,1,0,0.26737624116008285,2
24.956665,67.199395,15.43,321,1,1,0,1,55,28,7,1,31,0,1,0.0,15.43,15.43,1,0,0.11022215872562324,1
24.802114,66.939416,14.08,274,1,1,0,11,24,27,7,0,31,0,0,0.0,14.08,14.08,1,0,0.10057861275805415,1
25.055741,67.18862,124.01,160,1,1,0,22,49,27,7,0,31,0,1,0.0,124.01,124.01,1,1,0.8858489892135152,4
24.955085,66.972325,87.1,228,1,1,0,8,35,28,7,1,31,0,0,0.0,87.1,87.1,1,0,0.6221872990927922,3
24.802129,67.129985,115.91,202,1,1,0,0,15,28,7,1,31,0,1,0.0,115.91,115.91,1,1,0.8279877134081005,4
24.939583,66.996398,129.56,204,1,1,0,14,20,27,7,0,31,0,0,0.0,129.56,129.56,1,1,0.9254946781912994,4
24.913825,67.270096,112.69,69,1,1,0,22,3,27,7,0,31,0,1,0.0,112.69,112.69,1,1,0.8049860704336024,4
24.850179,66.929723,122.55,114,1,1,0,12,37,27,7,0,31,0,0,0.0,122.55,122.55,1,1,0.8754196728337738,4
24.959782,67.198517,20.25,69,1,1,0,8,48,28,7,1,31,0,0,0.0,20.25,20.25,1,0,0.14465318951353667,1
25.098057,66.986582,116.41,290,1,1,0,0,18,28,7,1,31,0,1,0.0,116.41,116.41,1,1,0.8315593970997928,4
24.866219,67.079608,125.56,208,1,1,0,21,17,27,7,0,31,0,1,0.0,125.56,125.56,1,1,0.8969212086577613,4
25.089682,67.156858,39.92,199,1,1,0,3,8,28,7,1,31,0,1,0.0,39.92,39.92,1,0,0.28516322594471033,2
24.90768,67.077088,31.6,301,1,1,0,19,44,27,7,0,31,0,0,0.0,31.6,31.6,1,0,0.22573040931495106,2
24.790066,67.141452,81.51,269,1,1,0,14,14,27,7,0,31,0,0,0.0,81.51,81.51,1,0,0.5822558754196728,3
24.902371,67.280859,122.29,250,1,1,0,2,55,28,7,1,31,0,1,0.0,122.29,122.29,1,1,0.8735623973140938,4
24.920448,67.054426,126.93,339,1,1,0,4,18,28,7,1,31,0,1,0.0,126.93,126.93,1,1,0.906707621972998,4
24.841544,67.043821,81.54,120,1,1,0,9,5,28,7,1,31,0,0,0.0,81.54,81.54,1,0,0.5824701764411744,3
24.837747,67.192938,48.79,256,1,1,0,22,13,27,7,0,31,0,1,0.0,48.79,48.79,1,0,0.34852489463533104,2
24.952347,66.905594,79.83,111,1,1,0,4,22,28,7,1,31,0,1,0.0,79.83,79.83,1,0,0.5702550182155868,3
25.059445,67.176152,97.62,328,1,1,0,1,15,28,7,1,31,0,1,0.0,97.62,97.62,1,0,0.6973355239659975,4
24.915099,66.9674,18.98,256,1,1,0,7,17,28,7,1,31,0,0,0.0,18.98,18.98,1,0,0.13558111293663833,1
24.880598,67.078998,32.48,247,1,1,0,17,13,27,7,0,31,0,0,0.0,32.48,32.48,1,0,0.2320165726123294,2
24.890626,67.186107,115.85,305,1,1,0,10,1,28,7,1,31,0,0,0.0,115.85,115.85,1,1,0.8275591113650974,4
24.918894,66.92306,15.91,168,1,1,0,13,34,27,7,0,31,0,0,0.0,15.91,15.91,1,0,0.11365097506964783,1
24.971905,67.053128,58.65,12,1,1,0,7,27,28,7,1,31,0,0,0.0,58.65,58.65,1,0,0.4189584970355025,2
24.770469,67.194295,26.59,31,1,1,0,23,56,27,7,0,31,0,1,0.0,26.59,26.59,1,0,0.18994213872419458,1
24.946395,67.194695,41.74,355,1,1,0,21,21,27,7,0,31,0,1,0.0,41.74,41.74,1,0,0.2981641545824702,2
25.0962,66.901299,127.2,91,1,1,0,6,51,28,7,1,31,0,0,0.0,127.2,127.2,1,1,0.9086363311665119,4
24.77096,67.103803,104.21,322,1,1,0,16,22,27,7,0,31,0,0,0.0,104.21,104.21,1,1,0.7444103150225015,4
24.918765,67.139147,0.08,348,1,1,0,21,30,27,7,0,31,0,1,0.0,0.08,0.08,1,0,0.0005714693906707621,1
25.089896,67.028384,82.07,270,1,1,0,0,11,28,7,1,31,0,1,0.0,82.07,82.07,1,0,0.5862561611543681,3
24.956144,67.000781,24.09,92,1,1,0,11,49,27,7,0,31,0,0,0.0,24.09,24.09,1,0,0.17208372026573326,1
25.092159,66.998024,13.05,126,1,1,0,8,18,28,7,1,31,0,0,0.0,13.05,13.05,1,0,0.09322094435316808,1
24.923531,67.146668,132.19,234,1,1,0,7,27,28,7,1,31,0,0,0.0,132.19,132.19,1,1,0.9442817344096006,4
24.962399,66.965581,24.99,340,1,1,0,17,25,27,7,0,31,0,0,0.0,24.99,24.99,1,0,0.1785127509107793,1
24.828027,66.930691,96.23,339,1,1,0,4,1,28,7,1,31,0,1,0.0,96.23,96.23,1,0,0.6874062433030931,4
25.079493,67.13849,43.63,26,1,1,0,5,41,28,7,1,31,0,1,0.0,43.63,43.63,1,0,0.31166511893706694,2
24.80554,67.084805,134.14,187,1,1,0,14,8,27,7,0,31,0,0,0.0,134.14,134.14,1,1,0.9582113008072004,4
24.83429,67.265132,121.92,73,1,1,0,2,53,28,7,1,31,0,1,0.0,121.92,121.92,1,1,0.8709193513822415,4
24.981789,67.259436,115.22,122,1,1,0,15,21,27,7,0,31,0,0,0.0,115.22,115.22,1,1,0.8230587899135652,4
24.794606,67.023303,81.55,20,1,1,0,22,19,27,7,0,31,0,1,0.0,81.55,81.55,1,0,0.5825416101150082,3
25.031609,66.996385,117.28,269,1,1,0,21,54,27,7,0,31,0,1,0.0,117.28,117.28,1,1,0.8377741267233373,4
24.840013,66.987487,118.99,261,1,1,0,17,50,27,7,0,31,0,0,0.0,118.99,118.99,1,1,0.8499892849489248,4
24.99969,67.177002,64.77,116,1,1,0,7,32,28,7,1,31,0,0,0.0,64.77,64.77,1,0,0.4626759054218158,3
25.074866,67.059135,39.95,148,1,1,0,6,44,28,7,1,31,0,0,0.0,39.95,39.95,1,0,0.2853775269662119,2
25.040271,66.940094,5.74,76,1,1,0,6,14,28,7,1,31,0,0,0.0,5.74,5.74,1,0,0.04100292878062719,1
24.974354,67.186564,117.11,52,1,1,0,21,7,27,7,0,31,0,1,0.0,117.11,117.11,1,1,0.836559754268162,4
24.778506,67.094373,14.0,13,1,1,0,4,21,28,7,1,31,0,1,0.0,14.0,14.0,1,0,0.10000714336738338,1
25.00158,67.076323,39.79,20,1,1,0,22,0,27,7,0,31,0,1,0.0,39.79,39.79,1,0,0.2842345881848703,2
24.750904,67.068427,20.21,247,1,1,0,8,57,28,7,1,31,0,0,0.0,20.21,20.21,1,0,0.1443674548182013,1
24.896924,67.296277,77.02,22,1,1,0,10,51,28,7,1,31,0,0,0.0,77.02,77.02,1,0,0.5501821558682762,3
25.041348,67.152365,125.08,191,1,1,0,23,4,27,7,0,31,0,1,0.0,125.08,125.08,1,1,0.8934923923137367,4
25.00838,67.118873,3.9,279,1,1,0,7,43,28,7,1,31,0,0,0.0,3.9,3.9,1,0,0.027859132795199654,1
24.969232,67.218144,101.91,178,1,1,0,17,42,27,7,0,31,0,0,0.0,101.91,101.91,1,1,0.7279805700407171,4
24.963552,67.288817,67.56,208,1,1,0,15,3,27,7,0,31,0,0,0.0,67.56,67.56,1,0,0.4826059004214587,3
25.076905,66.933621,28.47,53,1,1,0,18,20,27,7,0,31,0,0,0.0,28.47,28.47,1,0,0.2033716694049575,1
25.028059,67.203384,122.67,115,1,1,0,16,18,27,7,0,31,0,0,0.0,122.67,122.67,1,1,0.87627687691978,4
24.798416,67.097406,50.68,24,1,1,0,7,21,28,7,1,31,0,0,0.0,50.68,50.68,1,0,0.36202585898992784,2
25.059821,66.937316,21.22,118,1,1,0,3,30,28,7,1,31,0,1,0.0,21.22,21.22,1,0,0.15158225587541965,1
25.096504,67.060063,105.25,2,1,1,0,11,45,27,7,0,31,0,0,0.0,105.25,105.25,1,1,0.7518394171012215,4
24.825423,66.982396,59.73,5,1,1,0,0,27,28,7,1,31,0,1,0.0,59.73,59.73,1,0,0.4266733338095578,2
25.074145,66.935762,29.01,24,1,1,0,12,34,27,7,0,31,0,0,0.0,29.01,29.01,1,0,0.20722908779198515,1
24.84369,67.070129,95.38,280,1,1,0,17,41,27,7,0,31,0,0,0.0,95.38,95.38,1,0,0.6813343810272161,4
25.039235,67.178751,22.07,20,1,1,0,3,31,28,7,1,31,0,1,0.0,22.07,22.07,1,0,0.1576541181512965,1
24.917062,67.232782,100.54,53,1,1,0,7,26,28,7,1,31,0,0,0.0,100.54,100.54,1,1,0.7181941567254804,4
24.763716,67.107093,13.56,119,1,1,0,0,47,28,7,1,31,0,1,0.0,13.56,13.56,1,0,0.09686406171869419,1
24.755627,67.148119,20.03,232,1,1,0,11,40,27,7,0,31,0,0,0.0,20.03,20.03,1,0,0.14308164868919207,1
24.88886,66.938254,90.02,92,1,1,0,19,54,27,7,0,31,0,0,0.0,90.02,90.02,1,0,0.6430459318522751,4
24.812221,66.902315,40.98,92,1,1,0,16,52,27,7,0,31,0,0,0.0,40.98,40.98,1,0,0.2927351953710979,2
24.867475,67.171132,1.0,49,1,1,0,18,21,27,7,0,31,0,0,0.0,1.0,1.0,1,0,0.007143367383384527,1
24.863687,66.9735,11.69,327,1,1,0,6,24,28,7,1,31,0,0,0.0,11.69,11.69,1,0,0.08350596471176512,1
24.841858,66.96211,107.1,335,1,1,0,21,9,27,7,0,31,0,1,0.0,107.1,107.1,1,1,0.7650546467604828,4
25.060466,67.248845,49.08,39,1,1,0,13,34,27,7,0,31,0,0,0.0,49.08,49.08,1,0,0.35059647117651255,2
24.935129,67.167145,137.74,283,1,1,0,0,27,28,7,1,31,0,1,0.0,137.74,137.74,1,1,0.9839274233873848,4
25.088304,67.164527,70.78,287,1,1,0,23,9,27,7,0,31,0,1,0.0,70.78,70.78,1,0,0.5056075433959568,3
24.808867,66.909517,7.56,317,1,1,0,21,50,27,7,0,31,0,1,0.0,7.56,7.56,1,0,0.05400385741838702,1
25.006256,67.126794,120.45,173,1,1,0,12,44,27,7,0,31,0,0,0.0,120.45,120.45,1,1,0.8604186013286663,4
25.060535,67.098752,4.72,352,1,1,0,23,31,27,7,0,31,0,1,0.0,4.72,4.72,1,0,0.03371669404957497,1
24.791135,66.990731,44.86,244,1,1,0,21,3,27,7,0,31,0,1,0.0,44.86,44.86,1,0,0.32045146081862985,2
24.942544,67.089392,99.72,347,1,1,0,23,38,27,7,0,31,0,1,0.0,99.72,99.72,1,0,0.7123365954711051,4
24.765584,67.22797,138.05,139,1,1,0,15,54,27,7,0,31,0,0,0.0,138.05,138.05,1,1,0.986141867276234,4
25.073893,67.123222,63.78,230,1,1,0,14,39,27,7,0,31,0,0,0.0,63.78,63.78,1,0,0.45560397171226513,3
25.022227,66.965506,134.92,159,1,1,0,7,24,28,7,1,31,0,0,0.0,134.92,134.92,1,1,0.9637831273662403,4
24.863899,67.299732,127.42,252,1,1,0,22,37,27,7,0,31,0,1,0.0,127.42,127.42,1,1,0.9102078719908564,4
24.982229,67.028221,13.83,269,1,1,0,14,51,27,7,0,31,0,0,0.0,13.83,13.83,1,0,0.098792770912208,1
24.81664,67.008687,32.33,72,1,1,0,12,3,27,7,0,31,0,0,0.0,32.33,32.33,1,0,0.23094506750482174,2
24.832489,67.251642,131.26,251,1,1,0,20,55,27,7,0,31,0,1,0.0,131.26,131.26,1,1,0.937638402743053,4
24.840083,67.180796,110.32,93,1,1,0,20,53,27,7,0,31,0,1,0.0,110.32,110.32,1,1,0.788056289734981,4
24.919798,67.088611,4.74,73,1,1,0,8,24,28,7,1,31,0,0,0.0,4.74,4.74,1,0,0.03385956139724266,1
25.020049,67.28771,47.21,103,1,1,0,3,40,28,7,1,31,0,1,0.0,47.21,47.21,1,0,0.3372383741695835,2
25.049731,67.188658,116.65,166,1,1,0,13,34,27,7,0,31,0,0,0.0,116.65,116.65,1,1,0.8332738052718052,4
24.844559,66.92364,57.54,134,1,1,0,6,30,28,7,1,31,0,0,0.0,57.54,57.54,1,0,0.41102935923994566,2
24.904774,66.958327,86.27,22,1,1,0,2,51,28,7,1,31,0,1,0.0,86.27,86.27,1,0,0.6162583041645832,3
24.928302,67.038288,1.53,350,1,1,0,8,11,28,7,1,31,0,0,0.0,1.53,1.53,1,0,0.010929352096578327,1
24.992132,67.247512,24.04,308,1,1,0,17,37,27,7,0,31,0,0,0.0,24.04,24.04,1,0,0.17172655189656402,1
24.857963,67.287059,107.4,115,1,1,0,11,38,27,7,0,31,0,0,0.0,107.4,107.4,1,1,0.7671976569754982,4
25.023547,67.061802,97.65,101,1,1,0,0,22,28,7,1,31,0,1,0.0,97.65,97.65,1,0,0.6975498249874991,4
24.866734,67.148805,135.24,298,1,1,0,13,35,27,7,0,31,0,0,0.0,135.24,135.24,1,1,0.9660690049289234,4
24.881896,67.076437,107.57,147,1,1,0,2,25,28,7,1,31,0,1,0.0,107.57,107.57,1,1,0.7684120294306735,4
24.961873,66.970337,78.74,55,1,1,0,18,34,27,7,0,31,0,0,0.0,78.74,78.74,1,0,0.5624687477676976,3
24.842081,67.059846,81.61,186,1,1,0,9,22,28,7,1,31,0,0,0.0,81.61,81.61,1,0,0.5829702121580113,3
24.973572,66.901705,26.9,185,1,1,0,19,1,27,7,0,31,0,0,0.0,26.9,26.9,1,0,0.19215658261304377,1
24.86029,66.939018,119.42,344,1,1,0,13,36,27,7,0,31,0,0,0.0,119.42,119.42,1,1,0.8530609329237803,4
24.832046,67.253711,74.98,345,1,1,0,2,42,28,7,1,31,0,1,0.0,74.98,74.98,1,0,0.5356096864061719,3
24.893652,67.218703,103.78,151,1,1,0,4,51,28,7,1,31,0,1,0.0,103.78,103.78,1,1,0.7413386670476462,4
24.897897,67.286763,113.64,50,1,1,0,1,50,28,7,1,31,0,1,0.0,113.64,113.64,1,1,0.8117722694478177,4
24.805985,67.251059,59.8,162,1,1,0,20,16,27,7,0,31,0,1,0.0,59.8,59.8,1,0,0.4271733695263947,2
24.846175,67.175545,30.13,95,1,1,0,1,16,28,7,1,31,0,1,0.0,30.13,30.13,1,0,0.2152296592613758,2
25.038705,67.287649,130.27,0,1,1,0,8,31,28,7,1,31,0,0,0.0,130.27,130.27,1,1,0.9305664690335024,4
24.829131,67.06986,115.78,280,1,1,0,14,16,27,7,0,31,0,0,0.0,115.78,115.78,1,1,0.8270590756482605,4
25.083122,67.236606,35.6,6,1,1,0,7,6,28,7,1,31,0,0,0.0,35.6,35.6,1,0,0.25430387884848915,2
24.808314,67.07245,41.87,351,1,1,0,15,10,27,7,0,31,0,0,0.0,41.87,41.87,1,0,0.2990927923423101,2
24.967721,67.264013,3.32,168,1,1,0,2,31,28,7,1,31,0,1,0.0,3.32,3.32,1,0,0.023715979712836628,1
24.79622,67.07199,126.69,349,1,1,0,23,33,27,7,0,31,0,1,0.0,126.69,126.69,1,1,0.9049932138009857,4
24.770412,66.947694,34.93,305,1,1,0,3,15,28,7,1,31,0,1,0.0,34.93,34.93,1,0,0.24951782270162154,2
24.843421,66.910921,69.98,148,1,1,0,1,25,28,7,1,31,0,1,0.0,69.98,69.98,1,0,0.4998928494892492,3
24.989033,66.913356,39.72,207,1,1,0,14,12,27,7,0,31,0,0,0.0,39.72,39.72,1,0,0.2837345524680334,2
24.921992,67.255907,130.23,40,1,1,0,18,18,27,7,0,31,0,0,0.0,130.23,130.23,1,1,0.9302807343381668,4
24.900721,67.064744,103.38,136,1,1,0,21,41,27,7,0,31,0,1,0.0,103.38,103.38,1,1,0.7384813200942923,4
25.039895,67.22135,138.93,118,1,1,0,9,7,28,7,1,31,0,0,0.0,138.93,138.93,1,1,0.9924280305736124,4
25.017898,67.138279,129.07,297,1,1,0,15,32,27,7,0,31,0,0,0.0,129.07,129.07,1,1,0.9219944281734409,4
25.067759,67.260001,36.91,221,1,1,0,17,36,27,7,0,31,0,0,0.0,36.91,36.91,1,0,0.2636616901207229,2
24.984741,66.991568,119.47,308,1,1,0,17,47,27,7,0,31,0,0,0.0,119.47,119.47,1,1,0.8534181012929495,4
24.946888,67.276805,22.85,135,1,1,0,9,50,28,7,1,31,0,0,0.0,22.85,22.85,1,0,0.16322594471033644,1
24.76032,67.172815,108.2,40,1,1,0,15,42,27,7,0,31,0,0,0.0,108.2,108.2,1,1,0.7729123508822059,4
24.886077,67.244792,83.83,76,1,1,0,11,20,28,7,1,31,0,0,0.0,83.83,83.83,1,0,0.5988284877491249,3
24.868744,67.047116,108.18,277,1,1,0,17,1,27,7,0,31,0,0,0.0,108.18,108.18,1,1,0.7727694835345382,4
24.99287,67.03375,24.43,101,1,1,0,2,19,28,7,1,31,0,1,0.0,24.43,24.43,1,0,0.174512465176084,1
24.882988,67.001669,85.63,327,1,1,0,14,18,27,7,0,31,0,0,0.0,85.63,85.63,1,0,0.611686549039217,3
24.819196,67.087611,124.12,182,1,1,0,12,59,27,7,0,31,0,0,0.0,124.12,124.12,1,1,0.8866347596256875,4
24.791184,67.106695,101.41,89,1,1,0,18,54,27,7,0,31,0,0,0.0,101.41,101.41,1,1,0.7244088863490249,4
24.9315,66.977087,45.76,322,1,1,0,20,19,27,7,0,31,0,1,0.0,45.76,45.76,1,0,0.3268804914636759,2
24.841486,66.947341,49.21,199,1,1,0,2,47,28,7,1,31,0,1,0.0,49.21,49.21,1,0,0.3515251089363526,2
24.883306,67.196505,124.31,313,1,1,0,10,5,28,7,1,31,0,0,0.0,124.31,124.31,1,1,0.8879919994285306,4
24.874595,67.015942,58.73,271,1,1,0,12,5,27,7,0,31,0,0,0.0,58.73,58.73,1,0,0.41952996642617324,2
25.077244,66.973966,29.15,91,1,1,0,6,39,28,7,1,31,0,0,0.0,29.15,29.15,1,0,0.20822915922565896,1
24.831703,67.24875,29.32,160,1,1,0,12,16,27,7,0,31,0,0,0.0,29.32,29.32,1,0,0.20944353168083432,1
25.009639,67.113218,79.95,137,1,1,0,23,52,27,7,0,31,0,1,0.0,79.95,79.95,1,0,0.571112222301593,3
24.994888,67.243761,75.22,211,1,1,0,0,3,28,7,1,31,0,1,0.0,75.22,75.22,1,0,0.5373240945781841,3
24.974969,67.097291,54.76,4,1,1,0,22,57,27,7,0,31,0,1,0.0,54.76,54.76,1,0,0.39117079791413667,2
25.076401,66.902503,137.95,20,1,1,0,9,47,28,7,1,31,0,0,0.0,137.95,137.95,1,1,0.9854275305378954,4
24.761229,67.101685,2.27,167,1,1,0,15,44,27,7,0,31,0,0,0.0,2.27,2.27,1,0,0.016215443960282877,1
24.82792,67.242718,130.01,349,1,1,0,3,6,28,7,1,31,0,1,0.0,130.01,130.01,1,1,0.9287091935138223,4
24.876249,67.215345,114.98,150,1,1,0,6,33,28,7,1,31,0,0,0.0,114.98,114.98,1,1,0.821344381741553,4
24.918603,67.216907,75.09,71,1,1,0,12,33,27,7,0,31,0,0,0.0,75.09,75.09,1,0,0.5363954568183441,3
25.030899,67.109213,6.27,2,1,1,0,9,58,28,7,1,31,0,0,0.0,6.27,6.27,1,0,0.044788913493820984,1
24.854114,66.913997,39.2,61,1,1,0,0,21,28,7,1,31,0,1,0.0,39.2,39.2,1,0,0.2800200014286735,2
25.083907,67.299064,62.41,98,1,1,0,8,54,28,7,1,31,0,0,0.0,62.41,62.41,1,0,0.4458175583970283,3
24.765725,67.240812,86.45,81,1,1,0,2,54,28,7,1,31,0,1,0.0,86.45,86.45,1,0,0.6175441102935924,3
24.976845,66.925539,5.75,97,1,1,0,10,26,28,7,1,31,0,0,0.0,5.75,5.75,1,0,0.04107436245446103,1
24.928055,67.234325,62.35,286,1,1,0,2,29,28,7,1,31,0,1,0.0,62.35,62.35,1,0,0.44538895635402526,3
24.888394,67.129063,125.9,258,1,1,0,8,26,28,7,1,31,0,0,0.0,125.9,125.9,1,1,0.899349953568112,4
24.850285,67.051911,68.63,10,1,1,0,19,36,27,7,0,31,0,0,0.0,68.63,68.63,1,0,0.49024930352168006,3
24.798106,67.231499,30.3,175,1,1,0,11,31,27,7,0,31,0,0,0.0,30.3,30.3,1,0,0.21644403171655116,2
24.789686,67.089792,124.48,216,1,1,0,9,5,28,7,1,31,0,0,0.0,124.48,124.48,1,1,0.889206371883706,4
25.061999,67.145061,83.36,258,1,1,0,19,48,27,7,0,31,0,0,0.0,83.36,83.36,1,0,0.5954711050789342,3
24.811047,67.283537,13.92,204,1,1,0,10,25,28,7,1,31,0,0,0.0,13.92,13.92,1,0,0.09943567397671262,1
24.902306,67.070801,2.76,320,1,1,0,17,52,27,7,0,31,0,0,0.0,2.76,2.76,1,0,0.019715693978141293,1
24.767712,67.278154,62.94,315,1,1,0,20,7,27,7,0,31,0,1,0.0,62.94,62.94,1,0,0.4496035431102221,3
25.092172,67.294288,79.17,214,1,1,0,16,24,27,7,0,31,0,0,0.0,79.17,79.17,1,0,0.565540395742553,3
25.058468,67.081553,138.22,304,1,1,0,22,54,27,7,0,31,0,1,0.0,138.22,138.22,1,1,0.9873562397314093,4
24.809495,67.022736,108.34,118,1,1,0,19,16,27,7,0,31,0,0,0.0,108.34,108.34,1,1,0.7739124223158796,4
24.927256,67.257167,93.13,351,1,1,0,4,9,28,7,1,31,0,1,0.0,93.13,93.13,1,0,0.6652618044146009,4
24.960551,67.153152,41.89,336,1,1,0,6,55,28,7,1,31,0,0,0.0,41.89,41.89,1,0,0.29923565968997784,2
24.84626,66.989284,89.52,52,1,1,0,15,29,27,7,0,31,0,0,0.0,89.52,89.52,1,0,0.6394742481605828,3
24.806691,66.996295,139.48,221,1,1,0,23,10,27,7,0,31,0,1,0.0,139.48,139.48,1,1,0.9963568826344738,4
24.800885,67.031077,130.63,244,1,1,0,5,32,28,7,1,31,0,1,0.0,130.63,130.63,1,1,0.9331380812915208,4
24.759041,67.295328,45.24,223,1,1,0,4,15,28,7,1,31,0,1,0.0,45.24,45.24,1,0,0.323165940424316,2
24.93182,66.94049,10.91,118,1,1,0,15,59,27,7,0,31,0,0,0.0,10.91,10.91,1,0,0.0779341381527252,1
24.877438,67.286021,132.3,75,1,1,0,3,41,28,7,1,31,0,1,0.0,132.3,132.3,1,1,0.945067504821773,4
24.815531,67.148271,120.01,349,1,1,0,0,57,28,7,1,31,0,1,0.0,120.01,120.01,1,1,0.8572755196799772,4
24.95859,66.90623,114.75,151,1,1,0,12,28,27,7,0,31,0,0,0.0,114.75,114.75,1,1,0.8197014072433745,4
24.923477,67.267383,93.93,149,1,1,0,11,26,27,7,0,31,0,0,0.0,93.93,93.93,1,0,0.6709764983213087,4
25.037956,66.920455,56.13,100,1,1,0,1,8,28,7,1,31,0,1,0.0,56.13,56.13,1,0,0.4009572112293735,2
24.924241,66.997747,92.31,356,1,1,0,19,40,27,7,0,31,0,0,0.0,92.31,92.31,1,0,0.6594042431602257,4
24.909251,67.297756,9.25,54,1,1,0,18,6,27,7,0,31,0,0,0.0,9.25,9.25,1,0,0.06607614829630687,1
25.063811,67.210446,109.68,89,1,1,0,23,18,27,7,0,31,0,1,0.0,109.68,109.68,1,1,0.783484534609615,4
25.050457,67.171925,119.45,117,1,1,0,7,53,28,7,1,31,0,0,0.0,119.45,119.45,1,1,0.8532752339452818,4
24.751716,67.249572,90.42,306,1,1,0,2,42,28,7,1,31,0,1,0.0,90.42,90.42,1,0,0.6459032788056289,4
24.884569,67.201187,133.69,321,1,1,0,5,48,28,7,1,31,0,1,0.0,133.69,133.69,1,1,0.9549967854846774,4
24.950623,66.914365,31.92,219,1,1,0,23,50,27,7,0,31,0,1,0.0,31.92,31.92,1,0,0.22801628687763412,2
24.939963,67.097179,35.8,106,1,1,0,22,10,27,7,0,31,0,1,0.0,35.8,35.8,1,0,0.25573255232516606,2
24.850642,67.165717,123.71,296,1,1,0,9,45,28,7,1,31,0,0,0.0,123.71,123.71,1,1,0.8837059789984998,4
24.88774,67.066849,62.96,206,1,1,0,9,20,28,7,1,31,0,0,0.0,62.96,62.96,1,0,0.4497464104578898,3
25.003465,67.037069,92.35,232,1,1,0,13,37,27,7,0,31,0,0,0.0,92.35,92.35,1,0,0.659689977855561,4
24.813613,66.900214,34.58,338,1,1,0,23,38,27,7,0,31,0,1,0.0,34.58,34.58,1,0,0.24701764411743693,2
24.87059,67.297431,3.44,240,1,1,0,14,57,27,7,0,31,0,0,0.0,3.44,3.44,1,0,0.02457318379884277,1
24.993907,66.921937,92.91,270,1,1,0,17,50,27,7,0,31,0,0,0.0,92.91,92.91,1,0,0.6636902635902564,4
25.059968,67.104362,25.57,72,1,1,0,3,16,28,7,1,31,0,1,0.0,25.57,25.57,1,0,0.18265590399314235,1
24.865194,67.121407,70.27,79,1,1,0,9,10,28,7,1,31,0,0,0.0,70.27,70.27,1,0,0.5019644260304307,3
24.882085,66.942804,78.15,235,1,1,0,14,11,27,7,0,31,0,0,0.0,78.15,78.15,1,0,0.5582541610115008,3
24.94757,66.972436,128.63,245,1,1,0,2,12,28,7,1,31,0,1,0.0,128.63,128.63,1,1,0.9188513465247516,4
24.840822,67.239848,88.32,279,1,1,0,8,18,28,7,1,31,0,0,0.0,88.32,88.32,1,0,0.6309022073005214,3
24.78833,67.196214,80.5,182,1,1,0,13,35,27,7,0,31,0,0,0.0,80.5,80.5,1,0,0.5750410743624544,3
24.766731,67.162293,40.06,139,1,1,0,6,49,28,7,1,31,0,0,0.0,40.06,40.06,1,0,0.28616329737838414,2
24.844338,67.118361,94.51,218,1,1,0,16,55,27,7,0,31,0,0,0.0,94.51,94.51,1,0,0.6751196514036717,4
24.773539,67.164035,7.01,79,1,1,0,11,4,28,7,1,31,0,0,0.0,7.01,7.01,1,0,0.050075005357525536,1
24.760289,66.942698,114.85,212,1,1,0,7,16,28,7,1,31,0,0,0.0,114.85,114.85,1,1,0.8204157439817129,4
25.063987,66.947307,128.96,319,1,1,0,15,29,27,7,0,31,0,0,0.0,128.96,128.96,1,1,0.9212086577612687,4
24.926959,67.240578,40.15,142,1,1,0,2,10,28,7,1,31,0,1,0.0,40.15,40.15,1,0,0.28680620044288874,2
24.75584,67.258877,84.8,344,1,1,0,5,17,28,7,1,31,0,1,0.0,84.8,84.8,1,0,0.6057575541110078,3
24.913156,67.161395,61.48,260,1,1,0,1,20,28,7,1,31,0,1,0.0,61.48,61.48,1,0,0.4391742267304807,3
24.864977,67.060242,54.2,314,1,1,0,19,43,27,7,0,31,0,0,0.0,54.2,54.2,1,0,0.3871705121794414,2
24.904143,67.152534,77.66,184,1,1,0,9,45,28,7,1,31,0,0,0.0,77.66,77.66,1,0,0.5547539109936424,3
24.838713,67.235247,110.3,27,1,1,0,7,37,28,7,1,31,0,0,0.0,110.3,110.3,1,1,0.7879134223873133,4
25.013285,67.088925,116.54,185,1,1,0,9,57,28,7,1,31,0,0,0.0,116.54,116.54,1,1,0.8324880348596329,4
24.796533,67.278637,4.56,303,1,1,0,2,4,28,7,1,31,0,1,0.0,4.56,4.56,1,0,0.03257375526823344,1
25.05316,67.094746,33.22,257,1,1,0,18,22,27,7,0,31,0,0,0.0,33.22,33.22,1,0,0.237302664476034,2
24.849779,67.199539,83.15,219,1,1,0,14,22,27,7,0,31,0,0,0.0,83.15,83.15,1,0,0.5939709979284234,3
25.056536,67.184385,107.23,91,1,1,0,13,36,27,7,0,31,0,0,0.0,107.23,107.23,1,1,0.7659832845203228,4
24.97693,67.026506,52.29,246,1,1,0,17,19,27,7,0,31,0,0,0.0,52.29,52.29,1,0,0.3735266804771769,2
24.986237,67.202481,121.84,165,1,1,0,2,32,28,7,1,31,0,1,0.0,121.84,121.84,1,1,0.8703478819915708,4
25.000038,66.959707,137.01,67,1,1,0,6,35,28,7,1,31,0,0,0.0,137.01,137.01,1,1,0.9787127651975139,4
24.985169,67.005353,39.82,41,1,1,0,20,22,27,7,0,31,0,1,0.0,39.82,39.82,1,0,0.28444888920637185,2
24.967348,67.085072,51.21,297,1,1,0,0,34,28,7,1,31,0,1,0.0,51.21,51.21,1,0,0.36581184370312164,2
25.069763,66.927327,74.89,89,1,1,0,17,52,27,7,0,31,0,0,0.0,74.89,74.89,1,0,0.5349667833416673,3
24.862176,67.224364,52.6,302,1,1,0,11,49,27,7,0,31,0,0,0.0,52.6,52.6,1,0,0.37574112436602614,2
24.922104,67.184057,91.43,227,1,1,0,17,33,27,7,0,31,0,0,0.0,91.43,91.43,1,0,0.6531180798628473,4
25.04823,67.271954,79.76,162,1,1,0,0,45,28,7,1,31,0,1,0.0,79.76,79.76,1,0,0.5697549824987499,3
24.991708,67.245726,115.07,62,1,1,0,14,4,27,7,0,31,0,0,0.0,115.07,115.07,1,1,0.8219872848060574,4
24.991029,67.273557,138.21,147,1,1,0,19,48,27,7,0,31,0,0,0.0,138.21,138.21,1,1,0.9872848060575755,4
24.855577,67.1071,118.7,260,1,1,0,4,29,28,7,1,31,0,1,0.0,118.7,118.7,1,1,0.8479177084077434,4
24.790055,67.269948,128.78,176,1,1,0,11,20,28,7,1,31,0,0,0.0,128.78,128.78,1,1,0.9199228516322594,4
24.773117,67.253744,25.76,247,1,1,0,11,3,28,7,1,31,0,0,0.0,25.76,25.76,1,0,0.18401314379598543,1
24.888127,67.196878,56.64,196,1,1,0,17,31,27,7,0,31,0,0,0.0,56.64,56.64,1,0,0.40460032859489964,2
25.008378,67.085644,91.32,244,1,1,0,16,55,27,7,0,31,0,0,0.0,91.32,91.32,1,0,0.652332309450675,4
24.80828,67.119001,74.96,74,1,1,0,9,5,28,7,1,31,0,0,0.0,74.96,74.96,1,0,0.5354668190585041,3
24.767248,67.118532,132.89,276,1,1,0,17,52,27,7,0,31,0,0,0.0,132.89,132.89,1,1,0.9492820915779697,4
24.788711,67.084286,117.53,317,1,1,0,4,52,28,7,1,31,0,1,0.0,117.53,117.53,1,1,0.8395599685691835,4
25.001489,66.961566,128.14,66,1,1,0,23,41,27,7,0,31,0,1,0.0,128.14,128.14,1,1,0.9153510965068932,4
24.886198,66.903973,49.66,305,1,1,0,4,7,28,7,1,31,0,1,0.0,49.66,49.66,1,0,0.35473962425887556,2
24.926176,67.282618,52.15,273,1,1,0,16,31,27,7,0,31,0,0,0.0,52.15,52.15,1,0,0.3725266090435031,2
24.808656,67.097085,61.91,172,1,1,0,16,46,27,7,0,31,0,0,0.0,61.91,61.91,1,0,0.44224587470533605,3
25.074553,67.287498,85.1,280,1,1,0,23,34,27,7,0,31,0,1,0.0,85.1,85.1,1,0,0.6079005643260232,3
25.038961,67.204744,106.03,348,1,1,0,13,39,27,7,0,31,0,0,0.0,106.03,106.03,1,1,0.7574112436602614,4
24.772202,66.955083,33.84,286,1,1,0,22,34,27,7,0,31,0,1,0.0,33.84,33.84,1,0,0.2417315522537324,2
24.874218,67.209912,71.14,4,1,1,0,10,22,28,7,1,31,0,0,0.0,71.14,71.14,1,0,0.5081791556539752,3
25.080363,67.282634,117.61,156,1,1,0,11,36,27,7,0,31,0,0,0.0,117.61,117.61,1,1,0.8401314379598542,4
25.066399,66.905405,1.17,357,1,1,0,7,21,28,7,1,31,0,0,0.0,1.17,1.17,1,0,0.008357739838559896,1
25.051825,66.993058,9.49,43,1,1,0,13,5,27,7,0,31,0,0,0.0,9.49,9.49,1,0,0.06779055646831916,1
24.920085,67.02808,13.68,294,1,1,0,10,51,28,7,1,31,0,0,0.0,13.68,13.68,1,0,0.09772126580470032,1
25.082823,67.275357,45.32,284,1,1,0,18,34,27,7,0,31,0,0,0.0,45.32,45.32,1,0,0.3237374098149868,2
25.036589,67.276785,44.25,13,1,1,0,23,1,27,7,0,31,0,1,0.0,44.25,44.25,1,0,0.31609400671476534,2
25.099664,67.270168,53.88,144,1,1,0,5,34,28,7,1,31,0,1,0.0,53.88,53.88,1,0,0.3848846346167583,2
25.091737,67.030543,50.02,11,1,1,0,0,42,28,7,1,31,0,1,0.0,50.02,50.02,1,0,0.35731123651689406,2
24.918434,67.181231,42.85,245,1,1,0,7,32,28,7,1,31,0,0,0.0,42.85,42.85,1,0,0.306093292378027,2
24.93576,66.916218,35.58,230,1,1,0,2,39,28,7,1,31,0,1,0.0,35.58,35.58,1,0,0.25416101150082143,2
24.864663,66.922818,46.78,116,1,1,0,6,24,28,7,1,31,0,0,0.0,46.78,46.78,1,0,0.3341667261947282,2
25.083753,67.261669,121.19,143,1,1,0,2,46,28,7,1,31,0,1,0.0,121.19,121.19,1,1,0.8657046931923709,4
24.934431,67.210637,11.71,112,1,1,0,8,10,28,7,1,31,0,0,0.0,11.71,11.71,1,0,0.08364883205943281,1
24.904356,67.230313,33.47,302,1,1,0,5,18,28,7,1,31,0,1,0.0,33.47,33.47,1,0,0.2390885063218801,2
24.854094,67.10651,98.53,22,1,1,0,22,46,27,7,0,31,0,1,0.0,98.53,98.53,1,0,0.7038359882848775,4
24.960388,67.250622,5.52,96,1,1,0,8,5,28,7,1,31,0,0,0.0,5.52,5.52,1,0,0.039431387956282586,1
25.045996,66.920551,58.7,337,1,1,0,17,26,27,7,0,31,0,0,0.0,58.7,58.7,1,0,0.41931566540467174,2
24.817412,67.299969,45.74,302,1,1,0,13,40,27,7,0,31,0,0,0.0,45.74,45.74,1,0,0.32673762411600826,2
25.069181,67.22237,9.06,270,1,1,0,19,3,27,7,0,31,0,0,0.0,9.06,9.06,1,0,0.06471890849346382,1
24.985834,67.100037,13.47,51,1,1,0,21,1,27,7,0,31,0,1,0.0,13.47,13.47,1,0,0.09622115865418958,1
24.788684,66.948783,9.19,172,1,1,0,22,0,27,7,0,31,0,1,0.0,9.19,9.19,1,0,0.0656475462533038,1
25.072336,67.235166,73.58,41,1,1,0,0,28,28,7,1,31,0,1,0.0,73.58,73.58,1,0,0.5256089720694335,3
24.909401,67.281758,13.87,249,1,1,0,13,16,27,7,0,31,0,0,0.0,13.87,13.87,1,0,0.09907850560754339,1
24.97819,67.013818,1.02,146,1,1,0,16,39,27,7,0,31,0,0,0.0,1.02,1.02,1,0,0.007286234731052218,1
25.056981,67.034417,109.82,294,1,1,0,7,53,28,7,1,31,0,0,0.0,109.82,109.82,1,1,0.7844846060432887,4
24.938229,67.062783,53.18,131,1,1,0,1,25,28,7,1,31,0,1,0.0,53.18,53.18,1,0,0.37988427744838915,2
24.782872,67.175496,96.04,0,1,1,0,8,58,28,7,1,31,0,0,0.0,96.04,96.04,1,0,0.68604900350025,4
24.84719,67.176262,85.32,49,1,1,0,11,37,27,7,0,31,0,0,0.0,85.32,85.32,1,0,0.6094721051503678,3
25.015457,66.939314,1.74,250,1,1,0,17,1,27,7,0,31,0,0,0.0,1.74,1.74,1,0,0.012429459247089077,1
25.029837,67.255212,29.16,181,1,1,0,8,56,28,7,1,31,0,0,0.0,29.16,29.16,1,0,0.20830059289949282,1
25.033593,67.137719,96.8,308,1,1,0,14,13,27,7,0,31,0,0,0.0,96.8,96.8,1,0,0.6914779627116222,4
24.789213,67.106382,30.31,225,1,1,0,9,3,28,7,1,31,0,0,0.0,30.31,30.31,1,0,0.216515465390385,2
24.973671,67.081849,109.46,124,1,1,0,19,31,27,7,0,31,0,0,0.0,109.46,109.46,1,1,0.7819129937852702,4
25.053842,67.111984,107.13,10,1,1,0,8,56,28,7,1,31,0,0,0.0,107.13,107.13,1,1,0.7652689477819844,4
24.981502,67.142136,48.38,119,1,1,0,23,55,27,7,0,31,0,1,0.0,48.38,48.38,1,0,0.34559611400814344,2
24.996415,67.299559,45.06,356,1,1,0,15,44,27,7,0,31,0,0,0.0,45.06,45.06,1,0,0.3218801342953068,2
24.927436,67.068394,106.84,137,1,1,0,14,19,27,7,0,31,0,0,0.0,106.84,106.84,1,1,0.7631973712408029,4
24.859351,67.258318,69.82,24,1,1,0,1,7,28,7,1,31,0,1,0.0,69.82,69.82,1,0,0.49874991070790764,3
24.78847,67.03714,75.88,74,1,1,0,7,7,28,7,1,31,0,0,0.0,75.88,75.88,1,0,0.5420387170512179,3
24.914603,67.059977,1.21,338,1,1,0,23,3,27,7,0,31,0,1,0.0,1.21,1.21,1,0,0.008643474533895277,1
24.919332,66.91922,6.28,47,1,1,0,0,6,28,7,1,31,0,1,0.0,6.28,6.28,1,0,0.04486034716765483,1
25.092579,67.142082,23.02,12,1,1,0,19,24,27,7,0,31,0,0,0.0,23.02,23.02,1,0,0.1644403171655118,1
24.85103,67.05619,118.51,159,1,1,0,6,34,28,7,1,31,0,0,0.0,118.51,118.51,1,1,0.8465604686049003,4
25.068048,66.936456,5.28,205,1,1,0,10,58,28,7,1,31,0,0,0.0,5.28,5.28,1,0,0.037716979784270306,1
25.09076,67.122836,9.04,152,1,1,0,14,44,27,7,0,31,0,0,0.0,9.04,9.04,1,0,0.06457604114579611,1
25.049656,66.958104,11.04,199,1,1,0,21,34,27,7,0,31,0,1,0.0,11.04,11.04,1,0,0.07886277591256517,1
24.895676,66.923083,70.65,93,1,1,0,23,42,27,7,0,31,0,1,0.0,70.65,70.65,1,0,0.5046789056361168,3
24.881235,67.221127,127.59,228,1,1,0,17,37,27,7,0,31,0,0,0.0,127.59,127.59,1,1,0.9114222444460318,4
25.052523,67.052141,2.47,268,1,1,0,0,11,28,7,1,31,0,1,0.0,2.47,2.47,1,0,0.01764411743695978,1
24.951666,67.065683,26.51,132,1,1,0,22,7,27,7,0,31,0,1,0.0,26.51,26.51,1,0,0.1893706693335238,1
24.886106,67.231252,47.3,65,1,1,0,7,7,28,7,1,31,0,0,0.0,47.3,47.3,1,0,0.3378812772340881,2
24.853374,67.001009,39.8,73,1,1,0,18,16,27,7,0,31,0,0,0.0,39.8,39.8,1,0,0.2843060218587041,2
24.980746,66.985283,49.31,120,1,1,0,5,57,28,7,1,31,0,1,0.0,49.31,49.31,1,0,0.35223944567469107,2
25.029701,67.073387,59.91,249,1,1,0,6,34,28,7,1,31,0,0,0.0,59.91,59.91,1,0,0.427959139938567,2
24.810668,67.244169,62.38,22,1,1,0,17,54,27,7,0,31,0,0,0.0,62.38,62.38,1,0,0.4456032573755268,3
24.908352,66.984052,87.4,263,1,1,0,8,56,28,7,1,31,0,0,0.0,87.4,87.4,1,0,0.6243303093078078,3
24.99528,67.258276,42.33,255,1,1,0,17,37,27,7,0,31,0,0,0.0,42.33,42.33,1,0,0.302378741338667,2
24.968041,67.191872,130.54,18,1,1,0,0,39,28,7,1,31,0,1,0.0,130.54,130.54,1,1,0.9324951782270161,4
24.851869,67.004928,96.61,66,1,1,0,17,54,27,7,0,31,0,0,0.0,96.61,96.61,1,0,0.6901207229087791,4
24.84041,67.095054,102.86,120,1,1,0,10,17,28,7,1,31,0,0,0.0,102.86,102.86,1,1,0.7347667690549324,4
25.069522,67.178112,64.1,225,1,1,0,8,0,28,7,1,31,0,0,0.0,64.1,64.1,1,0,0.45788984927494814,3
25.091025,67.277721,85.52,215,1,1,0,21,25,27,7,0,31,0,1,0.0,85.52,85.52,1,0,0.6109007786270447,3
24.931849,67.130186,138.67,130,1,1,0,15,18,27,7,0,31,0,0,0.0,138.67,138.67,1,1,0.9905707550539322,4
24.945947,67.283385,24.42,118,1,1,0,20,36,27,7,0,31,0,1,0.0,24.42,24.42,1,0,0.17444103150225015,1
24.980713,67.055596,70.16,176,1,1,0,8,9,28,7,1,31,0,0,0.0,70.16,70.16,1,0,0.5011786556182584,3
24.935155,67.188814,84.52,243,1,1,0,13,14,27,7,0,31,0,0,0.0,84.52,84.52,1,0,0.6037574112436602,3
24.901182,66.909609,87.54,320,1,1,0,23,10,27,7,0,31,0,1,0.0,87.54,87.54,1,0,0.6253303807414815,3
24.88559,67.130646,110.63,151,1,1,0,16,53,27,7,0,31,0,0,0.0,110.63,110.63,1,1,0.7902707336238302,4
25.05155,67.276425,45.02,26,1,1,0,20,55,27,7,0,31,0,1,0.0,45.02,45.02,1,0,0.32159439959997144,2
24.880959,67.292248,74.34,109,1,1,0,20,6,27,7,0,31,0,1,0.0,74.34,74.34,1,0,0.5310379312808058,3
25.048835,67.135039,30.12,159,1,1,0,15,57,27,7,0,31,0,0,0.0,30.12,30.12,1,0,0.21515822558754197,2
24.975254,67.055874,139.96,241,1,1,0,10,46,28,7,1,31,0,0,0.0,139.96,139.96,1,1,0.9997856989784984,4
24.812636,67.284137,50.96,18,1,1,0,15,13,27,7,0,31,0,0,0.0,50.96,50.96,1,0,0.3640260018572755,2
24.876371,66.917435,5.51,308,1,1,0,4,39,28,7,1,31,0,1,0.0,5.51,5.51,1,0,0.03935995428244874,1
24.979404,66.955917,111.96,315,1,1,0,16,22,27,7,0,31,0,0,0.0,111.96,111.96,1,1,0.7997714122437316,4
24.98262,66.987574,111.26,187,1,1,0,22,19,27,7,0,31,0,1,0.0,111.26,111.26,1,1,0.7947710550753625,4
24.832154,66.934127,107.92,274,1,1,0,20,43,27,7,0,31,0,1,0.0,107.92,107.92,1,1,0.7709122080148582,4
24.789268,67.182401,54.75,277,1,1,0,1,27,28,7,1,31,0,1,0.0,54.75,54.75,1,0,0.39109936424030284,2
24.785413,67.028034,38.91,258,1,1,0,10,38,28,7,1,31,0,0,0.0,38.91,38.91,1,0,0.27794842488749194,2
24.985916,66.926735,57.12,175,1,1,0,4,18,28,7,1,31,0,1,0.0,57.12,57.12,1,0,0.40802914493892417,2
24.964219,66.943721,73.45,322,1,1,0,16,5,27,7,0,31,0,0,0.0,73.45,73.45,1,0,0.5246803343095935,3
24.781199,67.196232,16.2,96,1,1,0,7,7,28,7,1,31,0,0,0.0,16.2,16.2,1,0,0.11572255161082934,1
24.921873,66.915264,135.88,77,1,1,0,6,43,28,7,1,31,0,0,0.0,135.88,135.88,1,1,0.9706407600542895,4
25.063223,66.994498,76.71,100,1,1,0,13,24,27,7,0,31,0,0,0.0,76.71,76.71,1,0,0.5479677119794271,3
24.861962,67.285764,21.48,282,1,1,0,21,3,27,7,0,31,0,1,0.0,21.48,21.48,1,0,0.15343953139509964,1
25.034533,67.152711,89.82,272,1,1,0,0,27,28,7,1,31,0,1,0.0,89.82,89.82,1,0,0.6416172583755981,3
24.795116,66.957401,79.85,288,1,1,0,23,42,27,7,0,31,0,1,0.0,79.85,79.85,1,0,0.5703978855632544,3
24.808839,67.111479,10.26,314,1,1,0,14,8,27,7,0,31,0,0,0.0,10.26,10.26,1,0,0.07329094935352524,1
24.915862,67.213087,93.29,52,1,1,0,17,3,27,7,0,31,0,0,0.0,93.29,93.29,1,0,0.6664047431959426,4
24.805489,67.134437,32.64,180,1,1,0,10,29,28,7,1,31,0,0,0.0,32.64,32.64,1,0,0.23315951139367097,2
25.076137,67.072897,69.46,118,1,1,0,5,1,28,7,1,31,0,1,0.0,69.46,69.46,1,0,0.4961782984498892,3
24.783223,67.291015,19.66,53,1,1,0,13,30,27,7,0,31,0,0,0.0,19.66,19.66,1,0,0.1404386027573398,1
25.019048,66.962187,127.69,258,1,1,0,14,2,27,7,0,31,0,0,0.0,127.69,127.69,1,1,0.9121365811843702,4
24.872944,66.985227,35.6,168,1,1,0,0,59,28,7,1,31,0,1,0.0,35.6,35.6,1,0,0.25430387884848915,2
25.065631,66.981203,119.36,77,1,1,0,3,35,28,7,1,31,0,1,0.0,119.36,119.36,1,1,0.8526323308807772,4
24.935856,67.122421,109.43,19,1,1,0,0,7,28,7,1,31,0,1,0.0,109.43,109.43,1,1,0.7816986927637688,4
25.092107,67.190508,38.73,308,1,1,0,9,7,28,7,1,31,0,0,0.0,38.73,38.73,1,0,0.2766626187584827,2
25.018042,67.114817,116.95,336,1,1,0,17,24,27,7,0,31,0,0,0.0,116.95,116.95,1,1,0.8354168154868205,4
24.973301,67.234601,84.78,220,1,1,0,10,35,28,7,1,31,0,0,0.0,84.78,84.78,1,0,0.6056146867633402,3
25.018816,67.047301,105.1,216,1,1,0,17,7,27,7,0,31,0,0,0.0,105.1,105.1,1,1,0.7507679119937137,4
24.783998,66.922207,78.65,284,1,1,0,10,35,28,7,1,31,0,0,0.0,78.65,78.65,1,0,0.5618258447031931,3
25.095808,67.038148,120.61,204,1,1,0,6,35,28,7,1,31,0,0,0.0,120.61,120.61,1,1,0.8615615401100079,4
24.862801,67.009407,12.14,103,1,1,0,22,57,27,7,0,31,0,1,0.0,12.14,12.14,1,0,0.08672048003428816,1
25.069664,67.082701,109.28,222,1,1,0,2,33,28,7,1,31,0,1,0.0,109.28,109.28,1,1,0.7806271876562612,4
24.907828,67.001107,107.32,259,1,1,0,9,43,28,7,1,31,0,0,0.0,107.32,107.32,1,1,0.7666261875848274,4
24.936026,67.130902,97.63,347,1,1,0,5,19,28,7,1,31,0,1,0.0,97.63,97.63,1,0,0.6974069576398313,4
24.999225,66.906755,19.83,54,1,1,0,13,14,27,7,0,31,0,0,0.0,19.83,19.83,1,0,0.14165297521251516,1
24.902966,67.079619,39.0,20,1,1,0,16,59,27,7,0,31,0,0,0.0,39.0,39.0,1,0,0.27859132795199654,2
24.813871,67.086843,132.22,104,1,1,0,13,31,27,7,0,31,0,0,0.0,132.22,132.22,1,1,0.9444960354311022,4
24.800134,66.915224,72.19,37,1,1,0,22,55,27,7,0,31,0,1,0.0,72.19,72.19,1,0,0.515679691406529,3
25.029526,67.086596,92.19,105,1,1,0,10,24,28,7,1,31,0,0,0.0,92.19,92.19,1,0,0.6585470390742195,4
25.01602,67.129902,99.13,12,1,1,0,9,6,28,7,1,31,0,0,0.0,99.13,99.13,1,0,0.7081220087149082,4
24.797,67.19993,129.3,166,1,1,0,20,17,27,7,0,31,0,1,0.0,129.3,129.3,1,1,0.9236374026716194,4
24.987764,67.266472,30.28,61,1,1,0,1,32,28,7,1,31,0,1,0.0,30.28,30.28,1,0,0.2163011643688835,2
25.007172,67.000719,20.66,89,1,1,0,21,2,27,7,0,31,0,1,0.0,20.66,20.66,1,0,0.14758197014072433,1
24.943417,66.940789,98.36,72,1,1,0,21,37,27,7,0,31,0,1,0.0,98.36,98.36,1,0,0.7026216158297021,4
24.90405,66.964836,0.38,169,1,1,0,2,22,28,7,1,31,0,1,0.0,0.38,0.38,1,0,0.0027144796056861203,1
25.054393,67.273504,27.16,346,1,1,0,10,25,28,7,1,31,0,0,0.0,27.16,27.16,1,0,0.19401385813272376,1
24.941503,66.902426,134.15,218,1,1,0,8,10,28,7,1,31,0,0,0.0,134.15,134.15,1,1,0.9582827344810343,4
25.026468,67.147527,117.46,217,1,1,0,1,59,28,7,1,31,0,1,0.0,117.46,117.46,1,1,0.8390599328523465,4
24.782363,67.141652,73.27,330,1,1,0,21,54,27,7,0,31,0,1,0.0,73.27,73.27,1,0,0.5233945281805843,3
25.058403,67.131456,45.97,17,1,1,0,13,26,27,7,0,31,0,0,0.0,45.97,45.97,1,0,0.3283805986141867,2
25.063498,67.2688,100.87,302,1,1,0,15,12,27,7,0,31,0,0,0.0,100.87,100.87,1,1,0.7205514679619973,4
24.860724,67.081043,13.26,90,1,1,0,22,24,27,7,0,31,0,1,0.0,13.26,13.26,1,0,0.09472105150367882,1
24.986567,66.993089,60.13,318,1,1,0,13,4,27,7,0,31,0,0,0.0,60.13,60.13,1,0,0.4295306807629116,3
24.812459,67.29292,77.85,169,1,1,0,6,27,28,7,1,31,0,0,0.0,77.85,77.85,1,0,0.5561111507964854,3
24.914144,67.226097,129.52,254,1,1,0,15,8,27,7,0,31,0,0,0.0,129.52,129.52,1,1,0.925208943495964,4
24.951308,66.999771,69.52,32,1,1,0,6,53,28,7,1,31,0,0,0.0,69.52,69.52,1,0,0.4966069004928923,3
24.979854,66.910487,27.44,315,1,1,0,18,53,27,7,0,31,0,0,0.0,27.44,27.44,1,0,0.19601400100007144,1
24.800248,66.986602,69.7,330,1,1,0,20,22,27,7,0,31,0,1,0.0,69.7,69.7,1,0,0.49789270662190155,3
24.761351,67.141753,114.84,53,1,1,0,3,40,28,7,1,31,0,1,0.0,114.84,114.84,1,1,0.8203443103078791,4
25.094195,67.153785,3.54,183,1,1,0,4,33,28,7,1,31,0,1,0.0,3.54,3.54,1,0,0.025287520537181227,1
24.926034,67.019191,61.0,348,1,1,0,18,44,27,7,0,31,0,0,0.0,61.0,61.0,1,0,0.43574541038645614,3
24.910941,67.186544,132.31,22,1,1,0,21,13,27,7,0,31,0,1,0.0,132.31,132.31,1,1,0.9451389384956068,4
24.982591,67.082617,102.36,255,1,1,0,18,59,27,7,0,31,0,0,0.0,102.36,102.36,1,1,0.7311950853632402,4
24.794549,66.90545,59.6,266,1,1,0,6,55,28,7,1,31,0,0,0.0,59.6,59.6,1,0,0.4257446960497178,2
24.763799,67.285657,107.76,302,1,1,0,15,25,27,7,0,31,0,0,0.0,107.76,107.76,1,1,0.7697692692335166,4
24.925205,67.165569,16.87,166,1,1,0,8,59,28,7,1,31,0,0,0.0,16.87,16.87,1,0,0.12050860775769698,1
24.932162,67.245046,117.69,120,1,1,0,19,28,27,7,0,31,0,0,0.0,117.69,117.69,1,1,0.840702907350525,4
25.049844,66.915381,85.24,106,1,1,0,18,21,27,7,0,31,0,0,0.0,85.24,85.24,1,0,0.608900635759697,3
24.873198,67.205523,21.32,53,1,1,0,12,16,27,7,0,31,0,0,0.0,21.32,21.32,1,0,0.1522965926137581,1
24.941305,67.164276,61.36,285,1,1,0,16,1,27,7,0,31,0,0,0.0,61.36,61.36,1,0,0.4383170226444746,3
24.806131,67.119256,50.11,106,1,1,0,17,51,27,7,0,31,0,0,0.0,50.11,50.11,1,0,0.35795413958139866,2
24.904639,67.12929,75.29,191,1,1,0,14,46,27,7,0,31,0,0,0.0,75.29,75.29,1,0,0.5378241302950211,3
25.027348,67.056369,4.45,212,1,1,0,6,25,28,7,1,31,0,0,0.0,4.45,4.45,1,0,0.031787984856061144,1
24.85916,67.143977,118.86,35,1,1,0,12,8,27,7,0,31,0,0,0.0,118.86,118.86,1,1,0.8490606471890849,4
25.056362,67.162037,53.46,73,1,1,0,19,20,27,7,0,31,0,0,0.0,53.46,53.46,1,0,0.38188442031573683,2
25.03864,67.05854,136.81,214,1,1,0,7,16,28,7,1,31,0,0,0.0,136.81,136.81,1,1,0.9772840917208372,4
25.034312,67.2011,34.02,50,1,1,0,6,26,28,7,1,31,0,0,0.0,34.02,34.02,1,0,0.24301735838274163,2
25.065495,67.172061,74.13,70,1,1,0,2,54,28,7,1,31,0,1,0.0,74.13,74.13,1,0,0.5295378241302949,3
24.872146,67.273748,115.47,156,1,1,0,18,53,27,7,0,31,0,0,0.0,115.47,115.47,1,1,0.8248446317594114,4
24.92759,67.214381,62.4,291,1,1,0,1,41,28,7,1,31,0,1,0.0,62.4,62.4,1,0,0.44574612472319447,3
24.992126,67.022482,13.03,297,1,1,0,21,54,27,7,0,31,0,1,0.0,13.03,13.03,1,0,0.09307807700550039,1
24.817026,66.977941,135.45,284,1,1,0,21,51,27,7,0,31,0,1,0.0,135.45,135.45,1,1,0.9675691120794341,4
24.869155,66.983199,8.13,340,1,1,0,21,32,27,7,0,31,0,1,0.0,8.13,8.13,1,0,0.05807557682691621,1
24.81165,67.291498,133.07,215,1,1,0,1,59,28,7,1,31,0,1,0.0,133.07,133.07,1,1,0.9505678977069789,4
24.94735,67.144001,69.1,18,1,1,0,22,45,27,7,0,31,0,1,0.0,69.1,69.1,1,0,0.49360668619187076,3
24.918157,67.109693,31.86,317,1,1,0,21,30,27,7,0,31,0,1,0.0,31.86,31.86,1,0,0.22758768483463102,2
24.992611,67.13321,67.81,67,1,1,0,6,23,28,7,1,31,0,0,0.0,67.81,67.81,1,0,0.4843917422673048,3
24.852486,67.250849,34.46,68,1,1,0,16,50,27,7,0,31,0,0,0.0,34.46,34.46,1,0,0.2461604400314308,2
25.063886,67.205575,30.65,214,1,1,0,19,4,27,7,0,31,0,0,0.0,30.65,30.65,1,0,0.21894421030073574,2
25.023259,67.12626,31.48,253,1,1,0,15,20,27,7,0,31,0,0,0.0,31.48,31.48,1,0,0.2248732052289449,2
24.992253,67.012252,30.41,342,1,1,0,19,53,27,7,0,31,0,0,0.0,30.41,30.41,1,0,0.21722980212872348,2
24.95034,67.222797,3.47,152,1,1,0,16,2,27,7,0,31,0,0,0.0,3.47,3.47,1,0,0.02478748482034431,1
24.972258,67.236814,111.87,40,1,1,0,12,5,27,7,0,31,0,0,0.0,111.87,111.87,1,1,0.7991285091792271,4
25.045848,66.965139,71.75,29,1,1,0,6,1,28,7,1,31,0,0,0.0,71.75,71.75,1,0,0.5125366097578398,3
24.912577,67.222725,51.73,174,1,1,0,0,18,28,7,1,31,0,1,0.0,51.73,51.73,1,0,0.36952639474248156,2
24.799064,66.973395,26.82,236,1,1,0,2,15,28,7,1,31,0,1,0.0,26.82,26.82,1,0,0.191585113222373,1
24.769185,67.107408,128.88,305,1,1,0,22,41,27,7,0,31,0,1,0.0,128.88,128.88,1,1,0.9206371883705978,4
24.894313,67.239162,77.17,297,1,1,0,20,48,27,7,0,31,0,1,0.0,77.17,77.17,1,0,0.551253660975784,3
24.982882,67.222289,60.72,259,1,1,0,10,46,28,7,1,31,0,0,0.0,60.72,60.72,1,0,0.43374526751910847,3
24.934666,67.10072,45.13,83,1,1,0,15,24,27,7,0,31,0,0,0.0,45.13,45.13,1,0,0.3223801700121437,2
24.806817,67.275009,115.96,162,1,1,0,18,14,27,7,0,31,0,0,0.0,115.96,115.96,1,1,0.8283448817772697,4
24.965048,67.207648,131.2,222,1,1,0,14,44,27,7,0,31,0,0,0.0,131.2,131.2,1,1,0.9372098007000499,4
24.860669,66.976214,62.03,321,1,1,0,15,55,27,7,0,31,0,0,0.0,62.03,62.03,1,0,0.4431030787913422,3
25.026255,66.934127,67.15,119,1,1,0,15,52,27,7,0,31,0,0,0.0,67.15,67.15,1,0,0.479677119794271,3
24.879515,67.108264,123.86,39,1,1,0,2,2,28,7,1,31,0,1,0.0,123.86,123.86,1,1,0.8847774841060075,4
24.894196,67.20981,125.75,213,1,1,0,3,1,28,7,1,31,0,1,0.0,125.75,125.75,1,1,0.8982784484606042,4
24.759007,66.968333,84.03,149,1,1,0,8,22,28,7,1,31,0,0,0.0,84.03,84.03,1,0,0.6002571612258019,3
24.938981,67.08879,108.6,268,1,1,0,17,43,27,7,0,31,0,0,0.0,108.6,108.6,1,1,0.7757696978355596,4
24.859009,67.035147,107.44,77,1,1,0,10,1,28,7,1,31,0,0,0.0,107.44,107.44,1,1,0.7674833916708336,4
25.069961,66.953408,78.96,197,1,1,0,14,32,27,7,0,31,0,0,0.0,78.96,78.96,1,0,0.5640402885920422,3
24.83565,66.917245,13.9,212,1,1,0,6,47,28,7,1,31,0,0,0.0,13.9,13.9,1,0,0.09929280662904492,1
25.043399,66.983977,100.82,208,1,1,0,13,29,27,7,0,31,0,0,0.0,100.82,100.82,1,1,0.720194299592828,4
24.778054,67.134241,122.49,86,1,1,0,15,7,27,7,0,31,0,0,0.0,122.49,122.49,1,1,0.8749910707907707,4
25.08604,67.221607,70.31,290,1,1,0,21,24,27,7,0,31,0,1,0.0,70.31,70.31,1,0,0.5022501607257661,3
24.921324,67.214754,125.9,156,1,1,0,6,46,28,7,1,31,0,0,0.0,125.9,125.9,1,1,0.899349953568112,4
25.056928,67.145173,129.67,135,1,1,0,16,31,27,7,0,31,0,0,0.0,129.67,129.67,1,1,0.9262804486034715,4
24.952843,66.933859,116.16,273,1,1,0,13,15,27,7,0,31,0,0,0.0,116.16,116.16,1,1,0.8297735552539466,4
24.89872,67.100493,49.68,40,1,1,0,15,57,27,7,0,31,0,0,0.0,49.68,49.68,1,0,0.3548824916065433,2
25.099302,67.234357,71.62,253,1,1,0,12,47,27,7,0,31,0,0,0.0,71.62,71.62,1,0,0.5116079719979999,3
24.782046,67.296534,32.34,159,1,1,0,3,3,28,7,1,31,0,1,0.0,32.34,32.34,1,0,0.23101650117865563,2
24.838118,67.046209,46.36,283,1,1,0,16,9,27,7,0,31,0,0,0.0,46.36,46.36,1,0,0.33116651189370666,2
25.041256,66.953353,53.88,56,1,1,0,23,52,27,7,0,31,0,1,0.0,53.88,53.88,1,0,0.3848846346167583,2
24.902329,67.030041,1.61,132,1,1,0,23,59,27,7,0,31,0,1,0.0,1.61,1.61,1,0,0.01150082148724909,1
24.80212,67.041293,124.55,32,1,1,0,16,15,27,7,0,31,0,0,0.0,124.55,124.55,1,1,0.8897064076005429,4
24.769595,67.159314,132.35,41,1,1,0,0,40,28,7,1,31,0,1,0.0,132.35,132.35,1,1,0.9454246731909421,4
24.906462,67.08786,118.83,316,1,1,0,19,47,27,7,0,31,0,0,0.0,118.83,118.83,1,1,0.8488463461675834,4
25.044518,66.964338,80.28,239,1,1,0,10,32,28,7,1,31,0,0,0.0,80.28,80.28,1,0,0.5734695335381098,3
25.024433,67.037588,101.68,191,1,1,0,12,56,27,7,0,31,0,0,0.0,101.68,101.68,1,1,0.7263375955425387,4
24.943134,67.158212,93.02,146,1,1,0,7,45,28,7,1,31,0,0,0.0,93.02,93.02,1,0,0.6644760340024287,4
24.994035,67.135796,24.98,25,1,1,0,3,19,28,7,1,31,0,1,0.0,24.98,24.98,1,0,0.17844131723694548,1
25.01437,67.219039,93.96,31,1,1,0,15,58,27,7,0,31,0,0,0.0,93.96,93.96,1,0,0.6711907993428101,4
24.849999,66.941513,53.16,11,1,1,0,6,35,28,7,1,31,0,0,0.0,53.16,53.16,1,0,0.37974141010072143,2
24.817253,67.16758,138.5,112,1,1,0,7,50,28,7,1,31,0,0,0.0,138.5,138.5,1,1,0.989356382598757,4
24.93643,67.093759,125.66,234,1,1,0,21,17,27,7,0,31,0,1,0.0,125.66,125.66,1,1,0.8976355453960997,4
24.771567,67.097569,39.4,30,1,1,0,12,47,27,7,0,31,0,0,0.0,39.4,39.4,1,0,0.28144867490535036,2
25.037808,67.213251,1.19,206,1,1,0,20,34,27,7,0,31,0,1,0.0,1.19,1.19,1,0,0.008500607186227587,1
24.943085,66.970308,50.22,310,1,1,0,8,22,28,7,1,31,0,0,0.0,50.22,50.22,1,0,0.3587399099935709,2
24.84196,67.133834,34.53,298,1,1,0,20,48,27,7,0,31,0,1,0.0,34.53,34.53,1,0,0.24666047574826772,2
24.774027,66.980416,58.98,329,1,1,0,16,22,27,7,0,31,0,0,0.0,58.98,58.98,1,0,0.42131580827201937,2
24.927428,66.945273,32.86,39,1,1,0,2,43,28,7,1,31,0,1,0.0,32.86,32.86,1,0,0.23473105221801555,2
24.874882,67.176701,17.23,158,1,1,0,21,14,27,7,0,31,0,1,0.0,17.23,17.23,1,0,0.1230802200157154,1
25.018498,67.13447,66.19,185,1,1,0,19,17,27,7,0,31,0,0,0.0,66.19,66.19,1,0,0.47281948710622185,3
25.086538,67.1351,14.61,55,1,1,0,12,6,27,7,0,31,0,0,0.0,14.61,14.61,1,0,0.10436459747124793,1
24.756302,67.13072,11.65,43,1,1,0,12,53,27,7,0,31,0,0,0.0,11.65,11.65,1,0,0.08322023001642974,1
25.026872,67.068288,98.46,160,1,1,0,23,55,27,7,0,31,0,1,0.0,98.46,98.46,1,0,0.7033359525680405,4
24.789015,67.202645,70.43,93,1,1,0,17,35,27,7,0,31,0,0,0.0,70.43,70.43,1,0,0.5031073648117723,3
24.972263,67.192497,40.94,230,1,1,0,0,42,28,7,1,31,0,1,0.0,40.94,40.94,1,0,0.2924494606757625,2
24.921816,67.130932,17.23,291,1,1,0,20,3,27,7,0,31,0,1,0.0,17.23,17.23,1,0,0.1230802200157154,1
24.866784,67.200735,82.38,255,1,1,0,20,50,27,7,0,31,0,1,0.0,82.38,82.38,1,0,0.5884706050432174,3
24.972878,67.116243,78.32,330,1,1,0,11,30,27,7,0,31,0,0,0.0,78.32,78.32,1,0,0.5594685334666761,3
25.079903,67.120848,17.17,300,1,1,0,0,20,28,7,1,31,0,1,0.0,17.17,17.17,1,0,0.12265161797271235,1
24.96151,67.089308,51.18,324,1,1,0,5,20,28,7,1,31,0,1,0.0,51.18,51.18,1,0,0.3655975426816201,2
25.000625,67.103392,44.26,299,1,1,0,12,23,27,7,0,31,0,0,0.0,44.26,44.26,1,0,0.3161654403885992,2
24.875619,66.913152,128.71,27,1,1,0,6,47,28,7,1,31,0,0,0.0,128.71,128.71,1,1,0.9194228159154225,4
24.995412,67.220065,110.41,211,1,1,0,22,29,27,7,0,31,0,1,0.0,110.41,110.41,1,1,0.7886991927994856,4
24.972175,67.09669,25.41,46,1,1,0,18,14,27,7,0,31,0,0,0.0,25.41,25.41,1,0,0.18151296521180083,1
25.030713,67.092339,94.01,197,1,1,0,6,55,28,7,1,31,0,0,0.0,94.01,94.01,1,0,0.6715479677119794,4
25.093045,66.903309,76.56,73,1,1,0,17,38,27,7,0,31,0,0,0.0,76.56,76.56,1,0,0.5468962068719194,3
24.890228,66.972707,51.65,154,1,1,0,6,36,28,7,1,31,0,0,0.0,51.65,51.65,1,0,0.3689549253518108,2
25.016831,67.009438,137.13,175,1,1,0,0,38,28,7,1,31,0,1,0.0,137.13,137.13,1,1,0.9795699692835201,4
24.813185,67.162081,87.47,244,1,1,0,21,6,27,7,0,31,0,1,0.0,87.47,87.47,1,0,0.6248303450246445,3
24.940555,66.936757,69.15,40,1,1,0,15,56,27,7,0,31,0,0,0.0,69.15,69.15,1,0,0.4939638545610401,3
24.970912,67.057449,37.07,156,1,1,0,11,56,27,7,0,31,0,0,0.0,37.07,37.07,1,0,0.2648046289020644,2
24.859115,67.11583,100.36,9,1,1,0,2,17,28,7,1,31,0,1,0.0,100.36,100.36,1,1,0.7169083505964712,4
24.884632,66.917766,69.35,105,1,1,0,21,32,27,7,0,31,0,1,0.0,69.35,69.35,1,0,0.4953925280377169,3
24.899497,66.958951,127.7,335,1,1,0,0,54,28,7,1,31,0,1,0.0,127.7,127.7,1,1,0.9122080148582041,4
24.91483,67.001843,40.83,90,1,1,0,6,53,28,7,1,31,0,0,0.0,40.83,40.83,1,0,0.29166369026359024,2
25.048514,67.005547,23.43,194,1,1,0,7,42,28,7,1,31,0,0,0.0,23.43,23.43,1,0,0.16736909779269946,1
24.76177,67.176559,82.07,93,1,1,0,22,36,27,7,0,31,0,1,0.0,82.07,82.07,1,0,0.5862561611543681,3
24.882333,67.256864,57.25,162,1,1,0,16,56,27,7,0,31,0,0,0.0,57.25,57.25,1,0,0.40895778269876415,2
25.069675,67.26751,68.44,43,1,1,0,23,45,27,7,0,31,0,1,0.0,68.44,68.44,1,0,0.48889206371883703,3
24.848037,67.157691,93.06,340,1,1,0,17,18,27,7,0,31,0,0,0.0,93.06,93.06,1,0,0.664761768697764,4
24.90628,67.230153,12.61,208,1,1,0,13,56,27,7,0,31,0,0,0.0,12.61,12.61,1,0,0.09007786270447889,1
24.787205,67.166966,53.52,163,1,1,0,15,47,27,7,0,31,0,0,0.0,53.52,53.52,1,0,0.38231302235873993,2
25.003151,66.911896,76.31,200,1,1,0,3,51,28,7,1,31,0,1,0.0,76.31,76.31,1,0,0.5451103650260732,3
24.93315,67.207454,138.92,229,1,1,0,6,34,28,7,1,31,0,0,0.0,138.92,138.92,1,1,0.9923565968997784,4
24.958788,67.045551,4.34,91,1,1,0,0,19,28,7,1,31,0,1,0.0,4.34,4.34,1,0,0.031002214443888846,1
25.061526,67.158274,40.55,109,1,1,0,5,4,28,7,1,31,0,1,0.0,40.55,40.55,1,0,0.28966354739624256,2
25.000001,67.150007,52.55,27,1,1,0,20,32,27,7,0,31,0,1,0.0,52.55,52.55,1,0,0.37538395599685687,2
25.022365,67.275964,119.9,154,1,1,0,14,59,27,7,0,31,0,0,0.0,119.9,119.9,1,1,0.8564897492678049,4
24.968867,66.906582,75.05,17,1,1,0,14,8,27,7,0,31,0,0,0.0,75.05,75.05,1,0,0.5361097221230088,3
24.962252,67.098791,97.92,326,1,1,0,9,53,28,7,1,31,0,0,0.0,97.92,97.92,1,0,0.6994785341810129,4
24.772474,66.939085,126.38,202,1,1,0,16,42,27,7,0,31,0,0,0.0,126.38,126.38,1,1,0.9027787699121365,4
24.825236,67.189901,85.08,358,1,1,0,18,8,27,7,0,31,0,0,0.0,85.08,85.08,1,0,0.6077576969783556,3
24.933349,67.00518,46.9,295,1,1,0,12,30,27,7,0,31,0,0,0.0,46.9,46.9,1,0,0.3350239302807343,2
25.088344,67.068939,18.61,161,1,1,0,14,43,27,7,0,31,0,0,0.0,18.61,18.61,1,0,0.13293806700478605,1
24.823018,67.012143,134.72,40,1,1,0,4,54,28,7,1,31,0,1,0.0,134.72,134.72,1,1,0.9623544538895634,4
25.053221,67.164381,8.57,190,1,1,0,12,52,27,7,0,31,0,0,0.0,8.57,8.57,1,0,0.0612186584756054,1
24.998418,66.937013,122.31,191,1,1,0,17,27,27,7,0,31,0,0,0.0,122.31,122.31,1,1,0.8737052646617615,4
24.999061,67.256635,17.9,286,1,1,0,22,42,27,7,0,31,0,1,0.0,17.9,17.9,1,0,0.12786627616258303,1
24.831383,67.09603,28.22,130,1,1,0,4,48,28,7,1,31,0,1,0.0,28.22,28.22,1,0,0.20158582755911134,1
24.964355,67.211065,14.0,8,1,1,0,17,37,27,7,0,31,0,0,0.0,14.0,14.0,1,0,0.10000714336738338,1
24.761855,66.925226,63.85,283,1,1,0,16,17,27,7,0,31,0,0,0.0,63.85,63.85,1,0,0.45610400742910207,3
24.851196,67.028525,90.72,138,1,1,0,0,8,28,7,1,31,0,1,0.0,90.72,90.72,1,0,0.6480462890206443,4
25.07155,66.979161,43.53,324,1,1,0,13,52,27,7,0,31,0,0,0.0,43.53,43.53,1,0,0.31095078219872846,2
24.770852,67.039739,134.07,71,1,1,0,0,37,28,7,1,31,0,1,0.0,134.07,134.07,1,1,0.9577112650903635,4
25.090753,66.99948,114.57,228,1,1,0,9,36,28,7,1,31,0,0,0.0,114.57,114.57,1,1,0.8184156011143652,4
24.957217,67.058884,124.6,83,1,1,0,16,46,27,7,0,31,0,0,0.0,124.6,124.6,1,1,0.890063575969712,4
25.016073,67.138716,38.71,51,1,1,0,4,17,28,7,1,31,0,1,0.0,38.71,38.71,1,0,0.27651975141081503,2
24.792376,66.974286,3.29,348,1,1,0,8,45,28,7,1,31,0,0,0.0,3.29,3.29,1,0,0.023501678691335095,1
25.051806,67.253261,66.69,233,1,1,0,19,22,27,7,0,31,0,0,0.0,66.69,66.69,1,0,0.4763911707979141,3
24.992539,67.107421,56.03,355,1,1,0,10,24,28,7,1,31,0,0,0.0,56.03,56.03,1,0,0.40024287449103507,2
25.09621,67.273959,24.99,30,1,1,0,17,25,27,7,0,31,0,0,0.0,24.99,24.99,1,0,0.1785127509107793,1
24.854619,67.129354,129.53,54,1,1,0,13,31,27,7,0,31,0,0,0.0,129.53,129.53,1,1,0.9252803771697978,4
25.020524,67.102576,8.17,230,1,1,0,15,43,27,7,0,31,0,0,0.0,8.17,8.17,1,0,0.05836131152225159,1
24.936613,67.208215,138.37,267,1,1,0,14,8,27,7,0,31,0,0,0.0,138.37,138.37,1,1,0.988427744838917,4
24.886447,66.957014,66.17,61,1,1,0,10,26,28,7,1,31,0,0,0.0,66.17,66.17,1,0,0.4726766197585542,3
24.964217,66.935208,83.48,154,1,1,0,22,41,27,7,0,31,0,1,0.0,83.48,83.48,1,0,0.5963283091649404,3
24.941191,67.09745,6.59,178,1,1,0,16,34,27,7,0,31,0,0,0.0,6.59,6.59,1,0,0.047074791056504035,1
24.839012,66.921081,58.14,246,1,1,0,5,20,28,7,1,31,0,1,0.0,58.14,58.14,1,0,0.4153153796699764,2
24.800764,67.025781,30.13,4,1,1,0,23,45,27,7,0,31,0,1,0.0,30.13,30.13,1,0,0.2152296592613758,2
25.073684,67.011068,12.42,218,1,1,0,22,38,27,7,0,31,0,1,0.0,12.42,12.42,1,0,0.08872062290163582,1
25.087215,66.928323,26.02,197,1,1,0,10,44,28,7,1,31,0,0,0.0,26.02,26.02,1,0,0.1858704193156654,1
24.877923,67.157083,123.55,287,1,1,0,12,58,27,7,0,31,0,0,0.0,123.55,123.55,1,1,0.8825630402171583,4
24.816255,67.277976,49.45,9,1,1,0,12,45,27,7,0,31,0,0,0.0,49.45,49.45,1,0,0.3532395171083649,2
25.021537,67.073666,48.61,148,1,1,0,8,5,28,7,1,31,0,0,0.0,48.61,48.61,1,0,0.34723908850632185,2
25.076259,66.929431,66.93,135,1,1,0,1,47,28,7,1,31,0,1,0.0,66.93,66.93,1,0,0.47810557896992645,3
24.938373,66.972734,27.79,123,1,1,0,16,19,27,7,0,31,0,0,0.0,27.79,27.79,1,0,0.198514179584256,1
24.948299,66.903942,28.68,172,1,1,0,12,37,27,7,0,31,0,0,0.0,28.68,28.68,1,0,0.20487177655546823,1
24.927162,67.205091,12.91,148,1,1,0,10,3,28,7,1,31,0,0,0.0,12.91,12.91,1,0,0.09222087291949424,1
25.07034,66.988547,123.79,32,1,1,0,12,13,27,7,0,31,0,0,0.0,123.79,123.79,1,1,0.8842774483891707,4
25.097456,66.997097,101.48,266,1,1,0,5,10,28,7,1,31,0,1,0.0,101.48,101.48,1,1,0.7249089220658619,4
24.831744,67.078067,116.06,235,1,1,0,12,7,27,7,0,31,0,0,0.0,116.06,116.06,1,1,0.8290592185156083,4
24.996224,67.289691,64.29,96,1,1,0,13,5,27,7,0,31,0,0,0.0,64.29,64.29,1,0,0.45924708907779127,3
24.97039,67.287683,12.04,45,1,1,0,2,56,28,7,1,31,0,1,0.0,12.04,12.04,1,0,0.0860061432959497,1
24.855922,66.984907,60.53,303,1,1,0,12,57,27,7,0,31,0,0,0.0,60.53,60.53,1,0,0.43238802771626544,3
24.753203,67.012794,45.24,94,1,1,0,2,35,28,7,1,31,0,1,0.0,45.24,45.24,1,0,0.323165940424316,2
24.821222,67.286222,90.36,308,1,1,0,2,20,28,7,1,31,0,1,0.0,90.36,90.36,1,0,0.6454746767626258,4
24.979355,67.007837,124.52,242,1,1,0,16,7,27,7,0,31,0,0,0.0,124.52,124.52,1,1,0.8894921065790413,4
24.875848,67.011559,42.09,164,1,1,0,18,53,27,7,0,31,0,0,0.0,42.09,42.09,1,0,0.30066433316665475,2
25.076583,67.267834,63.33,58,1,1,0,21,32,27,7,0,31,0,1,0.0,63.33,63.33,1,0,0.4523894563897421,3
24.776355,67.201661,112.59,115,1,1,0,20,52,27,7,0,31,0,1,0.0,112.59,112.59,1,1,0.804271733695264,4
25.097615,67.209965,84.0,221,1,1,0,6,39,28,7,1,31,0,0,0.0,84.0,84.0,1,0,0.6000428602043003,3
25.008646,66.9985,65.71,123,1,1,0,22,58,27,7,0,31,0,1,0.0,65.71,65.71,1,0,0.4693906707621972,3
24.849762,66.913191,24.25,97,1,1,0,2,42,28,7,1,31,0,1,0.0,24.25,24.25,1,0,0.1732266590470748,1
24.948024,67.087733,82.87,265,1,1,0,4,12,28,7,1,31,0,1,0.0,82.87,82.87,1,0,0.5919708550610758,3
24.973808,67.296967,116.94,320,1,1,0,2,52,28,7,1,31,0,1,0.0,116.94,116.94,1,1,0.8353453818129866,4
24.960883,66.903262,84.61,245,1,1,0,16,29,27,7,0,31,0,0,0.0,84.61,84.61,1,0,0.6044003143081649,3
24.923506,67.212372,60.53,348,1,1,0,16,13,27,7,0,31,0,0,0.0,60.53,60.53,1,0,0.43238802771626544,3
24.955161,66.943072,12.01,298,1,1,0,9,47,28,7,1,31,0,0,0.0,12.01,12.01,1,0,0.08579184227444817,1
24.962939,67.086738,54.05,6,1,1,0,9,51,28,7,1,31,0,0,0.0,54.05,54.05,1,0,0.3860990070719337,2
25.081602,67.054883,9.52,7,1,1,0,21,34,27,7,0,31,0,1,0.0,9.52,9.52,1,0,0.0680048574898207,1
25.024959,67.24752,20.21,166,1,1,0,20,23,27,7,0,31,0,1,0.0,20.21,20.21,1,0,0.1443674548182013,1
25.018163,67.20945,135.11,226,1,1,0,4,13,28,7,1,31,0,1,0.0,135.11,135.11,1,1,0.9651403671690836,4
24.838439,66.961657,19.49,216,1,1,0,21,37,27,7,0,31,0,1,0.0,19.49,19.49,1,0,0.1392242303021644,1
24.985909,67.043896,97.78,335,1,1,0,11,20,28,7,1,31,0,0,0.0,97.78,97.78,1,0,0.698478462747339,4
24.861797,67.19745,16.46,283,1,1,0,7,40,28,7,1,31,0,0,0.0,16.46,16.46,1,0,0.11757982713050932,1
24.964103,67.039472,117.67,144,1,1,0,20,16,27,7,0,31,0,1,0.0,117.67,117.67,1,1,0.8405600400028573,4
24.920426,67.142493,47.22,41,1,1,0,19,25,27,7,0,31,0,0,0.0,47.22,47.22,1,0,0.33730980784341735,2
24.93153,67.194632,50.32,134,1,1,0,7,37,28,7,1,31,0,0,0.0,50.32,50.32,1,0,0.3594542467319094,2
24.841058,67.296271,71.88,15,1,1,0,20,37,27,7,0,31,0,1,0.0,71.88,71.88,1,0,0.5134652475176797,3
24.98319,67.249032,129.85,259,1,1,0,4,7,28,7,1,31,0,1,0.0,129.85,129.85,1,1,0.9275662547324808,4
25.022205,67.254472,134.88,133,1,1,0,21,46,27,7,0,31,0,1,0.0,134.88,134.88,1,1,0.963497392670905,4
24.760423,67.088532,30.0,263,1,1,0,8,14,28,7,1,31,0,0,0.0,30.0,30.0,1,0,0.21430102150153582,2
25.058975,67.252252,79.07,296,1,1,0,5,8,28,7,1,31,0,1,0.0,79.07,79.07,1,0,0.5648260590042145,3
25.013578,67.177264,69.34,208,1,1,0,3,24,28,7,1,31,0,1,0.0,69.34,69.34,1,0,0.4953210943638831,3
24.880842,67.27822,117.39,140,1,1,0,22,23,27,7,0,31,0,1,0.0,117.39,117.39,1,1,0.8385598971355096,4
24.838778,66.906497,88.99,34,1,1,0,22,47,27,7,0,31,0,1,0.0,88.99,88.99,1,0,0.635688263447389,3
24.990038,67.23393,114.39,237,1,1,0,19,8,27,7,0,31,0,0,0.0,114.39,114.39,1,1,0.8171297949853561,4
24.839516,67.273321,21.14,208,1,1,0,3,53,28,7,1,31,0,1,0.0,21.14,21.14,1,0,0.15101078648474892,1
24.824697,66.984597,110.54,11,1,1,0,19,57,27,7,0,31,0,0,0.0,110.54,110.54,1,1,0.7896278305593256,4
25.099419,66.9702,113.98,335,1,1,0,17,15,27,7,0,31,0,0,0.0,113.98,113.98,1,1,0.8142010143581684,4
24.811786,67.102917,84.19,263,1,1,0,1,1,28,7,1,31,0,1,0.0,84.19,84.19,1,0,0.6014001000071433,3
25.030698,67.271255,17.61,200,1,1,0,2,8,28,7,1,31,0,1,0.0,17.61,17.61,1,0,0.12579469962140152,1
24.939644,67.137108,119.23,6,1,1,0,23,20,27,7,0,31,0,1,0.0,119.23,119.23,1,1,0.8517036931209372,4
24.878046,67.167384,10.86,255,1,1,0,20,34,27,7,0,31,0,1,0.0,10.86,10.86,1,0,0.07757696978355597,1
24.798343,67.068625,51.89,156,1,1,0,2,40,28,7,1,31,0,1,0.0,51.89,51.89,1,0,0.3706693335238231,2
24.871758,67.273129,59.47,15,1,1,0,14,24,27,7,0,31,0,0,0.0,59.47,59.47,1,0,0.42481605828987784,2
24.759834,67.018767,53.14,268,1,1,0,4,7,28,7,1,31,0,1,0.0,53.14,53.14,1,0,0.37959854275305377,2
24.7561,67.074038,15.99,178,1,1,0,15,59,27,7,0,31,0,0,0.0,15.99,15.99,1,0,0.1142224444603186,1
24.951753,67.255003,38.51,11,1,1,0,12,52,27,7,0,31,0,0,0.0,38.51,38.51,1,0,0.2750910779341381,2
25.028623,67.060551,94.52,137,1,1,0,12,12,27,7,0,31,0,0,0.0,94.52,94.52,1,0,0.6751910850775055,4
24.963074,67.169893,119.68,53,1,1,0,13,42,27,7,0,31,0,0,0.0,119.68,119.68,1,1,0.8549182084434602,4
24.863427,67.282078,73.56,178,1,1,0,14,4,27,7,0,31,0,0,0.0,73.56,73.56,1,0,0.5254661047217658,3
25.03264,67.12002,66.68,198,1,1,0,0,45,28,7,1,31,0,1,0.0,66.68,66.68,1,0,0.4763197371240803,3
24.815924,67.200244,7.89,111,1,1,0,9,54,28,7,1,31,0,0,0.0,7.89,7.89,1,0,0.05636116865490392,1
24.765957,67.125341,74.69,353,1,1,0,1,41,28,7,1,31,0,1,0.0,74.69,74.69,1,0,0.5335381098649903,3
24.86745,67.17725,54.62,150,1,1,0,0,0,28,7,1,31,0,1,0.0,54.62,54.62,1,0,0.39017072648046286,2
25.00874,67.113717,75.99,24,1,1,0,0,19,28,7,1,31,0,1,0.0,75.99,75.99,1,0,0.5428244874633902,3
24.791416,66.992139,50.71,169,1,1,0,7,13,28,7,1,31,0,0,0.0,50.71,50.71,1,0,0.3622401600114294,2
25.03966,66.980919,41.11,110,1,1,0,5,2,28,7,1,31,0,1,0.0,41.11,41.11,1,0,0.2936638331309379,2
25.007407,66.967361,70.25,105,1,1,0,10,35,28,7,1,31,0,0,0.0,70.25,70.25,1,0,0.501821558682763,3
24.871399,66.91016,108.84,268,1,1,0,13,21,27,7,0,31,0,0,0.0,108.84,108.84,1,1,0.7774841060075719,4
24.85446,66.945021,132.53,107,1,1,0,22,14,27,7,0,31,0,1,0.0,132.53,132.53,1,1,0.9467104793199513,4
24.944948,67.273073,109.53,346,1,1,0,22,35,27,7,0,31,0,1,0.0,109.53,109.53,1,1,0.7824130295021072,4
24.941507,67.287069,130.33,162,1,1,0,3,3,28,7,1,31,0,1,0.0,130.33,130.33,1,1,0.9309950710765055,4
24.905235,66.939218,135.48,291,1,1,0,5,51,28,7,1,31,0,1,0.0,135.48,135.48,1,1,0.9677834131009356,4
25.043712,67.159984,3.95,74,1,1,0,6,20,28,7,1,31,0,0,0.0,3.95,3.95,1,0,0.028216301164368882,1
24.795086,67.222025,47.54,284,1,1,0,18,29,27,7,0,31,0,0,0.0,47.54,47.54,1,0,0.3395956854061004,2
25.079394,67.198906,27.72,110,1,1,0,0,24,28,7,1,31,0,1,0.0,27.72,27.72,1,0,0.19801414386741908,1
25.073331,66.996509,98.92,27,1,1,0,3,35,28,7,1,31,0,1,0.0,98.92,98.92,1,0,0.7066219015643974,4
24.853214,67.10222,53.33,220,1,1,0,7,44,28,7,1,31,0,0,0.0,53.33,53.33,1,0,0.3809557825558968,2
24.834463,67.278129,71.63,255,1,1,0,8,2,28,7,1,31,0,0,0.0,71.63,71.63,1,0,0.5116794056718337,3
25.088449,67.226558,111.78,200,1,1,0,9,23,28,7,1,31,0,0,0.0,111.78,111.78,1,1,0.7984856061147224,4
24.752603,67.026068,47.42,237,1,1,0,8,14,28,7,1,31,0,0,0.0,47.42,47.42,1,0,0.33873848132009426,2
25.06716,67.066479,75.54,163,1,1,0,0,28,28,7,1,31,0,1,0.0,75.54,75.54,1,0,0.5396099721408673,3
24.780663,67.141447,132.19,189,1,1,0,7,42,28,7,1,31,0,0,0.0,132.19,132.19,1,1,0.9442817344096006,4
24.887621,67.224587,54.4,285,1,1,0,13,3,27,7,0,31,0,0,0.0,54.4,54.4,1,0,0.3885991856561183,2
24.908063,67.239203,52.12,52,1,1,0,4,38,28,7,1,31,0,1,0.0,52.12,52.12,1,0,0.37231230802200155,2
25.049428,67.0046,39.87,61,1,1,0,20,58,27,7,0,31,0,1,0.0,39.87,39.87,1,0,0.28480605757554106,2
24.752424,66.998972,107.58,0,1,1,0,23,15,27,7,0,31,0,1,0.0,107.58,107.58,1,1,0.7684834631045074,4
25.005229,67.024024,48.9,130,1,1,0,8,51,28,7,1,31,0,0,0.0,48.9,48.9,1,0,0.34931066504750335,2
24.784973,67.078089,129.16,359,1,1,0,20,37,27,7,0,31,0,1,0.0,129.16,129.16,1,1,0.9226373312379454,4
24.955253,67.130345,104.97,183,1,1,0,21,23,27,7,0,31,0,1,0.0,104.97,104.97,1,1,0.7498392742338738,4
24.760884,67.064231,94.4,264,1,1,0,23,55,27,7,0,31,0,1,0.0,94.4,94.4,1,0,0.6743338809914994,4
24.769231,66.995449,61.48,82,1,1,0,7,5,28,7,1,31,0,0,0.0,61.48,61.48,1,0,0.4391742267304807,3
24.765107,67.084158,28.17,47,1,1,0,13,11,27,7,0,31,0,0,0.0,28.17,28.17,1,0,0.20122865918994215,1
24.927989,67.183876,54.11,161,1,1,0,17,42,27,7,0,31,0,0,0.0,54.11,54.11,1,0,0.3865276091149368,2
24.832102,67.101843,134.95,304,1,1,0,5,43,28,7,1,31,0,1,0.0,134.95,134.95,1,1,0.9639974283877418,4
25.060096,67.013204,111.21,34,1,1,0,18,25,27,7,0,31,0,0,0.0,111.21,111.21,1,1,0.7944138867061932,4
25.03412,67.296972,33.75,319,1,1,0,16,30,27,7,0,31,0,0,0.0,33.75,33.75,1,0,0.2410886491892278,2
24.872157,66.95815,25.88,16,1,1,0,14,18,27,7,0,31,0,0,0.0,25.88,25.88,1,0,0.18487034788199155,1
24.903731,67.005107,10.32,356,1,1,0,2,33,28,7,1,31,0,1,0.0,10.32,10.32,1,0,0.07371955139652832,1
24.773743,67.020114,96.6,281,1,1,0,23,33,27,7,0,31,0,1,0.0,96.6,96.6,1,0,0.6900492892349452,4
24.93109,67.214588,6.05,229,1,1,0,1,33,28,7,1,31,0,1,0.0,6.05,6.05,1,0,0.04321737266947639,1
24.974633,66.923493,128.37,17,1,1,0,8,38,28,7,1,31,0,0,0.0,128.37,128.37,1,1,0.9169940710050718,4
24.855089,66.995055,25.15,56,1,1,0,21,59,27,7,0,31,0,1,0.0,25.15,25.15,1,0,0.17965568969212084,1
24.992055,67.272174,32.17,158,1,1,0,18,12,27,7,0,31,0,0,0.0,32.17,32.17,1,0,0.22980212872348024,2
24.953206,67.29342,122.79,19,1,1,0,7,24,28,7,1,31,0,0,0.0,122.79,122.79,1,1,0.8771340810057862,4
24.760224,67.270654,106.28,8,1,1,0,8,42,28,7,1,31,0,0,0.0,106.28,106.28,1,1,0.7591970855061075,4
24.787943,67.117385,92.6,238,1,1,0,21,37,27,7,0,31,0,1,0.0,92.6,92.6,1,0,0.6614758197014071,4
24.831782,67.052485,20.09,288,1,1,0,9,13,28,7,1,31,0,0,0.0,20.09,20.09,1,0,0.14351025073219514,1
24.947829,67.026548,11.48,133,1,1,0,3,54,28,7,1,31,0,1,0.0,11.48,11.48,1,0,0.08200585756125438,1
25.028864,67.19013,137.19,352,1,1,0,12,26,27,7,0,31,0,0,0.0,137.19,137.19,1,1,0.9799985713265232,4
24.881952,67.18388,79.04,11,1,1,0,1,20,28,7,1,31,0,1,0.0,79.04,79.04,1,0,0.564611757982713,3
25.068807,67.00407,58.57,105,1,1,0,9,26,28,7,1,31,0,0,0.0,58.57,58.57,1,0,0.41838702764483177,2
25.088311,67.07186,39.45,178,1,1,0,5,5,28,7,1,31,0,1,0.0,39.45,39.45,1,0,0.28180584327451963,2
24.865995,67.158823,93.21,30,1,1,0,23,41,27,7,0,31,0,1,0.0,93.21,93.21,1,0,0.6658332738052717,4
24.928102,67.029176,66.46,162,1,1,0,18,33,27,7,0,31,0,0,0.0,66.46,66.46,1,0,0.47474819629973564,3
24.803064,67.002954,139.81,84,1,1,0,23,47,27,7,0,31,0,1,0.0,139.81,139.81,1,1,0.9987141938709907,4
24.826733,67.210579,59.11,106,1,1,0,6,14,28,7,1,31,0,0,0.0,59.11,59.11,1,0,0.4222444460318594,2
24.803218,67.276877,118.05,312,1,1,0,19,54,27,7,0,31,0,0,0.0,118.05,118.05,1,1,0.8432745196085434,4
24.992464,67.25429,75.72,144,1,1,0,3,15,28,7,1,31,0,1,0.0,75.72,75.72,1,0,0.5408957782698763,3
25.065845,67.195512,59.06,227,1,1,0,17,41,27,7,0,31,0,0,0.0,59.06,59.06,1,0,0.4218872776626902,2
24.778893,67.171479,116.22,170,1,1,0,12,35,27,7,0,31,0,0,0.0,116.22,116.22,1,1,0.8302021572969497,4
25.025201,66.90429,89.57,138,1,1,0,19,18,27,7,0,31,0,0,0.0,89.57,89.57,1,0,0.6398314165297521,3
24.907769,67.115685,129.46,348,1,1,0,5,22,28,7,1,31,0,1,0.0,129.46,129.46,1,1,0.924780341452961,4
24.981098,67.142577,119.93,268,1,1,0,0,22,28,7,1,31,0,1,0.0,119.93,119.93,1,1,0.8567040502893064,4
24.831914,67.141403,130.61,220,1,1,0,2,35,28,7,1,31,0,1,0.0,130.61,130.61,1,1,0.9329952139438532,4
24.847037,67.146452,10.46,42,1,1,0,2,45,28,7,1,31,0,1,0.0,10.46,10.46,1,0,0.07471962283020216,1
24.882221,67.212442,18.27,267,1,1,0,13,30,27,7,0,31,0,0,0.0,18.27,18.27,1,0,0.1305093220944353,1
24.766703,67.279523,120.9,182,1,1,0,12,13,27,7,0,31,0,0,0.0,120.9,120.9,1,1,0.8636331166511894,4
25.067977,66.912566,6.76,123,1,1,0,20,13,27,7,0,31,0,1,0.0,6.76,6.76,1,0,0.0482891635116794,1
24.906583,67.094823,130.4,230,1,1,0,15,22,27,7,0,31,0,0,0.0,130.4,130.4,1,1,0.9314951067933424,4
24.841148,67.141941,100.17,310,1,1,0,16,51,27,7,0,31,0,0,0.0,100.17,100.17,1,1,0.7155511107936281,4
24.853415,67.049069,1.57,47,1,1,0,0,50,28,7,1,31,0,1,0.0,1.57,1.57,1,0,0.011215086791913707,1
25.008987,67.041559,98.0,307,1,1,0,0,5,28,7,1,31,0,1,0.0,98.0,98.0,1,0,0.7000500035716837,4
25.080817,67.193911,63.17,147,1,1,0,10,26,28,7,1,31,0,0,0.0,63.17,63.17,1,0,0.45124651760840057,3
25.012464,66.963995,56.87,15,1,1,0,6,9,28,7,1,31,0,0,0.0,56.87,56.87,1,0,0.40624330309307805,2
25.031676,67.017692,50.57,202,1,1,0,11,16,28,7,1,31,0,0,0.0,50.57,50.57,1,0,0.3612400885777555,2
24.825858,67.109569,8.4,260,1,1,0,14,20,27,7,0,31,0,0,0.0,8.4,8.4,1,0,0.06000428602043003,1
24.844033,67.135353,95.21,20,1,1,0,8,43,28,7,1,31,0,0,0.0,95.21,95.21,1,0,0.6801200085720408,4
24.844033,66.90714,77.98,317,1,1,0,22,18,27,7,0,31,0,1,0.0,77.98,77.98,1,0,0.5570397885563254,3
25.040148,66.985011,75.43,257,1,1,0,20,13,27,7,0,31,0,1,0.0,75.43,75.43,1,0,0.5388242017286949,3
25.031429,67.116125,76.23,101,1,1,0,19,10,27,7,0,31,0,0,0.0,76.23,76.23,1,0,0.5445388956354025,3
24.773644,67.236284,42.09,159,1,1,0,0,23,28,7,1,31,0,1,0.0,42.09,42.09,1,0,0.30066433316665475,2
24.854386,67.237752,27.71,207,1,1,0,23,3,27,7,0,31,0,1,0.0,27.71,27.71,1,0,0.19794271019358525,1
24.920873,66.984774,27.24,220,1,1,0,11,57,27,7,0,31,0,0,0.0,27.24,27.24,1,0,0.1945853275233945,1
24.864588,67.193763,113.01,81,1,1,0,17,35,27,7,0,31,0,0,0.0,113.01,113.01,1,1,0.8072719479962854,4
25.021328,67.063717,122.0,262,1,1,0,22,10,27,7,0,31,0,1,0.0,122.0,122.0,1,1,0.8714908207729123,4
24.979243,67.272219,113.77,253,1,1,0,8,32,28,7,1,31,0,0,0.0,113.77,113.77,1,1,0.8127009072076576,4
25.067182,67.186762,122.17,0,1,1,0,7,19,28,7,1,31,0,0,0.0,122.17,122.17,1,1,0.8727051932280877,4
24.912662,67.197177,16.1,32,1,1,0,4,47,28,7,1,31,0,1,0.0,16.1,16.1,1,0,0.1150082148724909,1
24.949506,67.10099,5.96,254,1,1,0,19,15,27,7,0,31,0,0,0.0,5.96,5.96,1,0,0.04257446960497178,1
25.026262,66.935772,81.93,336,1,1,0,23,57,27,7,0,31,0,1,0.0,81.93,81.93,1,0,0.5852560897206943,3
25.032911,67.221601,59.19,209,1,1,0,4,42,28,7,1,31,0,1,0.0,59.19,59.19,1,0,0.42281591542253016,2
24.797065,67.06069,81.85,195,1,1,0,19,18,27,7,0,31,0,0,0.0,81.85,81.85,1,0,0.5846846203300234,3
24.831463,67.043244,107.99,213,1,1,0,3,7,28,7,1,31,0,1,0.0,107.99,107.99,1,1,0.771412243731695,4
24.934327,67.035493,1.22,124,1,1,0,18,49,27,7,0,31,0,0,0.0,1.22,1.22,1,0,0.008714908207729122,1
25.038299,67.158417,28.5,131,1,1,0,13,27,27,7,0,31,0,0,0.0,28.5,28.5,1,0,0.203585970426459,1
24.926357,67.109087,42.71,33,1,1,0,16,53,27,7,0,31,0,0,0.0,42.71,42.71,1,0,0.30509322094435315,2
24.861124,67.122936,130.62,60,1,1,0,4,38,28,7,1,31,0,1,0.0,130.62,130.62,1,1,0.933066647617687,4
24.945349,66.965043,73.25,249,1,1,0,0,51,28,7,1,31,0,1,0.0,73.25,73.25,1,0,0.5232516608329166,3
25.034728,66.970036,6.21,350,1,1,0,18,26,27,7,0,31,0,0,0.0,6.21,6.21,1,0,0.04436031145081791,1
24.933691,66.978017,21.4,136,1,1,0,2,5,28,7,1,31,0,1,0.0,21.4,21.4,1,0,0.15286806200442887,1
25.036791,67.069303,128.1,218,1,1,0,0,29,28,7,1,31,0,1,0.0,128.1,128.1,1,1,0.9150653618115578,4
24.9322,67.150735,48.75,216,1,1,0,8,45,28,7,1,31,0,0,0.0,48.75,48.75,1,0,0.3482391599399957,2
24.899319,66.950562,129.81,266,1,1,0,2,16,28,7,1,31,0,1,0.0,129.81,129.81,1,1,0.9272805200371455,4
24.860683,67.293776,117.48,260,1,1,0,9,34,28,7,1,31,0,0,0.0,117.48,117.48,1,1,0.8392028002000143,4
25.047949,67.092007,33.5,173,1,1,0,2,6,28,7,1,31,0,1,0.0,33.5,33.5,1,0,0.23930280734338166,2
25.018406,67.293753,40.51,205,1,1,0,15,19,27,7,0,31,0,0,0.0,40.51,40.51,1,0,0.2893778127009072,2
24.955607,67.209848,7.42,36,1,1,0,13,0,27,7,0,31,0,0,0.0,7.42,7.42,1,0,0.05300378598471319,1
25.096092,67.251411,28.35,278,1,1,0,15,39,27,7,0,31,0,0,0.0,28.35,28.35,1,0,0.20251446531895134,1
25.026537,67.017381,71.49,239,1,1,0,8,25,28,7,1,31,0,0,0.0,71.49,71.49,1,0,0.5106793342381598,3
24.937966,67.049137,91.64,309,1,1,0,14,16,27,7,0,31,0,0,0.0,91.64,91.64,1,0,0.654618187013358,4
24.882226,67.221139,29.51,75,1,1,0,15,6,27,7,0,31,0,0,0.0,29.51,29.51,1,0,0.2108007714836774,1
24.955792,67.087531,81.98,67,1,1,0,6,57,28,7,1,31,0,0,0.0,81.98,81.98,1,0,0.5856132580898635,3
24.984142,66.985695,9.92,67,1,1,0,14,33,27,7,0,31,0,0,0.0,9.92,9.92,1,0,0.07086220444317451,1
24.996291,67.04627,126.22,296,1,1,0,23,33,27,7,0,31,0,1,0.0,126.22,126.22,1,1,0.901635831130795,4
24.768566,67.184799,84.03,322,1,1,0,14,36,27,7,0,31,0,0,0.0,84.03,84.03,1,0,0.6002571612258019,3
24.780434,66.906961,77.09,246,1,1,0,23,56,27,7,0,31,0,1,0.0,77.09,77.09,1,0,0.5506821915851132,3
24.808831,66.909649,69.94,342,1,1,0,16,16,27,7,0,31,0,0,0.0,69.94,69.94,1,0,0.4996071147939138,3
24.995547,67.025272,38.73,332,1,1,0,20,16,27,7,0,31,0,1,0.0,38.73,38.73,1,0,0.2766626187584827,2
24.790137,66.959179,35.95,197,1,1,0,23,30,27,7,0,31,0,1,0.0,35.95,35.95,1,0,0.25680405743267376,2
25.056419,67.000803,64.22,180,1,1,0,5,43,28,7,1,31,0,1,0.0,64.22,64.22,1,0,0.45874705336095434,3
24.983212,67.119196,60.68,289,1,1,0,16,55,27,7,0,31,0,0,0.0,60.68,60.68,1,0,0.4334595328237731,3
24.777241,67.129565,129.94,147,1,1,0,8,53,28,7,1,31,0,0,0.0,129.94,129.94,1,1,0.9282091577969854,4
24.934727,67.26818,1.11,358,1,1,0,20,38,27,7,0,31,0,1,0.0,1.11,1.11,1,0,0.007929137795556826,1
24.900634,66.953219,6.94,237,1,1,0,22,39,27,7,0,31,0,1,0.0,6.94,6.94,1,0,0.04957496964068862,1
25.047192,66.99799,53.73,190,1,1,0,12,38,27,7,0,31,0,0,0.0,53.73,53.73,1,0,0.3838131295092506,2
24.90371,67.196944,51.0,70,1,1,0,6,57,28,7,1,31,0,0,0.0,51.0,51.0,1,0,0.3643117365526109,2
25.063696,67.079389,80.1,71,1,1,0,0,7,28,7,1,31,0,1,0.0,80.1,80.1,1,0,0.5721837274091006,3
24.898145,66.98398,11.14,13,1,1,0,14,47,27,7,0,31,0,0,0.0,11.14,11.14,1,0,0.07957711265090363,1
24.866649,67.05842,107.38,291,1,1,0,12,55,27,7,0,31,0,0,0.0,107.38,107.38,1,1,0.7670547896278305,4
25.09988,67.181329,78.36,37,1,1,0,12,41,27,7,0,31,0,0,0.0,78.36,78.36,1,0,0.5597542681620116,3
25.025893,67.052583,132.95,323,1,1,0,5,54,28,7,1,31,0,1,0.0,132.95,132.95,1,1,0.9497106936209728,4
24.883627,67.070703,3.25,197,1,1,0,14,23,27,7,0,31,0,0,0.0,3.25,3.25,1,0,0.023215943995999713,1
24.952439,66.975877,41.33,205,1,1,0,12,34,27,7,0,31,0,0,0.0,41.33,41.33,1,0,0.2952353739552825,2
24.806753,66.965817,78.83,231,1,1,0,9,6,28,7,1,31,0,0,0.0,78.83,78.83,1,0,0.5631116508322023,3
24.835886,67.232252,35.3,323,1,1,0,7,55,28,7,1,31,0,0,0.0,35.3,35.3,1,0,0.25216086863347376,2
24.829348,67.129466,59.56,63,1,1,0,3,25,28,7,1,31,0,1,0.0,59.56,59.56,1,0,0.42545896135438244,2
24.982746,67.088466,13.49,272,1,1,0,19,26,27,7,0,31,0,0,0.0,13.49,13.49,1,0,0.09636402600185727,1
24.791709,67.014153,45.79,14,1,1,0,19,7,27,7,0,31,0,0,0.0,45.79,45.79,1,0,0.3270947924851775,2
24.911941,67.260172,45.03,136,1,1,0,8,54,28,7,1,31,0,0,0.0,45.03,45.03,1,0,0.32166583327380527,2
25.025938,67.113464,25.16,325,1,1,0,20,42,27,7,0,31,0,1,0.0,25.16,25.16,1,0,0.1797271233659547,1
24.881673,67.277265,1.12,344,1,1,0,4,13,28,7,1,31,0,1,0.0,1.12,1.12,1,0,0.00800057146939067,1
25.099056,67.230504,60.73,249,1,1,0,14,56,27,7,0,31,0,0,0.0,60.73,60.73,1,0,0.4338167011929423,3
24.907693,66.991255,88.78,283,1,1,0,21,41,27,7,0,31,0,1,0.0,88.78,88.78,1,0,0.6341881562968783,3
24.77661,67.272558,94.32,243,1,1,0,23,55,27,7,0,31,0,1,0.0,94.32,94.32,1,0,0.6737624116008285,4
24.805454,67.280822,111.38,186,1,1,0,12,42,27,7,0,31,0,0,0.0,111.38,111.38,1,1,0.7956282591613686,4
24.902561,67.236573,31.67,159,1,1,0,5,43,28,7,1,31,0,1,0.0,31.67,31.67,1,0,0.226230445031788,2
24.879665,67.067723,18.63,290,1,1,0,9,27,28,7,1,31,0,0,0.0,18.63,18.63,1,0,0.13308093435245374,1
24.94934,67.19044,50.23,327,1,1,0,18,41,27,7,0,31,0,0,0.0,50.23,50.23,1,0,0.35881134366740475,2
24.888132,67.208111,56.34,82,1,1,0,14,5,27,7,0,31,0,0,0.0,56.34,56.34,1,0,0.4024573183798843,2
25.086243,67.256611,39.88,327,1,1,0,11,59,27,7,0,31,0,0,0.0,39.88,39.88,1,0,0.28487749124937495,2
25.052628,67.260977,56.9,84,1,1,0,21,33,27,7,0,31,0,1,0.0,56.9,56.9,1,0,0.4064576041145796,2
24.862334,67.178519,76.44,256,1,1,0,19,5,27,7,0,31,0,0,0.0,76.44,76.44,1,0,0.5460390027859132,3
24.814661,67.204979,109.08,313,1,1,0,12,53,27,7,0,31,0,0,0.0,109.08,109.08,1,1,0.7791985141795842,4
24.794589,67.173995,109.72,332,1,1,0,8,19,28,7,1,31,0,0,0.0,109.72,109.72,1,1,0.7837702693049503,4
24.805457,67.272994,99.47,84,1,1,0,11,58,27,7,0,31,0,0,0.0,99.47,99.47,1,0,0.7105507536252589,4
25.053827,67.281235,75.86,64,1,1,0,9,58,28,7,1,31,0,0,0.0,75.86,75.86,1,0,0.5418958497035502,3
25.011628,67.173208,63.06,177,1,1,0,11,31,27,7,0,31,0,0,0.0,63.06,63.06,1,0,0.4504607471962283,3
24.885803,67.215155,113.87,288,1,1,0,0,28,28,7,1,31,0,1,0.0,113.87,113.87,1,1,0.8134152439459961,4
24.991033,67.287412,127.98,276,1,1,0,19,18,27,7,0,31,0,0,0.0,127.98,127.98,1,1,0.9142081577255518,4
24.767623,67.128512,12.01,270,1,1,0,4,0,28,7,1,31,0,1,0.0,12.01,12.01,1,0,0.08579184227444817,1
24.989642,67.258017,76.12,98,1,1,0,10,56,28,7,1,31,0,0,0.0,76.12,76.12,1,0,0.5437531252232303,3
24.831467,66.96385,50.04,126,1,1,0,11,26,27,7,0,31,0,0,0.0,50.04,50.04,1,0,0.3574541038645617,2
24.992144,66.919048,119.59,142,1,1,0,6,39,28,7,1,31,0,0,0.0,119.59,119.59,1,1,0.8542753053789556,4
25.088169,66.95356,127.44,253,1,1,0,18,40,27,7,0,31,0,0,0.0,127.44,127.44,1,1,0.9103507393385241,4
24.796905,67.175281,115.35,148,1,1,0,10,50,28,7,1,31,0,0,0.0,115.35,115.35,1,1,0.8239874276734052,4
24.922897,67.150587,27.36,161,1,1,0,0,2,28,7,1,31,0,1,0.0,27.36,27.36,1,0,0.19544253160940064,1
25.043954,66.971657,84.26,273,1,1,0,2,9,28,7,1,31,0,1,0.0,84.26,84.26,1,0,0.6019001357239803,3
25.073375,67.05607,79.56,279,1,1,0,19,32,27,7,0,31,0,0,0.0,79.56,79.56,1,0,0.568326309022073,3
24.81431,67.174261,124.57,76,1,1,0,9,5,28,7,1,31,0,0,0.0,124.57,124.57,1,1,0.8898492749482105,4
24.862708,66.938503,39.64,337,1,1,0,8,55,28,7,1,31,0,0,0.0,39.64,39.64,1,0,0.28316308307736265,2
25.070623,66.975676,138.91,327,1,1,0,18,36,27,7,0,31,0,0,0.0,138.91,138.91,1,1,0.9922851632259446,4
25.049566,66.956798,130.59,244,1,1,0,13,9,27,7,0,31,0,0,0.0,130.59,130.59,1,1,0.9328523465961854,4
24.925459,67.195145,129.57,87,1,1,0,8,14,28,7,1,31,0,0,0.0,129.57,129.57,1,1,0.9255661118651332,4
24.811873,66.960736,8.99,88,1,1,0,8,34,28,7,1,31,0,0,0.0,8.99,8.99,1,0,0.0642188727766269,1
25.055409,67.227578,93.03,4,1,1,0,4,47,28,7,1,31,0,1,0.0,93.03,93.03,1,0,0.6645474676762626,4
24.848432,67.239198,88.02,127,1,1,0,7,13,28,7,1,31,0,0,0.0,88.02,88.02,1,0,0.628759197085506,3
24.808711,67.194332,31.0,336,1,1,0,18,33,27,7,0,31,0,0,0.0,31.0,31.0,1,0,0.22144438888492032,2
24.979496,66.989806,112.44,127,1,1,0,20,11,27,7,0,31,0,1,0.0,112.44,112.44,1,1,0.8032002285877562,4
25.068794,67.048374,51.9,251,1,1,0,23,23,27,7,0,31,0,1,0.0,51.9,51.9,1,0,0.3707407671976569,2
25.002356,67.224045,19.31,276,1,1,0,8,1,28,7,1,31,0,0,0.0,19.31,19.31,1,0,0.13793842417315522,1
25.002145,66.919259,49.07,224,1,1,0,20,4,27,7,0,31,0,1,0.0,49.07,49.07,1,0,0.3505250375026787,2
24.813327,67.015209,90.16,228,1,1,0,18,7,27,7,0,31,0,0,0.0,90.16,90.16,1,0,0.644046003285949,4
24.983092,66.978179,33.97,310,1,1,0,16,6,27,7,0,31,0,0,0.0,33.97,33.97,1,0,0.24266019001357236,2
25.06108,67.089039,23.04,337,1,1,0,23,40,27,7,0,31,0,1,0.0,23.04,23.04,1,0,0.1645831845131795,1
24.960965,67.153528,36.92,215,1,1,0,5,13,28,7,1,31,0,1,0.0,36.92,36.92,1,0,0.26373312379455677,2
24.864195,67.038486,7.73,251,1,1,0,12,18,27,7,0,31,0,0,0.0,7.73,7.73,1,0,0.0552182298735624,1
24.869353,67.180028,8.61,318,1,1,0,5,10,28,7,1,31,0,1,0.0,8.61,8.61,1,0,0.06150439317094077,1
25.050007,66.953553,124.8,256,1,1,0,16,46,27,7,0,31,0,0,0.0,124.8,124.8,1,1,0.8914922494463889,4
25.075262,66.921519,75.99,342,1,1,0,11,14,28,7,1,31,0,0,0.0,75.99,75.99,1,0,0.5428244874633902,3
24.883444,67.00797,58.23,354,1,1,0,13,44,27,7,0,31,0,0,0.0,58.23,58.23,1,0,0.415958282734481,2
24.918739,66.996782,107.87,346,1,1,0,4,4,28,7,1,31,0,1,0.0,107.87,107.87,1,1,0.7705550396456889,4
24.983343,67.28931,50.46,120,1,1,0,12,18,27,7,0,31,0,0,0.0,50.46,50.46,1,0,0.36045431816558327,2
25.008656,67.218487,133.12,278,1,1,0,1,2,28,7,1,31,0,1,0.0,133.12,133.12,1,1,0.9509250660761482,4
24.824051,67.207718,44.29,294,1,1,0,20,1,27,7,0,31,0,1,0.0,44.29,44.29,1,0,0.31637974141010067,2
24.8318,66.929484,38.72,348,1,1,0,16,40,27,7,0,31,0,0,0.0,38.72,38.72,1,0,0.27659118508464886,2
24.868318,67.039845,11.64,185,1,1,0,15,14,27,7,0,31,0,0,0.0,11.64,11.64,1,0,0.0831487963425959,1
25.064883,67.259095,46.57,86,1,1,0,13,59,27,7,0,31,0,0,0.0,46.57,46.57,1,0,0.3326666190442174,2
24.762378,67.107819,36.8,355,1,1,0,2,27,28,7,1,31,0,1,0.0,36.8,36.8,1,0,0.26287591970855057,2
24.989698,67.171354,129.59,2,1,1,0,23,36,27,7,0,31,0,1,0.0,129.59,129.59,1,1,0.9257089792128009,4
24.873592,67.082371,107.76,85,1,1,0,12,49,27,7,0,31,0,0,0.0,107.76,107.76,1,1,0.7697692692335166,4
25.018787,66.970813,127.83,232,1,1,0,7,32,28,7,1,31,0,0,0.0,127.83,127.83,1,1,0.9131366526180441,4
24.865218,67.19509,23.86,155,1,1,0,13,46,27,7,0,31,0,0,0.0,23.86,23.86,1,0,0.1704407457675548,1
25.039953,66.920647,58.69,98,1,1,0,0,13,28,7,1,31,0,1,0.0,58.69,58.69,1,0,0.41924423173083786,2
24.909519,67.203618,68.23,103,1,1,0,7,53,28,7,1,31,0,0,0.0,68.23,68.23,1,0,0.4873919565683263,3
24.861476,67.167112,119.7,260,1,1,0,12,25,27,7,0,31,0,0,0.0,119.7,119.7,1,1,0.8550610757911279,4
24.891938,67.094329,4.03,245,1,1,0,7,46,28,7,1,31,0,0,0.0,4.03,4.03,1,0,0.028787770555039647,1
24.916088,66.944584,115.11,304,1,1,0,6,0,28,7,1,31,0,0,0.0,115.11,115.11,1,1,0.8222730195013929,4
25.068874,67.031474,27.3,185,1,1,0,2,56,28,7,1,31,0,1,0.0,27.3,27.3,1,0,0.1950139295663976,1
24.837731,67.055754,116.27,356,1,1,0,5,10,28,7,1,31,0,1,0.0,116.27,116.27,1,1,0.8305593256661189,4
24.972683,67.245762,22.63,39,1,1,0,14,13,27,7,0,31,0,0,0.0,22.63,22.63,1,0,0.16165440388599184,1
24.990403,66.98134,48.75,28,1,1,0,21,38,27,7,0,31,0,1,0.0,48.75,48.75,1,0,0.3482391599399957,2
25.079124,66.941008,5.05,203,1,1,0,17,41,27,7,0,31,0,0,0.0,5.05,5.05,1,0,0.03607400528609186,1
25.037354,67.03961,96.72,227,1,1,0,12,32,27,7,0,31,0,0,0.0,96.72,96.72,1,0,0.6909064933209514,4
24.981327,67.106991,31.12,185,1,1,0,17,51,27,7,0,31,0,0,0.0,31.12,31.12,1,0,0.2223015929709265,2
24.995861,66.90603,32.4,49,1,1,0,4,24,28,7,1,31,0,1,0.0,32.4,32.4,1,0,0.23144510322165868,2
24.814555,67.210164,25.27,114,1,1,0,14,55,27,7,0,31,0,0,0.0,25.27,25.27,1,0,0.180512893778127,1
24.772699,67.124445,110.27,262,1,1,0,10,37,28,7,1,31,0,0,0.0,110.27,110.27,1,1,0.7876991213658118,4
25.083364,67.287139,24.89,240,1,1,0,18,59,27,7,0,31,0,0,0.0,24.89,24.89,1,0,0.17779841417244088,1
24.915597,67.162867,78.42,231,1,1,0,7,12,28,7,1,31,0,0,0.0,78.42,78.42,1,0,0.5601828702050147,3
24.774132,67.139527,36.88,269,1,1,0,17,17,27,7,0,31,0,0,0.0,36.88,36.88,1,0,0.2634473890992214,2
24.884881,67.080673,56.57,324,1,1,0,9,24,28,7,1,31,0,0,0.0,56.57,56.57,1,0,0.4041002928780627,2
24.909611,67.179417,99.15,257,1,1,0,16,12,27,7,0,31,0,0,0.0,99.15,99.15,1,0,0.7082648760625759,4
24.782517,66.98126,108.48,229,1,1,0,22,54,27,7,0,31,0,1,0.0,108.48,108.48,1,1,0.7749124937495535,4
24.791689,67.219328,139.9,11,1,1,0,14,14,27,7,0,31,0,0,0.0,139.9,139.9,1,1,0.9993570969354953,4
24.870093,66.982238,108.26,205,1,1,0,15,38,27,7,0,31,0,0,0.0,108.26,108.26,1,1,0.7733409529252089,4
25.016947,67.032849,127.59,143,1,1,0,13,7,27,7,0,31,0,0,0.0,127.59,127.59,1,1,0.9114222444460318,4
24.91475,67.061948,16.18,236,1,1,0,15,43,27,7,0,31,0,0,0.0,16.18,16.18,1,0,0.11557968426316165,1
25.092678,66.97015,106.52,213,1,1,0,0,43,28,7,1,31,0,1,0.0,106.52,106.52,1,1,0.7609114936781198,4
24.868352,66.956277,31.34,69,1,1,0,2,40,28,7,1,31,0,1,0.0,31.34,31.34,1,0,0.22387313379527107,2
24.861052,67.049722,12.35,274,1,1,0,6,18,28,7,1,31,0,0,0.0,12.35,12.35,1,0,0.0882205871847989,1
25.069516,67.102075,96.98,303,1,1,0,9,58,28,7,1,31,0,0,0.0,96.98,96.98,1,0,0.6927637688406315,4
24.861766,66.959201,81.68,299,1,1,0,20,18,27,7,0,31,0,1,0.0,81.68,81.68,1,0,0.5834702478748482,3
24.806909,67.020624,52.21,12,1,1,0,20,37,27,7,0,31,0,1,0.0,52.21,52.21,1,0,0.37295521108650614,2
25.066693,67.133632,28.96,356,1,1,0,10,38,28,7,1,31,0,0,0.0,28.96,28.96,1,0,0.2068719194228159,1
24.760171,66.99728,64.79,3,1,1,0,16,56,27,7,0,31,0,0,0.0,64.79,64.79,1,0,0.4628187727694835,3
25.056735,67.241102,98.8,227,1,1,0,8,20,28,7,1,31,0,0,0.0,98.8,98.8,1,0,0.7057646974783912,4
24.843532,67.017296,107.36,213,1,1,0,10,42,28,7,1,31,0,0,0.0,107.36,107.36,1,1,0.7669119222801628,4
24.774121,67.153767,74.59,182,1,1,0,0,17,28,7,1,31,0,1,0.0,74.59,74.59,1,0,0.5328237731266519,3
24.854183,67.06702,90.47,47,1,1,0,0,30,28,7,1,31,0,1,0.0,90.47,90.47,1,0,0.6462604471747981,4
24.963266,66.990918,88.29,10,1,1,0,9,30,28,7,1,31,0,0,0.0,88.29,88.29,1,0,0.6306879062790199,3
25.008288,67.005185,25.76,197,1,1,0,21,43,27,7,0,31,0,1,0.0,25.76,25.76,1,0,0.18401314379598543,1
25.055998,67.290723,25.9,353,1,1,0,23,9,27,7,0,31,0,1,0.0,25.9,25.9,1,0,0.18501321522965924,1
25.034398,67.063004,44.46,50,1,1,0,10,48,28,7,1,31,0,0,0.0,44.46,44.46,1,0,0.3175941138652761,2
25.084182,67.154732,128.93,290,1,1,0,9,22,28,7,1,31,0,0,0.0,128.93,128.93,1,1,0.9209943567397672,4
24.793088,67.27343,7.62,40,1,1,0,11,56,27,7,0,31,0,0,0.0,7.62,7.62,1,0,0.054432459461390095,1
24.834023,66.962307,119.43,106,1,1,0,8,0,28,7,1,31,0,0,0.0,119.43,119.43,1,1,0.8531323665976142,4
24.872021,67.271347,111.72,85,1,1,0,4,44,28,7,1,31,0,1,0.0,111.72,111.72,1,1,0.7980570040717193,4
24.929514,67.063903,11.46,177,1,1,0,3,44,28,7,1,31,0,1,0.0,11.46,11.46,1,0,0.08186299021358669,1
24.894659,67.054994,57.79,262,1,1,0,12,48,27,7,0,31,0,0,0.0,57.79,57.79,1,0,0.4128152010857918,2
24.933867,67.168687,12.41,82,1,1,0,16,44,27,7,0,31,0,0,0.0,12.41,12.41,1,0,0.08864918922780197,1
25.05968,67.205734,73.88,306,1,1,0,9,8,28,7,1,31,0,0,0.0,73.88,73.88,1,0,0.5277519822844489,3
24.881202,66.967572,105.83,338,1,1,0,11,22,27,7,0,31,0,0,0.0,105.83,105.83,1,1,0.7559825701835845,4
25.044908,67.11371,60.19,278,1,1,0,15,48,27,7,0,31,0,0,0.0,60.19,60.19,1,0,0.42995928280591467,3
24.88519,67.154216,91.2,268,1,1,0,3,17,28,7,1,31,0,1,0.0,91.2,91.2,1,0,0.6514751053646689,4
24.874687,67.194337,115.72,266,1,1,0,3,59,28,7,1,31,0,1,0.0,115.72,115.72,1,1,0.8266304736052574,4
24.884115,67.05102,41.33,356,1,1,0,1,36,28,7,1,31,0,1,0.0,41.33,41.33,1,0,0.2952353739552825,2
24.770401,67.061156,110.68,271,1,1,0,12,25,27,7,0,31,0,0,0.0,110.68,110.68,1,1,0.7906279019929995,4
24.885416,66.938672,88.96,245,1,1,0,20,17,27,7,0,31,0,1,0.0,88.96,88.96,1,0,0.6354739624258875,3
24.976702,67.006591,129.43,201,1,1,0,19,37,27,7,0,31,0,0,0.0,129.43,129.43,1,1,0.9245660404314594,4
24.755411,67.169026,23.45,85,1,1,0,5,11,28,7,1,31,0,1,0.0,23.45,23.45,1,0,0.16751196514036715,1
25.045673,67.225629,29.69,61,1,1,0,10,38,28,7,1,31,0,0,0.0,29.69,29.69,1,0,0.21208657761268662,1
24.941146,67.020541,101.19,1,1,1,0,20,6,27,7,0,31,0,1,0.0,101.19,101.19,1,1,0.7228373455246803,4
25.080742,67.294565,131.06,194,1,1,0,22,4,27,7,0,31,0,1,0.0,131.06,131.06,1,1,0.9362097292663761,4
25.010284,66.981235,135.22,226,1,1,0,3,8,28,7,1,31,0,1,0.0,135.22,135.22,1,1,0.9659261375812558,4
24.873866,67.231773,106.92,70,1,1,0,23,34,27,7,0,31,0,1,0.0,106.92,106.92,1,1,0.7637688406314737,4
25.003365,67.186331,66.8,340,1,1,0,18,33,27,7,0,31,0,0,0.0,66.8,66.8,1,0,0.47717694121008636,3
25.025863,67.122641,24.06,194,1,1,0,13,28,27,7,0,31,0,0,0.0,24.06,24.06,1,0,0.1718694192442317,1
24.773476,67.05097,89.62,0,1,1,0,0,53,28,7,1,31,0,1,0.0,89.62,89.62,1,0,0.6401885848989214,3
24.945486,67.061292,70.59,340,1,1,0,13,53,27,7,0,31,0,0,0.0,70.59,70.59,1,0,0.5042503035931137,3
24.895054,67.151906,118.96,99,1,1,0,21,22,27,7,0,31,0,1,0.0,118.96,118.96,1,1,0.8497749839274232,4
24.924293,66.933251,51.47,77,1,1,0,13,16,27,7,0,31,0,0,0.0,51.47,51.47,1,0,0.3676691192228016,2
24.884496,66.940356,0.27,145,1,1,0,0,23,28,7,1,31,0,1,0.0,0.27,0.27,1,0,0.0019287091935138224,1
25.002952,67.165632,57.2,92,1,1,0,9,47,28,7,1,31,0,0,0.0,57.2,57.2,1,0,0.408600614329595,2
24.987017,67.184915,27.37,305,1,1,0,19,9,27,7,0,31,0,0,0.0,27.37,27.37,1,0,0.1955139652832345,1
25.089704,67.124771,86.58,65,1,1,0,22,10,27,7,0,31,0,1,0.0,86.58,86.58,1,0,0.6184727480534323,3
24.950823,66.979894,52.87,129,1,1,0,17,28,27,7,0,31,0,0,0.0,52.87,52.87,1,0,0.3776698335595399,2
25.007095,67.065235,100.16,359,1,1,0,8,14,28,7,1,31,0,0,0.0,100.16,100.16,1,1,0.7154796771197942,4
25.059554,67.280278,57.97,137,1,1,0,16,24,27,7,0,31,0,0,0.0,57.97,57.97,1,0,0.41410100721480103,2
24.833308,66.937841,11.24,261,1,1,0,21,43,27,7,0,31,0,1,0.0,11.24,11.24,1,0,0.08029144938924208,1
25.041985,67.089016,36.77,334,1,1,0,0,52,28,7,1,31,0,1,0.0,36.77,36.77,1,0,0.26266161868704907,2
25.072722,67.04465,2.8,97,1,1,0,7,22,28,7,1,31,0,0,0.0,2.8,2.8,1,0,0.020001428673476675,1
25.064469,67.113937,81.96,205,1,1,0,22,44,27,7,0,31,0,1,0.0,81.96,81.96,1,0,0.5854703907421958,3
24.981336,67.04158,112.19,55,1,1,0,6,22,28,7,1,31,0,0,0.0,112.19,112.19,1,1,0.8014143867419101,4
24.943766,67.186671,38.91,302,1,1,0,15,12,27,7,0,31,0,0,0.0,38.91,38.91,1,0,0.27794842488749194,2
24.954714,66.946457,24.96,351,1,1,0,7,36,28,7,1,31,0,0,0.0,24.96,24.96,1,0,0.1782984498892778,1
24.962298,67.012607,40.58,224,1,1,0,21,27,27,7,0,31,0,1,0.0,40.58,40.58,1,0,0.2898778484177441,2
25.000642,66.994979,92.0,67,1,1,0,11,0,28,7,1,31,0,0,0.0,92.0,92.0,1,0,0.6571897992713764,4
24.881027,67.1965,65.26,67,1,1,0,5,46,28,7,1,31,0,1,0.0,65.26,65.26,1,0,0.4661761554396743,3
24.942331,67.045934,84.38,51,1,1,0,21,28,27,7,0,31,0,1,0.0,84.38,84.38,1,0,0.6027573398099864,3
24.913319,66.968158,77.99,30,1,1,0,12,59,27,7,0,31,0,0,0.0,77.99,77.99,1,0,0.5571112222301592,3
24.92382,67.268632,35.25,72,1,1,0,6,13,28,7,1,31,0,0,0.0,35.25,35.25,1,0,0.2518037002643046,2
25.002763,66.929501,85.23,181,1,1,0,19,0,27,7,0,31,0,0,0.0,85.23,85.23,1,0,0.6088292020858632,3
24.9649,67.18579,73.26,265,1,1,0,13,20,27,7,0,31,0,0,0.0,73.26,73.26,1,0,0.5233230945067505,3
25.046824,67.273773,21.38,115,1,1,0,9,26,28,7,1,31,0,0,0.0,21.38,21.38,1,0,0.15272519465676118,1
24.825263,67.284665,95.6,141,1,1,0,20,43,27,7,0,31,0,1,0.0,95.6,95.6,1,0,0.6829059218515607,4
24.753508,67.244352,83.87,206,1,1,0,2,53,28,7,1,31,0,1,0.0,83.87,83.87,1,0,0.5991142224444603,3
24.814747,67.124931,138.94,159,1,1,0,3,42,28,7,1,31,0,1,0.0,138.94,138.94,1,1,0.9924994642474462,4
25.004062,67.174203,98.59,263,1,1,0,18,22,27,7,0,31,0,0,0.0,98.59,98.59,1,0,0.7042645903278806,4
25.056761,67.046343,28.11,256,1,1,0,1,25,28,7,1,31,0,1,0.0,28.11,28.11,1,0,0.20080005714693905,1
24.772488,67.217813,90.19,348,1,1,0,14,58,27,7,0,31,0,0,0.0,90.19,90.19,1,0,0.6442603043074505,4
25.083436,67.299063,58.52,323,1,1,0,18,15,27,7,0,31,0,0,0.0,58.52,58.52,1,0,0.41802985927566255,2
24.790396,66.996419,63.81,209,1,1,0,22,10,27,7,0,31,0,1,0.0,63.81,63.81,1,0,0.4558182727337667,3
24.946902,67.127807,11.51,51,1,1,0,13,14,27,7,0,31,0,0,0.0,11.51,11.51,1,0,0.0822201585827559,1
24.781607,67.222806,39.38,122,1,1,0,2,5,28,7,1,31,0,1,0.0,39.38,39.38,1,0,0.2813058075576827,2
25.05903,67.296877,80.57,142,1,1,0,23,32,27,7,0,31,0,1,0.0,80.57,80.57,1,0,0.5755411100792913,3
24.992128,67.21813,91.39,337,1,1,0,8,5,28,7,1,31,0,0,0.0,91.39,91.39,1,0,0.6528323451675119,4
24.923822,67.13207,107.65,273,1,1,0,15,14,27,7,0,31,0,0,0.0,107.65,107.65,1,1,0.7689834988213444,4
25.031783,67.236635,16.43,92,1,1,0,18,29,27,7,0,31,0,0,0.0,16.43,16.43,1,0,0.11736552610900777,1
24.916451,66.932148,85.32,249,1,1,0,20,12,27,7,0,31,0,1,0.0,85.32,85.32,1,0,0.6094721051503678,3
25.096088,67.200031,75.21,344,1,1,0,11,19,28,7,1,31,0,0,0.0,75.21,75.21,1,0,0.5372526609043502,3
24.772666,66.904646,63.43,287,1,1,0,23,2,27,7,0,31,0,1,0.0,63.43,63.43,1,0,0.4531037931280805,3
24.855552,66.955794,43.51,272,1,1,0,16,45,27,7,0,31,0,0,0.0,43.51,43.51,1,0,0.31080791485106074,2
24.88592,66.949222,81.3,120,1,1,0,4,15,28,7,1,31,0,1,0.0,81.3,81.3,1,0,0.580755768269162,3
24.926511,66.973474,133.76,56,1,1,0,20,56,27,7,0,31,0,1,0.0,133.76,133.76,1,1,0.9554968212015142,4
24.953897,67.089895,130.85,192,1,1,0,22,4,27,7,0,31,0,1,0.0,130.85,130.85,1,1,0.9347096221158653,4
24.994024,67.04399,139.44,144,1,1,0,2,1,28,7,1,31,0,1,0.0,139.44,139.44,1,1,0.9960711479391384,4
24.992274,66.923861,28.31,69,1,1,0,7,18,28,7,1,31,0,0,0.0,28.31,28.31,1,0,0.20222873062361596,1
25.069002,66.909306,41.14,43,1,1,0,18,14,27,7,0,31,0,0,0.0,41.14,41.14,1,0,0.29387813415243946,2
24.750547,66.916223,29.01,258,1,1,0,12,56,27,7,0,31,0,0,0.0,29.01,29.01,1,0,0.20722908779198515,1
25.023489,67.178099,57.61,146,1,1,0,7,18,28,7,1,31,0,0,0.0,57.61,57.61,1,0,0.4115293949567826,2
25.010603,67.089629,97.35,30,1,1,0,21,16,27,7,0,31,0,1,0.0,97.35,97.35,1,0,0.6954068147724837,4
24.898363,66.96433,90.54,141,1,1,0,0,12,28,7,1,31,0,1,0.0,90.54,90.54,1,0,0.6467604828916351,4
25.030982,67.24148,94.3,240,1,1,0,3,51,28,7,1,31,0,1,0.0,94.3,94.3,1,0,0.6736195442531608,4
24.770764,67.285502,50.59,291,1,1,0,14,19,27,7,0,31,0,0,0.0,50.59,50.59,1,0,0.36138295592542324,2
24.820921,67.236375,137.08,239,1,1,0,10,34,28,7,1,31,0,0,0.0,137.08,137.08,1,1,0.979212800914351,4
25.019035,67.040207,131.38,356,1,1,0,14,22,27,7,0,31,0,0,0.0,131.38,131.38,1,1,0.9384956068290591,4
24.851312,67.096234,27.9,154,1,1,0,14,2,27,7,0,31,0,0,0.0,27.9,27.9,1,0,0.1992999499964283,1
24.803651,67.131976,25.25,186,1,1,0,5,49,28,7,1,31,0,1,0.0,25.25,25.25,1,0,0.1803700264304593,1
25.063668,67.19542,68.35,263,1,1,0,9,26,28,7,1,31,0,0,0.0,68.35,68.35,1,0,0.4882491606543324,3
25.09598,66.942676,72.2,185,1,1,0,21,31,27,7,0,31,0,1,0.0,72.2,72.2,1,0,0.5157511250803629,3
25.08639,67.148292,5.85,334,1,1,0,5,15,28,7,1,31,0,1,0.0,5.85,5.85,1,0,0.04178869919279948,1
24.877608,67.216743,74.76,172,1,1,0,14,25,27,7,0,31,0,0,0.0,74.76,74.76,1,0,0.5340381455818273,3
24.900561,67.008262,136.98,115,1,1,0,6,14,28,7,1,31,0,0,0.0,136.98,136.98,1,1,0.9784984641760124,4
24.841363,67.001558,131.87,255,1,1,0,13,5,27,7,0,31,0,0,0.0,131.87,131.87,1,1,0.9419958568469176,4
24.94511,67.04108,54.07,343,1,1,0,11,11,28,7,1,31,0,0,0.0,54.07,54.07,1,0,0.3862418744196014,2
24.928099,67.028365,25.93,356,1,1,0,20,28,27,7,0,31,0,1,0.0,25.93,25.93,1,0,0.1852275162511608,1
24.837018,67.150242,71.28,176,1,1,0,21,37,27,7,0,31,0,1,0.0,71.28,71.28,1,0,0.5091792270876491,3
25.073193,67.13923,28.61,227,1,1,0,23,23,27,7,0,31,0,1,0.0,28.61,28.61,1,0,0.20437174083863133,1
24.920384,66.994497,37.76,209,1,1,0,21,36,27,7,0,31,0,1,0.0,37.76,37.76,1,0,0.26973355239659974,2
24.869322,67.068709,18.56,250,1,1,0,7,4,28,7,1,31,0,0,0.0,18.56,18.56,1,0,0.1325808986356168,1
25.014596,67.209201,45.41,147,1,1,0,1,49,28,7,1,31,0,1,0.0,45.41,45.41,1,0,0.3243803128794914,2
24.897082,67.109405,121.85,265,1,1,0,16,55,27,7,0,31,0,0,0.0,121.85,121.85,1,1,0.8704193156654045,4
24.783474,67.031886,15.36,273,1,1,0,4,16,28,7,1,31,0,1,0.0,15.36,15.36,1,0,0.10972212300878634,1
24.779754,67.047987,48.14,90,1,1,0,6,26,28,7,1,31,0,0,0.0,48.14,48.14,1,0,0.34388170583613115,2
25.008062,67.043614,129.98,351,1,1,0,19,0,27,7,0,31,0,0,0.0,129.98,129.98,1,1,0.9284948924923208,4
24.993855,67.21662,13.42,237,1,1,0,12,45,27,7,0,31,0,0,0.0,13.42,13.42,1,0,0.09586399028502035,1
24.778412,67.294897,38.1,200,1,1,0,11,32,27,7,0,31,0,0,0.0,38.1,38.1,1,0,0.27216229730695046,2
25.097772,67.185191,11.87,169,1,1,0,19,20,27,7,0,31,0,0,0.0,11.87,11.87,1,0,0.08479177084077433,1
24.851746,66.940171,79.77,138,1,1,0,22,32,27,7,0,31,0,1,0.0,79.77,79.77,1,0,0.5698264161725837,3
24.755165,66.937305,91.3,121,1,1,0,5,17,28,7,1,31,0,1,0.0,91.3,91.3,1,0,0.6521894421030073,4
24.842758,67.149304,10.48,203,1,1,0,11,41,27,7,0,31,0,0,0.0,10.48,10.48,1,0,0.07486249017786985,1
24.837501,67.292481,85.45,243,1,1,0,15,1,27,7,0,31,0,0,0.0,85.45,85.45,1,0,0.6104007429102078,3
24.89896,67.00828,135.79,328,1,1,0,15,29,27,7,0,31,0,0,0.0,135.79,135.79,1,1,0.9699978569897849,4
24.959873,67.21696,37.47,4,1,1,0,7,28,28,7,1,31,0,0,0.0,37.47,37.47,1,0,0.26766197585541823,2
24.896591,67.191158,54.91,0,1,1,0,11,35,27,7,0,31,0,0,0.0,54.91,54.91,1,0,0.39224230302164437,2
24.876478,67.157376,84.35,348,1,1,0,16,19,27,7,0,31,0,0,0.0,84.35,84.35,1,0,0.6025430387884848,3
24.904822,67.068849,12.51,324,1,1,0,15,26,27,7,0,31,0,0,0.0,12.51,12.51,1,0,0.08936352596614043,1
24.840041,67.052402,104.34,66,1,1,0,7,40,28,7,1,31,0,0,0.0,104.34,104.34,1,1,0.7453389527823415,4
25.095635,67.116086,38.82,89,1,1,0,7,20,28,7,1,31,0,0,0.0,38.82,38.82,1,0,0.27730552182298734,2
25.016463,66.95921,79.55,147,1,1,0,10,24,28,7,1,31,0,0,0.0,79.55,79.55,1,0,0.5682548753482392,3
25.05453,67.202698,89.28,325,1,1,0,21,56,27,7,0,31,0,1,0.0,89.28,89.28,1,0,0.6377598399885706,3
24.793388,67.127493,91.04,20,1,1,0,22,7,27,7,0,31,0,1,0.0,91.04,91.04,1,0,0.6503321665833274,4
25.006459,67.275064,111.42,290,1,1,0,7,16,28,7,1,31,0,0,0.0,111.42,111.42,1,1,0.795913993856704,4
24.842251,67.104691,115.75,210,1,1,0,3,52,28,7,1,31,0,1,0.0,115.75,115.75,1,1,0.826844774626759,4
24.815031,67.050314,114.21,27,1,1,0,16,34,27,7,0,31,0,0,0.0,114.21,114.21,1,1,0.8158439888563468,4
24.806649,67.060381,114.33,319,1,1,0,14,47,27,7,0,31,0,0,0.0,114.33,114.33,1,1,0.816701192942353,4
24.971896,66.906271,84.66,86,1,1,0,9,49,28,7,1,31,0,0,0.0,84.66,84.66,1,0,0.604757482677334,3
25.021867,66.90895,0.35,246,1,1,0,22,50,27,7,0,31,0,1,0.0,0.35,0.35,1,0,0.0025001785841845844,1
24.753405,66.926367,26.25,85,1,1,0,4,5,28,7,1,31,0,1,0.0,26.25,26.25,1,0,0.18751339381384383,1
24.905214,66.999564,34.42,44,1,1,0,4,48,28,7,1,31,0,1,0.0,34.42,34.42,1,0,0.24587470533609543,2
24.875078,67.040508,13.63,338,1,1,0,2,27,28,7,1,31,0,1,0.0,13.63,13.63,1,0,0.09736409743553111,1
25.008349,67.196085,10.44,0,1,1,0,5,8,28,7,1,31,0,1,0.0,10.44,10.44,1,0,0.07457675548253445,1
24.915217,66.91035,135.24,312,1,1,0,14,55,27,7,0,31,0,0,0.0,135.24,135.24,1,1,0.9660690049289234,4
24.969374,67.018669,53.45,167,1,1,0,14,52,27,7,0,31,0,0,0.0,53.45,53.45,1,0,0.381812986641903,2
24.875756,67.231529,123.57,273,1,1,0,5,7,28,7,1,31,0,1,0.0,123.57,123.57,1,1,0.8827059075648259,4
24.924195,67.161146,108.81,0,1,1,0,9,58,28,7,1,31,0,0,0.0,108.81,108.81,1,1,0.7772698049860703,4
24.875311,66.994745,84.71,336,1,1,0,0,29,28,7,1,31,0,1,0.0,84.71,84.71,1,0,0.6051146510465032,3
24.798905,66.949167,61.2,27,1,1,0,9,51,28,7,1,31,0,0,0.0,61.2,61.2,1,0,0.43717408386313306,3
24.79393,67.2286,128.22,167,1,1,0,7,51,28,7,1,31,0,0,0.0,128.22,128.22,1,1,0.915922565897564,4
24.847481,67.092099,133.28,357,1,1,0,9,17,28,7,1,31,0,0,0.0,133.28,133.28,1,1,0.9520680048574898,4
25.044238,66.97218,75.69,322,1,1,0,22,38,27,7,0,31,0,1,0.0,75.69,75.69,1,0,0.5406814772483748,3
25.034478,67.123473,138.26,310,1,1,0,6,26,28,7,1,31,0,0,0.0,138.26,138.26,1,1,0.9876419744267446,4
24.995484,67.176662,9.49,1,1,1,0,4,46,28,7,1,31,0,1,0.0,9.49,9.49,1,0,0.06779055646831916,1
25.007213,67.068252,76.72,243,1,1,0,14,25,27,7,0,31,0,0,0.0,76.72,76.72,1,0,0.548039145653261,3
24.777723,67.150129,115.98,264,1,1,0,13,1,27,7,0,31,0,0,0.0,115.98,115.98,1,1,0.8284877491249375,4
24.973071,67.085567,2.6,205,1,1,0,13,46,27,7,0,31,0,0,0.0,2.6,2.6,1,0,0.01857275519679977,1
24.84361,67.117445,34.13,10,1,1,0,9,43,28,7,1,31,0,0,0.0,34.13,34.13,1,0,0.24380312879491392,2
24.854248,67.209304,109.73,203,1,1,0,4,39,28,7,1,31,0,1,0.0,109.73,109.73,1,1,0.7838417029787842,4
25.032445,67.248064,1.35,316,1,1,0,8,47,28,7,1,31,0,0,0.0,1.35,1.35,1,0,0.009643545967569112,1
25.090956,66.971853,129.64,26,1,1,0,7,4,28,7,1,31,0,0,0.0,129.64,129.64,1,1,0.92606614758197,4
25.09006,66.914816,37.52,37,1,1,0,15,1,27,7,0,31,0,0,0.0,37.52,37.52,1,0,0.2680191442245875,2
25.045299,67.129143,91.94,85,1,1,0,7,30,28,7,1,31,0,0,0.0,91.94,91.94,1,0,0.6567611972283735,4
25.055404,67.0699,70.43,193,1,1,0,13,7,27,7,0,31,0,0,0.0,70.43,70.43,1,0,0.5031073648117723,3
24.777012,67.138742,25.0,71,1,1,0,6,2,28,7,1,31,0,0,0.0,25.0,25.0,1,0,0.17858418458461317,1
24.947951,67.017337,17.82,201,1,1,0,6,46,28,7,1,31,0,0,0.0,17.82,17.82,1,0,0.12729480677191227,1
24.783615,67.110629,109.54,355,1,1,0,23,56,27,7,0,31,0,1,0.0,109.54,109.54,1,1,0.7824844631759411,4
24.833865,67.248752,13.9,16,1,1,0,9,29,28,7,1,31,0,0,0.0,13.9,13.9,1,0,0.09929280662904492,1
24.805194,66.936561,52.0,316,1,1,0,23,1,27,7,0,31,0,1,0.0,52.0,52.0,1,0,0.3714551039359954,2
24.862142,67.111733,7.0,243,1,1,0,4,10,28,7,1,31,0,1,0.0,7.0,7.0,1,0,0.05000357168369169,1
24.985875,67.243851,43.93,292,1,1,0,12,1,27,7,0,31,0,0,0.0,43.93,43.93,1,0,0.3138081291520823,2
24.804754,67.278506,1.18,18,1,1,0,14,53,27,7,0,31,0,0,0.0,1.18,1.18,1,0,0.008429173512393742,1
24.890329,67.067486,60.49,100,1,1,0,23,23,27,7,0,31,0,1,0.0,60.49,60.49,1,0,0.43210229302093006,3
24.953898,66.920049,120.45,334,1,1,0,8,5,28,7,1,31,0,0,0.0,120.45,120.45,1,1,0.8604186013286663,4
24.803902,67.220583,10.42,44,1,1,0,8,36,28,7,1,31,0,0,0.0,10.42,10.42,1,0,0.07443388813486677,1
25.07088,67.054336,36.64,22,1,1,0,23,15,27,7,0,31,0,1,0.0,36.64,36.64,1,0,0.2617329809272091,2
24.834997,67.274738,36.48,221,1,1,0,12,35,27,7,0,31,0,0,0.0,36.48,36.48,1,0,0.2605900421458675,2
24.950982,67.197825,96.48,123,1,1,0,9,27,28,7,1,31,0,0,0.0,96.48,96.48,1,0,0.6891920851489391,4
25.029107,67.108761,31.78,211,1,1,0,13,45,27,7,0,31,0,0,0.0,31.78,31.78,1,0,0.22701621544396028,2
24.891584,66.992558,74.73,326,1,1,0,10,39,28,7,1,31,0,0,0.0,74.73,74.73,1,0,0.5338238445603257,3
24.904209,67.207775,94.96,195,1,1,0,17,2,27,7,0,31,0,0,0.0,94.96,94.96,1,0,0.6783341667261946,4
25.037987,67.04214,110.58,197,1,1,0,23,39,27,7,0,31,0,1,0.0,110.58,110.58,1,1,0.7899135652546609,4
24.980167,67.05158,42.23,295,1,1,0,0,55,28,7,1,31,0,1,0.0,42.23,42.23,1,0,0.30166440460032856,2
24.989356,67.096679,50.25,311,1,1,0,13,15,27,7,0,31,0,0,0.0,50.25,50.25,1,0,0.35895421101507247,2
25.070817,66.920719,12.71,82,1,1,0,23,2,27,7,0,31,0,1,0.0,12.71,12.71,1,0,0.09079219944281734,1
24.922553,66.937989,56.85,22,1,1,0,19,58,27,7,0,31,0,0,0.0,56.85,56.85,1,0,0.4061004357454104,2
24.789907,67.007282,86.35,282,1,1,0,20,38,27,7,0,31,0,1,0.0,86.35,86.35,1,0,0.6168297735552538,3
24.939491,67.221548,54.3,74,1,1,0,6,43,28,7,1,31,0,0,0.0,54.3,54.3,1,0,0.3878848489177798,2
25.017043,67.106373,133.76,60,1,1,0,7,34,28,7,1,31,0,0,0.0,133.76,133.76,1,1,0.9554968212015142,4
24.949919,67.218398,15.31,14,1,1,0,1,30,28,7,1,31,0,1,0.0,15.31,15.31,1,0,0.10936495463961711,1
25.021827,67.003456,47.53,121,1,1,0,2,41,28,7,1,31,0,1,0.0,47.53,47.53,1,0,0.3395242517322666,2
24.829112,67.294255,40.73,27,1,1,0,16,13,27,7,0,31,0,0,0.0,40.73,40.73,1,0,0.29094935352525175,2
24.985559,67.207222,54.36,171,1,1,0,15,39,27,7,0,31,0,0,0.0,54.36,54.36,1,0,0.3883134509607829,2
25.01318,67.091367,2.56,341,1,1,0,12,6,27,7,0,31,0,0,0.0,2.56,2.56,1,0,0.01828702050146439,1
25.097867,66.906862,32.93,285,1,1,0,18,5,27,7,0,31,0,0,0.0,32.93,32.93,1,0,0.23523108793485248,2
25.006034,66.99916,78.84,277,1,1,0,20,53,27,7,0,31,0,1,0.0,78.84,78.84,1,0,0.5631830845060362,3
25.084808,67.247303,85.91,327,1,1,0,23,4,27,7,0,31,0,1,0.0,85.91,85.91,1,0,0.6136866919065647,3
25.010309,66.979492,85.7,343,1,1,0,5,51,28,7,1,31,0,1,0.0,85.7,85.7,1,0,0.612186584756054,3
24.939775,67.265548,86.76,299,1,1,0,3,9,28,7,1,31,0,1,0.0,86.76,86.76,1,0,0.6197585541824416,3
24.973362,67.016881,87.43,356,1,1,0,22,41,27,7,0,31,0,1,0.0,87.43,87.43,1,0,0.6245446103293092,3
25.007591,66.960039,110.52,114,1,1,0,14,22,27,7,0,31,0,0,0.0,110.52,110.52,1,1,0.7894849632116578,4
24.840796,67.23221,109.41,13,1,1,0,2,48,28,7,1,31,0,1,0.0,109.41,109.41,1,1,0.781555825416101,4
24.912653,67.066437,69.98,36,1,1,0,14,4,27,7,0,31,0,0,0.0,69.98,69.98,1,0,0.4998928494892492,3
24.890121,67.12258,38.45,160,1,1,0,17,22,27,7,0,31,0,0,0.0,38.45,38.45,1,0,0.27466247589113507,2
24.781547,67.018044,81.14,212,1,1,0,4,57,28,7,1,31,0,1,0.0,81.14,81.14,1,0,0.5796128294878206,3
24.957168,67.232067,128.36,37,1,1,0,19,43,27,7,0,31,0,0,0.0,128.36,128.36,1,1,0.916922637331238,4
24.966066,67.281093,113.79,329,1,1,0,23,37,27,7,0,31,0,1,0.0,113.79,113.79,1,1,0.8128437745553254,4
24.753764,67.262635,20.78,253,1,1,0,11,14,28,7,1,31,0,0,0.0,20.78,20.78,1,0,0.14843917422673047,1
24.919942,67.134314,1.81,113,1,1,0,13,49,27,7,0,31,0,0,0.0,1.81,1.81,1,0,0.012929494963925994,1
24.99363,67.260636,89.77,327,1,1,0,2,17,28,7,1,31,0,1,0.0,89.77,89.77,1,0,0.6412600900064289,3
24.928342,67.062613,67.11,325,1,1,0,5,37,28,7,1,31,0,1,0.0,67.11,67.11,1,0,0.4793913850989356,3
24.992544,67.138472,126.16,143,1,1,0,21,46,27,7,0,31,0,1,0.0,126.16,126.16,1,1,0.9012072290877919,4
24.893434,67.129002,114.59,85,1,1,0,15,50,27,7,0,31,0,0,0.0,114.59,114.59,1,1,0.818558468462033,4
24.770221,67.089476,103.3,304,1,1,0,18,28,27,7,0,31,0,0,0.0,103.3,103.3,1,1,0.7379098507036216,4
25.015702,67.258435,11.85,198,1,1,0,12,47,27,7,0,31,0,0,0.0,11.85,11.85,1,0,0.08464890349310664,1
24.997523,67.128798,90.43,158,1,1,0,14,55,27,7,0,31,0,0,0.0,90.43,90.43,1,0,0.6459747124794628,4
24.910102,66.944455,17.67,281,1,1,0,0,35,28,7,1,31,0,1,0.0,17.67,17.67,1,0,0.1262233016644046,1
25.073859,67.292376,82.07,357,1,1,0,14,34,27,7,0,31,0,0,0.0,82.07,82.07,1,0,0.5862561611543681,3
25.090758,67.261615,11.66,238,1,1,0,23,10,27,7,0,31,0,1,0.0,11.66,11.66,1,0,0.08329166369026358,1
24.97602,67.288376,13.61,190,1,1,0,8,34,28,7,1,31,0,0,0.0,13.61,13.61,1,0,0.0972212300878634,1
24.787772,67.142375,68.3,292,1,1,0,17,3,27,7,0,31,0,0,0.0,68.3,68.3,1,0,0.48789199228516317,3
25.021173,66.948115,55.69,86,1,1,0,0,2,28,7,1,31,0,1,0.0,55.69,55.69,1,0,0.3978141295806843,2
24.816471,67.126668,27.16,122,1,1,0,2,32,28,7,1,31,0,1,0.0,27.16,27.16,1,0,0.19401385813272376,1
24.962227,67.275716,103.53,112,1,1,0,19,28,27,7,0,31,0,0,0.0,103.53,103.53,1,1,0.7395528252018001,4
25.067059,66.93969,98.29,44,1,1,0,7,34,28,7,1,31,0,0,0.0,98.29,98.29,1,0,0.7021215801128652,4
24.761385,67.01663,136.74,290,1,1,0,6,35,28,7,1,31,0,0,0.0,136.74,136.74,1,1,0.9767840560040003,4
25.073911,67.058631,77.91,44,1,1,0,10,2,28,7,1,31,0,0,0.0,77.91,77.91,1,0,0.5565397528394884,3
25.074499,66.914881,36.72,236,1,1,0,11,25,27,7,0,31,0,0,0.0,36.72,36.72,1,0,0.2623044503178798,2
25.045597,67.046868,118.29,0,1,1,0,14,26,27,7,0,31,0,0,0.0,118.29,118.29,1,1,0.8449889277805558,4
24.973329,66.928405,54.02,6,1,1,0,22,12,27,7,0,31,0,1,0.0,54.02,54.02,1,0,0.3858847060504322,2
25.089479,67.083251,139.57,215,1,1,0,11,43,27,7,0,31,0,0,0.0,139.57,139.57,1,1,0.9969997856989784,4
24.853375,67.04877,104.65,236,1,1,0,12,50,27,7,0,31,0,0,0.0,104.65,104.65,1,1,0.7475533966711908,4
24.946832,67.054165,21.54,183,1,1,0,11,36,27,7,0,31,0,0,0.0,21.54,21.54,1,0,0.1538681334381027,1
24.986776,67.057765,96.83,125,1,1,0,8,0,28,7,1,31,0,0,0.0,96.83,96.83,1,0,0.6916922637331238,4
25.07119,66.950017,115.01,346,1,1,0,20,6,27,7,0,31,0,1,0.0,115.01,115.01,1,1,0.8215586827630544,4
24.787225,67.296636,96.83,289,1,1,0,11,54,27,7,0,31,0,0,0.0,96.83,96.83,1,0,0.6916922637331238,4
24.765246,67.236028,86.16,307,1,1,0,11,23,27,7,0,31,0,0,0.0,86.16,86.16,1,0,0.6154725337524108,3
24.828888,67.236827,108.18,70,1,1,0,20,7,27,7,0,31,0,1,0.0,108.18,108.18,1,1,0.7727694835345382,4
25.096511,67.122095,18.89,56,1,1,0,3,42,28,7,1,31,0,1,0.0,18.89,18.89,1,0,0.13493820987213373,1
24.848966,67.22276,46.96,262,1,1,0,5,36,28,7,1,31,0,1,0.0,46.96,46.96,1,0,0.3354525323237374,2
24.918672,67.14017,8.14,97,1,1,0,1,22,28,7,1,31,0,1,0.0,8.14,8.14,1,0,0.05814701050075005,1
24.853242,67.153618,111.55,152,1,1,0,11,45,27,7,0,31,0,0,0.0,111.55,111.55,1,1,0.796842631616544,4
24.809727,66.933788,136.99,242,1,1,0,7,35,28,7,1,31,0,0,0.0,136.99,136.99,1,1,0.9785698978498464,4
24.925585,67.185048,123.16,45,1,1,0,11,26,27,7,0,31,0,0,0.0,123.16,123.16,1,1,0.8797771269376383,4
24.910206,66.960494,90.39,219,1,1,0,0,48,28,7,1,31,0,1,0.0,90.39,90.39,1,0,0.6456889777841274,4
24.78904,67.070944,29.91,350,1,1,0,12,58,27,7,0,31,0,0,0.0,29.91,29.91,1,0,0.2136581184370312,1
24.810981,67.069377,56.21,12,1,1,0,15,18,27,7,0,31,0,0,0.0,56.21,56.21,1,0,0.40152868062004426,2
25.000486,67.127548,0.17,176,1,1,0,6,41,28,7,1,31,0,0,0.0,0.17,0.17,1,0,0.0012143724551753696,1
24.853215,66.958673,65.62,195,1,1,0,22,10,27,7,0,31,0,1,0.0,65.62,65.62,1,0,0.4687477676976927,3
24.866712,67.286735,76.9,312,1,1,0,11,44,27,7,0,31,0,0,0.0,76.9,76.9,1,0,0.5493249517822701,3
25.039613,67.043186,49.42,90,1,1,0,11,2,28,7,1,31,0,0,0.0,49.42,49.42,1,0,0.3530252160868633,2
24.978659,66.944488,0.2,108,1,1,0,21,30,27,7,0,31,0,1,0.0,0.2,0.2,1,0,0.0014286734766769055,1
25.048917,67.176398,8.91,148,1,1,0,12,50,27,7,0,31,0,0,0.0,8.91,8.91,1,0,0.06364740338595613,1
24.78312,66.935403,112.95,177,1,1,0,21,24,27,7,0,31,0,1,0.0,112.95,112.95,1,1,0.8068433459532823,4
24.904532,67.224185,126.86,357,1,1,0,13,17,27,7,0,31,0,0,0.0,126.86,126.86,1,1,0.906207586256161,4
25.092052,67.00565,90.21,25,1,1,0,7,43,28,7,1,31,0,0,0.0,90.21,90.21,1,0,0.6444031716551182,4
24.995325,67.174141,13.18,208,1,1,0,21,28,27,7,0,31,0,1,0.0,13.18,13.18,1,0,0.09414958211300807,1
24.800262,66.981144,115.7,340,1,1,0,8,20,28,7,1,31,0,0,0.0,115.7,115.7,1,1,0.8264876062575898,4
24.949982,67.165829,77.84,71,1,1,0,18,40,27,7,0,31,0,0,0.0,77.84,77.84,1,0,0.5560397171226517,3
24.948921,67.044541,31.08,243,1,1,0,12,40,27,7,0,31,0,0,0.0,31.08,31.08,1,0,0.2220158582755911,2
24.790404,67.062629,12.52,152,1,1,0,6,3,28,7,1,31,0,0,0.0,12.52,12.52,1,0,0.08943495963997428,1
24.779491,67.1556,41.17,155,1,1,0,2,4,28,7,1,31,0,1,0.0,41.17,41.17,1,0,0.294092435173941,2
24.791785,66.954304,101.84,205,1,1,0,16,35,27,7,0,31,0,0,0.0,101.84,101.84,1,1,0.7274805343238803,4
25.075794,67.222639,112.45,320,1,1,0,15,30,27,7,0,31,0,0,0.0,112.45,112.45,1,1,0.8032716622615901,4
24.754193,67.065962,23.6,34,1,1,0,11,44,27,7,0,31,0,0,0.0,23.6,23.6,1,0,0.16858347024787484,1
24.967617,67.003274,21.83,216,1,1,0,14,34,27,7,0,31,0,0,0.0,21.83,21.83,1,0,0.15593970997928422,1
24.976356,67.254447,114.59,135,1,1,0,19,20,27,7,0,31,0,0,0.0,114.59,114.59,1,1,0.818558468462033,4
24.813625,66.98735,26.39,176,1,1,0,7,49,28,7,1,31,0,0,0.0,26.39,26.39,1,0,0.18851346524751766,1
25.045499,67.029436,100.37,11,1,1,0,5,58,28,7,1,31,0,1,0.0,100.37,100.37,1,1,0.716979784270305,4
24.907927,66.900392,19.17,329,1,1,0,0,43,28,7,1,31,0,1,0.0,19.17,19.17,1,0,0.1369383527394814,1
24.925438,67.224757,33.07,320,1,1,0,1,58,28,7,1,31,0,1,0.0,33.07,33.07,1,0,0.23623115936852632,2
24.967811,67.067898,82.15,329,1,1,0,12,18,27,7,0,31,0,0,0.0,82.15,82.15,1,0,0.586827630545039,3
24.968422,67.083994,74.5,12,1,1,0,23,48,27,7,0,31,0,1,0.0,74.5,74.5,1,0,0.5321808700621473,3
24.879362,67.126723,127.63,320,1,1,0,11,17,28,7,1,31,0,0,0.0,127.63,127.63,1,1,0.9117079791413671,4
25.065911,67.090561,122.44,57,1,1,0,10,23,28,7,1,31,0,0,0.0,122.44,122.44,1,1,0.8746339024216014,4
24.919957,67.105378,102.58,256,1,1,0,15,3,27,7,0,31,0,0,0.0,102.58,102.58,1,1,0.7327666261875848,4
24.780256,67.00128,57.1,70,1,1,0,23,14,27,7,0,31,0,1,0.0,57.1,57.1,1,0,0.4078862775912565,2
25.025611,67.254299,134.6,90,1,1,0,17,21,27,7,0,31,0,0,0.0,134.6,134.6,1,1,0.9614972498035573,4
24.762095,67.036561,121.9,339,1,1,0,6,43,28,7,1,31,0,0,0.0,121.9,121.9,1,1,0.8707764840345739,4
25.070909,67.059067,107.94,300,1,1,0,8,25,28,7,1,31,0,0,0.0,107.94,107.94,1,1,0.7710550753625258,4
25.068407,67.139149,93.72,284,1,1,0,3,57,28,7,1,31,0,1,0.0,93.72,93.72,1,0,0.6694763911707978,4
24.922398,66.992219,130.3,132,1,1,0,6,38,28,7,1,31,0,0,0.0,130.3,130.3,1,1,0.9307807700550039,4
25.071955,67.16253,77.58,338,1,1,0,10,46,28,7,1,31,0,0,0.0,77.58,77.58,1,0,0.5541824416029716,3
24.864469,67.175804,129.9,355,1,1,0,6,3,28,7,1,31,0,0,0.0,129.9,129.9,1,1,0.9279234231016501,4
25.033483,67.232683,92.5,23,1,1,0,7,32,28,7,1,31,0,0,0.0,92.5,92.5,1,0,0.6607614829630688,4
24.986011,66.903465,128.61,181,1,1,0,16,38,27,7,0,31,0,0,0.0,128.61,128.61,1,1,0.9187084791770841,4
24.780783,67.184884,1.44,24,1,1,0,12,54,27,7,0,31,0,0,0.0,1.44,1.44,1,0,0.010286449032073718,1
24.92578,67.010329,138.07,219,1,1,0,16,23,27,7,0,31,0,0,0.0,138.07,138.07,1,1,0.9862847346239016,4
25.035834,67.241952,19.94,232,1,1,0,21,25,27,7,0,31,0,1,0.0,19.94,19.94,1,0,0.14243874562468747,1
25.097839,67.115977,58.46,323,1,1,0,14,41,27,7,0,31,0,0,0.0,58.46,58.46,1,0,0.41760125723265945,2
24.938137,67.069501,137.94,284,1,1,0,18,54,27,7,0,31,0,0,0.0,137.94,137.94,1,1,0.9853560968640617,4
24.879695,67.031852,28.13,241,1,1,0,14,59,27,7,0,31,0,0,0.0,28.13,28.13,1,0,0.20094292449460674,1
24.889535,66.972504,70.22,145,1,1,0,1,25,28,7,1,31,0,1,0.0,70.22,70.22,1,0,0.5016072576612615,3
25.045699,67.064937,77.01,324,1,1,0,19,40,27,7,0,31,0,0,0.0,77.01,77.01,1,0,0.5501107221944425,3
24.882404,67.06277,109.7,37,1,1,0,3,27,28,7,1,31,0,1,0.0,109.7,109.7,1,1,0.7836274019572826,4
24.780379,67.250819,99.38,190,1,1,0,18,53,27,7,0,31,0,0,0.0,99.38,99.38,1,0,0.7099078505607542,4
24.946024,66.94322,29.22,333,1,1,0,17,27,27,7,0,31,0,0,0.0,29.22,29.22,1,0,0.20872919494249587,1
25.084402,66.941754,62.34,63,1,1,0,0,51,28,7,1,31,0,1,0.0,62.34,62.34,1,0,0.4453175226801914,3
24.751298,67.277027,128.96,126,1,1,0,13,11,27,7,0,31,0,0,0.0,128.96,128.96,1,1,0.9212086577612687,4
24.880877,67.063129,41.76,9,1,1,0,14,1,27,7,0,31,0,0,0.0,41.76,41.76,1,0,0.2983070219301378,2
24.974206,67.231812,89.91,266,1,1,0,7,32,28,7,1,31,0,0,0.0,89.91,89.91,1,0,0.6422601614401028,3
24.759233,67.160492,47.58,143,1,1,0,5,50,28,7,1,31,0,1,0.0,47.58,47.58,1,0,0.3398814201014358,2
24.829245,67.252367,38.61,209,1,1,0,1,44,28,7,1,31,0,1,0.0,38.61,38.61,1,0,0.2758054146724766,2
24.782833,66.958913,89.11,144,1,1,0,15,29,27,7,0,31,0,0,0.0,89.11,89.11,1,0,0.6365454675333952,3
24.97448,66.973496,97.33,227,1,1,0,12,0,27,7,0,31,0,0,0.0,97.33,97.33,1,0,0.695263947424816,4
24.785069,67.032117,31.59,241,1,1,0,7,41,28,7,1,31,0,0,0.0,31.59,31.59,1,0,0.2256589756411172,2
24.948921,67.144642,49.48,189,1,1,0,21,57,27,7,0,31,0,1,0.0,49.48,49.48,1,0,0.35345381812986637,2
24.769162,67.094062,125.46,96,1,1,0,6,54,28,7,1,31,0,0,0.0,125.46,125.46,1,1,0.8962068719194227,4
24.87986,67.086996,107.43,305,1,1,0,22,0,27,7,0,31,0,1,0.0,107.43,107.43,1,1,0.7674119579969998,4
24.892671,67.08045,115.03,207,1,1,0,19,35,27,7,0,31,0,0,0.0,115.03,115.03,1,1,0.8217015501107221,4
25.047794,66.981249,27.17,153,1,1,0,2,17,28,7,1,31,0,1,0.0,27.17,27.17,1,0,0.19408529180655762,1
24.834468,67.098062,35.45,307,1,1,0,11,46,27,7,0,31,0,0,0.0,35.45,35.45,1,0,0.2532323737409815,2
25.032438,66.99405,98.79,158,1,1,0,23,27,27,7,0,31,0,1,0.0,98.79,98.79,1,0,0.7056932638045574,4
24.876131,67.113144,98.4,64,1,1,0,21,53,27,7,0,31,0,1,0.0,98.4,98.4,1,0,0.7029073505250375,4
25.015485,67.279986,67.02,70,1,1,0,17,7,27,7,0,31,0,0,0.0,67.02,67.02,1,0,0.478748482034431,3
24.824962,67.051698,15.78,35,1,1,0,8,42,28,7,1,31,0,0,0.0,15.78,15.78,1,0,0.11272233730980784,1
24.763788,67.245774,112.94,187,1,1,0,18,43,27,7,0,31,0,0,0.0,112.94,112.94,1,1,0.8067719122794484,4
24.796429,67.178881,15.39,2,1,1,0,0,25,28,7,1,31,0,1,0.0,15.39,15.39,1,0,0.10993642403028787,1
24.85871,67.032133,56.42,301,1,1,0,10,26,28,7,1,31,0,0,0.0,56.42,56.42,1,0,0.403028787770555,2
24.830135,67.037524,67.41,61,1,1,0,1,8,28,7,1,31,0,1,0.0,67.41,67.41,1,0,0.4815343953139509,3
24.875479,67.186343,85.36,112,1,1,0,4,23,28,7,1,31,0,1,0.0,85.36,85.36,1,0,0.6097578398457032,3
24.79729,66.976321,112.65,8,1,1,0,4,29,28,7,1,31,0,1,0.0,112.65,112.65,1,1,0.804700335738267,4
24.949757,66.977988,24.91,355,1,1,0,11,28,27,7,0,31,0,0,0.0,24.91,24.91,1,0,0.17794128152010857,1
24.928995,66.95895,133.02,232,1,1,0,7,25,28,7,1,31,0,0,0.0,133.02,133.02,1,1,0.9502107293378098,4
24.925138,66.982806,30.89,251,1,1,0,8,6,28,7,1,31,0,0,0.0,30.89,30.89,1,0,0.22065861847274804,2
25.048452,66.933986,75.93,71,1,1,0,17,51,27,7,0,31,0,0,0.0,75.93,75.93,1,0,0.5423958854203872,3
24.807215,67.20504,93.12,320,1,1,0,2,59,28,7,1,31,0,1,0.0,93.12,93.12,1,0,0.6651903707407671,4
24.798204,67.087984,118.29,344,1,1,0,8,49,28,7,1,31,0,0,0.0,118.29,118.29,1,1,0.8449889277805558,4
24.899136,67.08702,65.14,209,1,1,0,21,58,27,7,0,31,0,1,0.0,65.14,65.14,1,0,0.4653189513536681,3
25.085925,67.170054,121.14,267,1,1,0,13,42,27,7,0,31,0,0,0.0,121.14,121.14,1,1,0.8653475248232017,4
25.020426,67.259949,80.64,232,1,1,0,10,47,28,7,1,31,0,0,0.0,80.64,80.64,1,0,0.5760411457961283,3
24.924063,66.930731,58.93,59,1,1,0,19,26,27,7,0,31,0,0,0.0,58.93,58.93,1,0,0.42095863990285015,2
24.842193,67.024472,38.34,260,1,1,0,15,47,27,7,0,31,0,0,0.0,38.34,38.34,1,0,0.2738767054789628,2
24.798733,67.008145,64.94,107,1,1,0,21,27,27,7,0,31,0,1,0.0,64.94,64.94,1,0,0.46389027787699116,3
24.907527,67.17562,136.57,92,1,1,0,10,33,28,7,1,31,0,0,0.0,136.57,136.57,1,1,0.9755696835488248,4
25.05244,66.999651,125.43,264,1,1,0,6,0,28,7,1,31,0,0,0.0,125.43,125.43,1,1,0.8959925708979213,4
24.789919,67.039056,113.99,87,1,1,0,18,49,27,7,0,31,0,0,0.0,113.99,113.99,1,1,0.8142724480320022,4
24.851818,67.209283,128.58,55,1,1,0,21,14,27,7,0,31,0,1,0.0,128.58,128.58,1,1,0.9184941781555825,4
25.030126,66.978734,31.14,325,1,1,0,18,24,27,7,0,31,0,0,0.0,31.14,31.14,1,0,0.22244446031859416,2
24.816125,67.273649,137.74,253,1,1,0,18,47,27,7,0,31,0,0,0.0,137.74,137.74,1,1,0.9839274233873848,4
24.856056,67.287572,32.33,67,1,1,0,13,27,27,7,0,31,0,0,0.0,32.33,32.33,1,0,0.23094506750482174,2
24.830819,66.992873,37.36,351,1,1,0,10,24,28,7,1,31,0,0,0.0,37.36,37.36,1,0,0.2668762054432459,2
24.990776,67.045507,112.15,99,1,1,0,11,51,27,7,0,31,0,0,0.0,112.15,112.15,1,1,0.8011286520465748,4
24.898139,67.210469,131.63,121,1,1,0,0,23,28,7,1,31,0,1,0.0,131.63,131.63,1,1,0.9402814486749053,4
25.026933,67.194824,33.76,112,1,1,0,14,23,27,7,0,31,0,0,0.0,33.76,33.76,1,0,0.24116008286306162,2
24.864772,67.018256,41.13,228,1,1,0,13,24,27,7,0,31,0,0,0.0,41.13,41.13,1,0,0.29380670047860563,2
24.75367,67.079564,75.85,327,1,1,0,5,44,28,7,1,31,0,1,0.0,75.85,75.85,1,0,0.5418244160297163,3
24.891632,67.27267,93.62,336,1,1,0,3,59,28,7,1,31,0,1,0.0,93.62,93.62,1,0,0.6687620544324594,4
25.061653,67.09053,112.29,40,1,1,0,16,34,27,7,0,31,0,0,0.0,112.29,112.29,1,1,0.8021287234802486,4
24.956671,67.270631,54.7,100,1,1,0,19,30,27,7,0,31,0,0,0.0,54.7,54.7,1,0,0.3907421958711336,2
25.034261,67.268035,95.07,62,1,1,0,13,21,27,7,0,31,0,0,0.0,95.07,95.07,1,0,0.6791199371383669,4
24.852293,67.148381,94.96,344,1,1,0,8,57,28,7,1,31,0,0,0.0,94.96,94.96,1,0,0.6783341667261946,4
24.81472,67.012799,59.4,238,1,1,0,11,58,27,7,0,31,0,0,0.0,59.4,59.4,1,0,0.4243160225730409,2
25.09015,67.299115,33.96,100,1,1,0,15,27,27,7,0,31,0,0,0.0,33.96,33.96,1,0,0.24258875633973853,2
25.034977,67.06573,61.41,347,1,1,0,8,14,28,7,1,31,0,0,0.0,61.41,61.41,1,0,0.4386741910136438,3
25.012225,67.25385,77.67,198,1,1,0,5,41,28,7,1,31,0,1,0.0,77.67,77.67,1,0,0.5548253446674762,3
24.796377,66.974957,50.39,229,1,1,0,15,4,27,7,0,31,0,0,0.0,50.39,50.39,1,0,0.35995428244874633,2
24.902173,67.294487,25.98,196,1,1,0,9,21,28,7,1,31,0,0,0.0,25.98,25.98,1,0,0.18558468462033,1
24.769914,67.136265,56.1,134,1,1,0,17,8,27,7,0,31,0,0,0.0,56.1,56.1,1,0,0.40074291020787195,2
24.948753,67.287567,137.44,304,1,1,0,9,54,28,7,1,31,0,0,0.0,137.44,137.44,1,1,0.9817844131723694,4
24.916934,66.967122,37.43,205,1,1,0,0,4,28,7,1,31,0,1,0.0,37.43,37.43,1,0,0.26737624116008285,2
24.769391,67.113822,32.17,174,1,1,0,0,42,28,7,1,31,0,1,0.0,32.17,32.17,1,0,0.22980212872348024,2
25.032906,67.26129,44.39,319,1,1,0,14,22,27,7,0,31,0,0,0.0,44.39,44.39,1,0,0.31709407814843915,2
25.0705,67.130975,80.68,158,1,1,0,0,24,28,7,1,31,0,1,0.0,80.68,80.68,1,0,0.5763268804914636,3
25.028683,66.988833,76.29,46,1,1,0,8,47,28,7,1,31,0,0,0.0,76.29,76.29,1,0,0.5449674976784056,3
25.062586,66.937393,90.02,121,1,1,0,13,4,27,7,0,31,0,0,0.0,90.02,90.02,1,0,0.6430459318522751,4
25.004025,67.148612,30.32,218,1,1,0,9,16,28,7,1,31,0,0,0.0,30.32,30.32,1,0,0.21658689906421885,2
24.772862,67.138844,39.51,158,1,1,0,4,31,28,7,1,31,0,1,0.0,39.51,39.51,1,0,0.2822344453175227,2
24.923183,67.08362,91.3,240,1,1,0,22,18,27,7,0,31,0,1,0.0,91.3,91.3,1,0,0.6521894421030073,4
25.075546,66.912173,3.57,217,1,1,0,19,33,27,7,0,31,0,0,0.0,3.57,3.57,1,0,0.02550182155868276,1
24.829367,67.140386,52.44,272,1,1,0,20,0,27,7,0,31,0,1,0.0,52.44,52.44,1,0,0.3745981855846846,2
24.856321,67.094481,94.72,286,1,1,0,15,14,27,7,0,31,0,0,0.0,94.72,94.72,1,0,0.6766197585541824,4
24.991549,67.175787,9.28,139,1,1,0,7,43,28,7,1,31,0,0,0.0,9.28,9.28,1,0,0.0662904493178084,1
24.763545,67.21185,106.72,347,1,1,0,11,1,28,7,1,31,0,0,0.0,106.72,106.72,1,1,0.7623401671547967,4
24.843313,67.006928,78.45,254,1,1,0,5,13,28,7,1,31,0,1,0.0,78.45,78.45,1,0,0.5603971712265161,3
25.009204,66.970586,22.25,287,1,1,0,17,1,27,7,0,31,0,0,0.0,22.25,22.25,1,0,0.15893992428030573,1
24.828378,67.013442,1.06,337,1,1,0,1,43,28,7,1,31,0,1,0.0,1.06,1.06,1,0,0.007571969426387599,1
25.039563,66.940935,125.2,99,1,1,0,1,50,28,7,1,31,0,1,0.0,125.2,125.2,1,1,0.8943495963997428,4
24.980678,67.189285,93.24,101,1,1,0,11,39,27,7,0,31,0,0,0.0,93.24,93.24,1,0,0.6660475748267732,4
24.756965,67.008347,136.86,344,1,1,0,2,38,28,7,1,31,0,1,0.0,136.86,136.86,1,1,0.9776412600900065,4
24.755937,67.262368,47.64,350,1,1,0,22,57,27,7,0,31,0,1,0.0,47.64,47.64,1,0,0.3403100221444389,2
24.759201,67.030069,68.88,308,1,1,0,4,19,28,7,1,31,0,1,0.0,68.88,68.88,1,0,0.4920351453675262,3
25.08178,67.179243,4.63,230,1,1,0,23,25,27,7,0,31,0,1,0.0,4.63,4.63,1,0,0.03307379098507036,1
24.759762,67.218639,105.99,303,1,1,0,1,56,28,7,1,31,0,1,0.0,105.99,105.99,1,1,0.757125508964926,4
24.777119,67.014291,87.74,139,1,1,0,23,7,27,7,0,31,0,1,0.0,87.74,87.74,1,0,0.6267590542181584,3
24.841748,67.243812,60.86,206,1,1,0,17,55,27,7,0,31,0,0,0.0,60.86,60.86,1,0,0.43474533895278233,3
24.8893,67.062514,70.15,273,1,1,0,14,55,27,7,0,31,0,0,0.0,70.15,70.15,1,0,0.5011072219444246,3
25.01166,67.15821,107.15,165,1,1,0,15,52,27,7,0,31,0,0,0.0,107.15,107.15,1,1,0.7654118151296521,4
24.886406,67.282754,85.04,146,1,1,0,0,4,28,7,1,31,0,1,0.0,85.04,85.04,1,0,0.6074719622830203,3
24.993675,67.058066,56.81,292,1,1,0,13,34,27,7,0,31,0,0,0.0,56.81,56.81,1,0,0.405814701050075,2
24.895631,67.148759,7.47,184,1,1,0,9,36,28,7,1,31,0,0,0.0,7.47,7.47,1,0,0.05336095435388241,1
24.88778,66.964127,95.34,20,1,1,0,2,40,28,7,1,31,0,1,0.0,95.34,95.34,1,0,0.6810486463318808,4
24.886862,67.027132,34.14,112,1,1,0,6,28,28,7,1,31,0,0,0.0,34.14,34.14,1,0,0.24387456246874775,2
24.8175,67.143445,14.61,129,1,1,0,22,44,27,7,0,31,0,1,0.0,14.61,14.61,1,0,0.10436459747124793,1
24.893224,67.001716,115.06,100,1,1,0,4,31,28,7,1,31,0,1,0.0,115.06,115.06,1,1,0.8219158511322237,4
24.897838,66.934075,137.33,292,1,1,0,18,14,27,7,0,31,0,0,0.0,137.33,137.33,1,1,0.9809986427601972,4
25.062896,67.288119,81.88,343,1,1,0,14,42,27,7,0,31,0,0,0.0,81.88,81.88,1,0,0.584898921351525,3
25.072422,67.154728,134.02,98,1,1,0,23,50,27,7,0,31,0,1,0.0,134.02,134.02,1,1,0.9573540967211944,4
25.09773,66.94365,107.6,200,1,1,0,10,13,28,7,1,31,0,0,0.0,107.6,107.6,1,1,0.7686263304521751,4
24.82666,67.187099,62.69,128,1,1,0,0,26,28,7,1,31,0,1,0.0,62.69,62.69,1,0,0.447817701264376,3
24.815348,66.911266,63.01,294,1,1,0,22,44,27,7,0,31,0,1,0.0,63.01,63.01,1,0,0.45010357882705904,3
25.008206,66.921729,88.18,208,1,1,0,4,54,28,7,1,31,0,1,0.0,88.18,88.18,1,0,0.6299021358668476,3
25.05564,66.999969,6.41,29,1,1,0,8,33,28,7,1,31,0,0,0.0,6.41,6.41,1,0,0.04578898492749482,1
24.829092,67.146386,18.66,68,1,1,0,1,45,28,7,1,31,0,1,0.0,18.66,18.66,1,0,0.13329523537395527,1
25.073564,67.079265,23.83,11,1,1,0,23,59,27,7,0,31,0,1,0.0,23.83,23.83,1,0,0.17022644474605328,1
24.785178,66.966546,106.45,153,1,1,0,10,17,28,7,1,31,0,0,0.0,106.45,106.45,1,1,0.760411457961283,4
24.780702,66.992395,72.0,24,1,1,0,15,6,27,7,0,31,0,0,0.0,72.0,72.0,1,0,0.514322451603686,3
24.848902,67.206007,75.28,265,1,1,0,1,4,28,7,1,31,0,1,0.0,75.28,75.28,1,0,0.5377526966211872,3
24.911328,67.079972,106.67,229,1,1,0,5,55,28,7,1,31,0,1,0.0,106.67,106.67,1,1,0.7619829987856275,4
24.932614,67.200223,106.07,257,1,1,0,10,40,28,7,1,31,0,0,0.0,106.07,106.07,1,1,0.7576969783555967,4
24.758773,67.276798,15.96,130,1,1,0,13,37,27,7,0,31,0,0,0.0,15.96,15.96,1,0,0.11400814343881706,1
24.930488,67.022342,96.1,46,1,1,0,0,39,28,7,1,31,0,1,0.0,96.1,96.1,1,0,0.686477605543253,4
25.009508,67.22022,90.21,253,1,1,0,14,57,27,7,0,31,0,0,0.0,90.21,90.21,1,0,0.6444031716551182,4
24.79502,67.272446,37.49,273,1,1,0,3,41,28,7,1,31,0,1,0.0,37.49,37.49,1,0,0.26780484320308595,2
25.008645,67.256626,92.93,242,1,1,0,10,29,28,7,1,31,0,0,0.0,92.93,92.93,1,0,0.6638331309379242,4
24.776279,67.271774,127.21,109,1,1,0,19,28,27,7,0,31,0,0,0.0,127.21,127.21,1,1,0.9087077648403457,4
24.877881,66.925303,115.94,141,1,1,0,18,0,27,7,0,31,0,0,0.0,115.94,115.94,1,1,0.8282020144296021,4
24.821144,67.2971,50.48,292,1,1,0,11,48,27,7,0,31,0,0,0.0,50.48,50.48,1,0,0.3605971855132509,2
25.086033,67.202446,138.13,45,1,1,0,11,6,28,7,1,31,0,0,0.0,138.13,138.13,1,1,0.9867133366669046,4
24.885406,66.918436,129.03,10,1,1,0,6,15,28,7,1,31,0,0,0.0,129.03,129.03,1,1,0.9217086934781056,4
24.905716,67.202269,92.94,69,1,1,0,21,28,27,7,0,31,0,1,0.0,92.94,92.94,1,0,0.663904564611758,4
24.907199,67.117383,87.44,138,1,1,0,13,33,27,7,0,31,0,0,0.0,87.44,87.44,1,0,0.6246160440031431,3
24.853422,66.96279,61.97,71,1,1,0,6,34,28,7,1,31,0,0,0.0,61.97,61.97,1,0,0.44267447674833915,3
25.007253,67.270092,137.71,218,1,1,0,8,51,28,7,1,31,0,0,0.0,137.71,137.71,1,1,0.9837131223658833,4
24.762097,67.132508,127.81,314,1,1,0,0,25,28,7,1,31,0,1,0.0,127.81,127.81,1,1,0.9129937852703764,4
24.897253,67.031161,33.97,261,1,1,0,12,59,27,7,0,31,0,0,0.0,33.97,33.97,1,0,0.24266019001357236,2
25.024635,66.982885,131.5,69,1,1,0,14,25,27,7,0,31,0,0,0.0,131.5,131.5,1,1,0.9393528109150653,4
25.019026,66.906507,49.76,338,1,1,0,18,29,27,7,0,31,0,0,0.0,49.76,49.76,1,0,0.35545396099721405,2
24.942944,67.082346,68.92,103,1,1,0,5,36,28,7,1,31,0,1,0.0,68.92,68.92,1,0,0.4923208800628616,3
25.061063,67.068242,84.82,342,1,1,0,23,43,27,7,0,31,0,1,0.0,84.82,84.82,1,0,0.6059004214586755,3
24.968226,67.122102,1.56,185,1,1,0,14,42,27,7,0,31,0,0,0.0,1.56,1.56,1,0,0.011143653118079862,1
24.886125,67.150802,28.59,181,1,1,0,19,38,27,7,0,31,0,0,0.0,28.59,28.59,1,0,0.20422887349096364,1
24.904121,67.272124,55.42,195,1,1,0,14,42,27,7,0,31,0,0,0.0,55.42,55.42,1,0,0.3958854203871705,2
24.964025,67.231651,45.69,144,1,1,0,0,19,28,7,1,31,0,1,0.0,45.69,45.69,1,0,0.32638045574683905,2
24.886564,67.278181,64.68,323,1,1,0,21,9,27,7,0,31,0,1,0.0,64.68,64.68,1,0,0.46203300235731126,3
25.005345,67.056998,125.95,281,1,1,0,4,44,28,7,1,31,0,1,0.0,125.95,125.95,1,1,0.8997071219372812,4
24.862795,66.963627,36.94,193,1,1,0,8,20,28,7,1,31,0,0,0.0,36.94,36.94,1,0,0.26387599114222443,2
25.086802,67.272373,12.13,330,1,1,0,19,33,27,7,0,31,0,0,0.0,12.13,12.13,1,0,0.08664904636045431,1
24.850574,66.919013,117.65,293,1,1,0,20,42,27,7,0,31,0,1,0.0,117.65,117.65,1,1,0.8404171726551897,4
25.029241,67.036136,25.46,305,1,1,0,1,17,28,7,1,31,0,1,0.0,25.46,25.46,1,0,0.18187013358097007,1
25.088743,67.299743,53.46,258,1,1,0,2,34,28,7,1,31,0,1,0.0,53.46,53.46,1,0,0.38188442031573683,2
24.768799,66.997456,76.99,91,1,1,0,19,1,27,7,0,31,0,0,0.0,76.99,76.99,1,0,0.5499678548467747,3
24.931503,66.927433,36.01,276,1,1,0,0,1,28,7,1,31,0,1,0.0,36.01,36.01,1,0,0.2572326594756768,2
25.049205,67.151563,85.55,76,1,1,0,3,0,28,7,1,31,0,1,0.0,85.55,85.55,1,0,0.6111150796485463,3
24.953997,67.112335,125.11,134,1,1,0,15,5,27,7,0,31,0,0,0.0,125.11,125.11,1,1,0.8937066933352382,4
24.924528,67.296104,27.6,215,1,1,0,7,0,28,7,1,31,0,0,0.0,27.6,27.6,1,0,0.19715693978141297,1
24.875539,67.081038,28.56,315,1,1,0,14,53,27,7,0,31,0,0,0.0,28.56,28.56,1,0,0.20401457246946209,1
24.762484,67.237233,18.49,295,1,1,0,1,26,28,7,1,31,0,1,0.0,18.49,18.49,1,0,0.1320808629187799,1
24.930045,67.260062,80.18,48,1,1,0,6,24,28,7,1,31,0,0,0.0,80.18,80.18,1,0,0.5727551967997714,3
24.903354,67.014419,90.53,238,1,1,0,1,45,28,7,1,31,0,1,0.0,90.53,90.53,1,0,0.6466890492178012,4
24.846059,67.235533,120.26,2,1,1,0,21,35,27,7,0,31,0,1,0.0,120.26,120.26,1,1,0.8590613615258232,4
24.782174,67.208896,84.42,327,1,1,0,23,46,27,7,0,31,0,1,0.0,84.42,84.42,1,0,0.6030430745053218,3
25.009271,67.005017,17.46,168,1,1,0,6,49,28,7,1,31,0,0,0.0,17.46,17.46,1,0,0.12472319451389385,1
24.864554,67.170243,77.09,319,1,1,0,20,0,27,7,0,31,0,1,0.0,77.09,77.09,1,0,0.5506821915851132,3
25.091658,66.937401,126.95,43,1,1,0,3,37,28,7,1,31,0,1,0.0,126.95,126.95,1,1,0.9068504893206657,4
24.890775,66.964894,39.53,22,1,1,0,15,45,27,7,0,31,0,0,0.0,39.53,39.53,1,0,0.28237731266519034,2
24.959895,66.983467,126.31,340,1,1,0,6,38,28,7,1,31,0,0,0.0,126.31,126.31,1,1,0.9022787341952996,4
25.065553,66.948051,5.17,104,1,1,0,21,56,27,7,0,31,0,1,0.0,5.17,5.17,1,0,0.036931209372098005,1
24.993731,67.17744,42.66,257,1,1,0,17,49,27,7,0,31,0,0,0.0,42.66,42.66,1,0,0.3047360525751839,2
24.878021,67.216273,135.42,7,1,1,0,1,43,28,7,1,31,0,1,0.0,135.42,135.42,1,1,0.9673548110579325,4
24.886795,66.97247,85.33,172,1,1,0,5,32,28,7,1,31,0,1,0.0,85.33,85.33,1,0,0.6095435388242016,3
24.91277,66.990497,62.41,137,1,1,0,14,48,27,7,0,31,0,0,0.0,62.41,62.41,1,0,0.4458175583970283,3
24.976576,67.029308,133.18,72,1,1,0,2,17,28,7,1,31,0,1,0.0,133.18,133.18,1,1,0.9513536681191513,4
24.774679,67.24269,16.89,144,1,1,0,12,39,27,7,0,31,0,0,0.0,16.89,16.89,1,0,0.12065147510536467,1
24.948678,66.956841,98.48,96,1,1,0,17,25,27,7,0,31,0,0,0.0,98.48,98.48,1,0,0.7034788199157083,4
25.014067,67.034487,131.21,134,1,1,0,13,50,27,7,0,31,0,0,0.0,131.21,131.21,1,1,0.9372812343738839,4
25.09359,66.975282,5.85,307,1,1,0,15,0,27,7,0,31,0,0,0.0,5.85,5.85,1,0,0.04178869919279948,1
24.898926,67.198374,66.26,169,1,1,0,22,32,27,7,0,31,0,1,0.0,66.26,66.26,1,0,0.4733195228230588,3
24.858783,67.176048,102.72,345,1,1,0,6,25,28,7,1,31,0,0,0.0,102.72,102.72,1,1,0.7337666976212586,4
24.794718,66.904673,95.33,223,1,1,0,19,32,27,7,0,31,0,0,0.0,95.33,95.33,1,0,0.6809772126580469,4
25.061592,67.130035,14.79,246,1,1,0,20,48,27,7,0,31,0,1,0.0,14.79,14.79,1,0,0.10565040360025715,1
24.95287,67.145216,95.77,175,1,1,0,15,52,27,7,0,31,0,0,0.0,95.77,95.77,1,0,0.6841202943067362,4
24.963059,67.227557,67.77,278,1,1,0,9,42,28,7,1,31,0,0,0.0,67.77,67.77,1,0,0.48410600757196937,3
25.05446,67.050213,13.73,112,1,1,0,8,40,28,7,1,31,0,0,0.0,13.73,13.73,1,0,0.09807843417386956,1
24.973322,67.033177,8.91,200,1,1,0,18,47,27,7,0,31,0,0,0.0,8.91,8.91,1,0,0.06364740338595613,1
24.922522,67.253173,137.27,45,1,1,0,18,32,27,7,0,31,0,0,0.0,137.27,137.27,1,1,0.9805700407171941,4
24.961765,67.149075,13.2,57,1,1,0,22,38,27,7,0,31,0,1,0.0,13.2,13.2,1,0,0.09429244946067575,1
25.087887,67.283981,83.75,52,1,1,0,3,48,28,7,1,31,0,1,0.0,83.75,83.75,1,0,0.5982570183584541,3
24.988139,67.153963,23.35,316,1,1,0,3,6,28,7,1,31,0,1,0.0,23.35,23.35,1,0,0.16679762840202872,1
24.981603,66.91214,51.8,58,1,1,0,23,34,27,7,0,31,0,1,0.0,51.8,51.8,1,0,0.3700264304593185,2
25.061133,67.28534,5.11,277,1,1,0,12,32,27,7,0,31,0,0,0.0,5.11,5.11,1,0,0.03650260732909494,1
24.856149,66.928683,103.44,216,1,1,0,20,29,27,7,0,31,0,1,0.0,103.44,103.44,1,1,0.7389099221372954,4
24.913315,67.290802,79.7,175,1,1,0,5,4,28,7,1,31,0,1,0.0,79.7,79.7,1,0,0.5693263804557468,3
25.06865,67.108341,43.25,205,1,1,0,2,8,28,7,1,31,0,1,0.0,43.25,43.25,1,0,0.3089506393313808,2
25.037266,67.210264,106.06,17,1,1,0,3,57,28,7,1,31,0,1,0.0,106.06,106.06,1,1,0.7576255446817629,4
24.915894,67.051816,3.24,241,1,1,0,5,18,28,7,1,31,0,1,0.0,3.24,3.24,1,0,0.02314451032216587,1
24.923845,67.234128,109.68,320,1,1,0,4,30,28,7,1,31,0,1,0.0,109.68,109.68,1,1,0.783484534609615,4
25.030752,66.974595,91.91,15,1,1,0,7,2,28,7,1,31,0,0,0.0,91.91,91.91,1,0,0.6565468962068719,4
24.855138,67.293674,11.09,350,1,1,0,0,24,28,7,1,31,0,1,0.0,11.09,11.09,1,0,0.0792199442817344,1
24.833547,67.231694,33.11,189,1,1,0,9,44,28,7,1,31,0,0,0.0,33.11,33.11,1,0,0.23651689406386167,2
24.9439,67.050043,128.33,184,1,1,0,16,27,27,7,0,31,0,0,0.0,128.33,128.33,1,1,0.9167083363097365,4
24.953432,66.913054,13.96,148,1,1,0,20,2,27,7,0,31,0,1,0.0,13.96,13.96,1,0,0.099721408672048,1
24.987084,66.961399,10.86,183,1,1,0,4,52,28,7,1,31,0,1,0.0,10.86,10.86,1,0,0.07757696978355597,1
25.029137,67.225691,15.3,137,1,1,0,3,43,28,7,1,31,0,1,0.0,15.3,15.3,1,0,0.10929352096578326,1
24.812843,67.144583,8.54,115,1,1,0,9,13,28,7,1,31,0,0,0.0,8.54,8.54,1,0,0.061004357454103854,1
24.805496,67.00055,54.98,150,1,1,0,22,53,27,7,0,31,0,1,0.0,54.98,54.98,1,0,0.39274233873848124,2
24.88601,67.06732,37.56,265,1,1,0,9,1,28,7,1,31,0,0,0.0,37.56,37.56,1,0,0.26830487891992283,2
25.033763,67.132284,29.57,26,1,1,0,10,49,28,7,1,31,0,0,0.0,29.57,29.57,1,0,0.21122937352668048,1
24.904448,66.954288,95.33,109,1,1,0,3,23,28,7,1,31,0,1,0.0,95.33,95.33,1,0,0.6809772126580469,4
25.083216,67.049473,51.34,349,1,1,0,20,18,27,7,0,31,0,1,0.0,51.34,51.34,1,0,0.3667404814629616,2
24.908694,67.085684,110.25,219,1,1,0,12,46,27,7,0,31,0,0,0.0,110.25,110.25,1,1,0.7875562540181441,4
24.924999,67.079384,60.87,357,1,1,0,8,9,28,7,1,31,0,0,0.0,60.87,60.87,1,0,0.43481677262661617,3
25.054211,66.965672,121.54,128,1,1,0,20,12,27,7,0,31,0,1,0.0,121.54,121.54,1,1,0.8682048717765555,4
24.980274,67.28999,20.16,69,1,1,0,8,16,28,7,1,31,0,0,0.0,20.16,20.16,1,0,0.14401028644903208,1
24.983781,67.256863,14.46,188,1,1,0,22,25,27,7,0,31,0,1,0.0,14.46,14.46,1,0,0.10329309236374026,1
24.984893,67.009062,74.52,80,1,1,0,1,23,28,7,1,31,0,1,0.0,74.52,74.52,1,0,0.532323737409815,3
24.816923,67.024872,117.81,20,1,1,0,3,4,28,7,1,31,0,1,0.0,117.81,117.81,1,1,0.8415601114365311,4
24.91043,67.171231,112.99,274,1,1,0,5,55,28,7,1,31,0,1,0.0,112.99,112.99,1,1,0.8071290806486177,4
24.89031,67.067028,101.73,70,1,1,0,22,18,27,7,0,31,0,1,0.0,101.73,101.73,1,1,0.726694763911708,4
24.757328,67.175276,122.53,86,1,1,0,11,16,28,7,1,31,0,0,0.0,122.53,122.53,1,1,0.8752768054861061,4
24.892864,67.060969,133.18,235,1,1,0,21,38,27,7,0,31,0,1,0.0,133.18,133.18,1,1,0.9513536681191513,4
24.94794,67.073494,101.19,57,1,1,0,17,2,27,7,0,31,0,0,0.0,101.19,101.19,1,1,0.7228373455246803,4
25.057698,67.268465,138.42,323,1,1,0,11,3,28,7,1,31,0,0,0.0,138.42,138.42,1,1,0.9887849132080861,4
25.034775,66.977803,6.67,261,1,1,0,3,24,28,7,1,31,0,1,0.0,6.67,6.67,1,0,0.04764626044717479,1
25.064273,67.199992,66.44,235,1,1,0,6,59,28,7,1,31,0,0,0.0,66.44,66.44,1,0,0.474605328952068,3
24.966755,67.140081,104.32,32,1,1,0,18,52,27,7,0,31,0,0,0.0,104.32,104.32,1,1,0.7451960854346739,4
24.914656,67.092354,65.85,325,1,1,0,15,37,27,7,0,31,0,0,0.0,65.85,65.85,1,0,0.47039074219587107,3
24.811561,67.214197,103.66,248,1,1,0,16,36,27,7,0,31,0,0,0.0,103.66,103.66,1,1,0.7404814629616401,4
24.981667,67.247442,30.61,181,1,1,0,14,9,27,7,0,31,0,0,0.0,30.61,30.61,1,0,0.21865847560540036,2
25.044489,67.184749,91.93,42,1,1,0,1,59,28,7,1,31,0,1,0.0,91.93,91.93,1,0,0.6566897635545396,4
25.003778,67.131287,4.32,171,1,1,0,4,44,28,7,1,31,0,1,0.0,4.32,4.32,1,0,0.03085934709622116,1
24.992801,67.083297,37.03,251,1,1,0,2,26,28,7,1,31,0,1,0.0,37.03,37.03,1,0,0.264518894206729,2
24.951516,67.030403,22.41,201,1,1,0,23,5,27,7,0,31,0,1,0.0,22.41,22.41,1,0,0.16008286306164726,1
25.06979,67.194862,91.08,123,1,1,0,8,30,28,7,1,31,0,0,0.0,91.08,91.08,1,0,0.6506179012786627,4
24.799845,67.219749,33.85,66,1,1,0,0,19,28,7,1,31,0,1,0.0,33.85,33.85,1,0,0.24180298592756624,2
25.050451,67.050622,14.27,218,1,1,0,5,13,28,7,1,31,0,1,0.0,14.27,14.27,1,0,0.1019358525608972,1
25.097577,67.192653,36.83,59,1,1,0,22,28,27,7,0,31,0,1,0.0,36.83,36.83,1,0,0.2630902207300521,2
24.905921,67.194371,123.7,194,1,1,0,17,31,27,7,0,31,0,0,0.0,123.7,123.7,1,1,0.883634545324666,4
24.891876,67.215943,108.06,189,1,1,0,12,31,27,7,0,31,0,0,0.0,108.06,108.06,1,1,0.771912279448532,4
24.948787,66.94292,122.74,171,1,1,0,0,59,28,7,1,31,0,1,0.0,122.74,122.74,1,1,0.8767769126366168,4
24.846581,67.133731,84.66,44,1,1,0,7,28,28,7,1,31,0,0,0.0,84.66,84.66,1,0,0.604757482677334,3
24.802437,66.960724,32.11,57,1,1,0,14,41,27,7,0,31,0,0,0.0,32.11,32.11,1,0,0.22937352668047717,2
25.080295,67.297748,3.43,158,1,1,0,2,21,28,7,1,31,0,1,0.0,3.43,3.43,1,0,0.02450175012500893,1
25.082709,67.055404,100.33,147,1,1,0,11,56,27,7,0,31,0,0,0.0,100.33,100.33,1,1,0.7166940495749696,4
24.798037,67.084171,50.62,40,1,1,0,22,37,27,7,0,31,0,1,0.0,50.62,50.62,1,0,0.36159725694692474,2
24.973025,67.291257,86.58,299,1,1,0,6,26,28,7,1,31,0,0,0.0,86.58,86.58,1,0,0.6184727480534323,3
24.753652,67.28341,33.76,272,1,1,0,6,46,28,7,1,31,0,0,0.0,33.76,33.76,1,0,0.24116008286306162,2
25.04171,66.908292,130.43,298,1,1,0,12,51,27,7,0,31,0,0,0.0,130.43,130.43,1,1,0.9317094078148439,4
25.037959,67.260471,24.64,185,1,1,0,5,21,28,7,1,31,0,1,0.0,24.64,24.64,1,0,0.17601257232659476,1
24.851826,67.102995,57.68,209,1,1,0,9,8,28,7,1,31,0,0,0.0,57.68,57.68,1,0,0.4120294306736195,2
24.798983,67.295391,46.44,40,1,1,0,17,7,27,7,0,31,0,0,0.0,46.44,46.44,1,0,0.3317379812843774,2
24.931116,67.028804,79.05,69,1,1,0,15,52,27,7,0,31,0,0,0.0,79.05,79.05,1,0,0.5646831916565468,3
24.917249,67.020409,23.04,162,1,1,0,3,51,28,7,1,31,0,1,0.0,23.04,23.04,1,0,0.1645831845131795,1
25.024444,67.045366,132.72,237,1,1,0,15,23,27,7,0,31,0,0,0.0,132.72,132.72,1,1,0.9480677191227944,4
24.851014,66.949741,104.85,352,1,1,0,0,16,28,7,1,31,0,1,0.0,104.85,104.85,1,1,0.7489820701478677,4
25.066011,66.980863,15.71,274,1,1,0,5,53,28,7,1,31,0,1,0.0,15.71,15.71,1,0,0.11222230159297092,1
24.899493,66.914974,128.58,242,1,1,0,16,55,27,7,0,31,0,0,0.0,128.58,128.58,1,1,0.9184941781555825,4
24.91869,67.003128,125.51,195,1,1,0,12,16,27,7,0,31,0,0,0.0,125.51,125.51,1,1,0.896564040288592,4
24.876429,67.148002,103.67,232,1,1,0,18,31,27,7,0,31,0,0,0.0,103.67,103.67,1,1,0.740552896635474,4
25.015263,67.011483,80.39,144,1,1,0,7,47,28,7,1,31,0,0,0.0,80.39,80.39,1,0,0.5742553039502821,3
25.00223,67.162917,47.78,302,1,1,0,13,51,27,7,0,31,0,0,0.0,47.78,47.78,1,0,0.3413100935781127,2
24.970474,67.248348,5.88,185,1,1,0,5,38,28,7,1,31,0,1,0.0,5.88,5.88,1,0,0.04200300021430102,1
24.799524,67.280429,71.8,96,1,1,0,22,9,27,7,0,31,0,1,0.0,71.8,71.8,1,0,0.512893778127009,3
24.974559,67.070827,87.4,304,1,1,0,8,35,28,7,1,31,0,0,0.0,87.4,87.4,1,0,0.6243303093078078,3
25.016205,67.146491,9.09,79,1,1,0,17,20,27,7,0,31,0,0,0.0,9.09,9.09,1,0,0.06493320951496535,1
24.998898,67.217462,139.5,115,1,1,0,4,40,28,7,1,31,0,1,0.0,139.5,139.5,1,1,0.9964997499821415,4
25.099031,67.152896,120.85,251,1,1,0,5,1,28,7,1,31,0,1,0.0,120.85,120.85,1,1,0.86327594828202,4
24.945195,67.294974,40.63,157,1,1,0,6,15,28,7,1,31,0,0,0.0,40.63,40.63,1,0,0.2902350167869133,2
24.941972,67.007366,118.6,49,1,1,0,19,56,27,7,0,31,0,0,0.0,118.6,118.6,1,1,0.8472033716694048,4
24.949036,67.048198,57.03,61,1,1,0,20,18,27,7,0,31,0,1,0.0,57.03,57.03,1,0,0.4073862418744196,2
25.002979,67.183843,119.81,224,1,1,0,15,13,27,7,0,31,0,0,0.0,119.81,119.81,1,1,0.8558468462033002,4
25.007997,67.158413,19.27,143,1,1,0,20,58,27,7,0,31,0,1,0.0,19.27,19.27,1,0,0.13765268947781983,1
25.004513,67.244878,91.63,333,1,1,0,5,39,28,7,1,31,0,1,0.0,91.63,91.63,1,0,0.6545467533395242,4
24.955158,66.90671,56.58,328,1,1,0,12,49,27,7,0,31,0,0,0.0,56.58,56.58,1,0,0.40417172655189654,2
24.759383,67.146881,62.19,285,1,1,0,19,27,27,7,0,31,0,0,0.0,62.19,62.19,1,0,0.4442460175726837,3
24.944292,67.000633,123.8,179,1,1,0,2,58,28,7,1,31,0,1,0.0,123.8,123.8,1,1,0.8843488820630044,4
24.751949,67.035972,121.59,17,1,1,0,16,21,27,7,0,31,0,0,0.0,121.59,121.59,1,1,0.8685620401457247,4
24.984178,67.062849,33.94,35,1,1,0,22,14,27,7,0,31,0,1,0.0,33.94,33.94,1,0,0.24244588899207084,2
24.957717,67.042389,71.22,342,1,1,0,14,5,27,7,0,31,0,0,0.0,71.22,71.22,1,0,0.508750625044646,3
24.757605,66.934878,139.42,128,1,1,0,3,31,28,7,1,31,0,1,0.0,139.42,139.42,1,1,0.9959282805914706,4
24.884912,66.943428,82.68,103,1,1,0,16,19,27,7,0,31,0,0,0.0,82.68,82.68,1,0,0.5906136152582327,3
25.04142,67.282969,26.33,308,1,1,0,15,15,27,7,0,31,0,0,0.0,26.33,26.33,1,0,0.1880848632045146,1
24.980719,67.108134,111.75,162,1,1,0,1,33,28,7,1,31,0,1,0.0,111.75,111.75,1,1,0.7982713050932209,4
24.998273,67.069468,128.68,80,1,1,0,1,27,28,7,1,31,0,1,0.0,128.68,128.68,1,1,0.919208514893921,4
25.083878,67.282122,36.77,148,1,1,0,23,4,27,7,0,31,0,1,0.0,36.77,36.77,1,0,0.26266161868704907,2
24.878949,67.082602,16.3,299,1,1,0,5,39,28,7,1,31,0,1,0.0,16.3,16.3,1,0,0.1164368883491678,1
24.857587,67.134565,15.75,10,1,1,0,10,25,28,7,1,31,0,0,0.0,15.75,15.75,1,0,0.1125080362883063,1
24.839832,66.918987,113.66,357,1,1,0,7,6,28,7,1,31,0,0,0.0,113.66,113.66,1,1,0.8119151367954853,4
24.964023,67.171467,68.05,249,1,1,0,2,54,28,7,1,31,0,1,0.0,68.05,68.05,1,0,0.48610615043931704,3
24.790668,67.067469,98.17,35,1,1,0,12,28,27,7,0,31,0,0,0.0,98.17,98.17,1,0,0.701264376026859,4
24.864407,67.131831,68.65,285,1,1,0,16,27,27,7,0,31,0,0,0.0,68.65,68.65,1,0,0.49039217086934783,3
24.974027,66.911107,117.04,5,1,1,0,17,33,27,7,0,31,0,0,0.0,117.04,117.04,1,1,0.8360597185513251,4
24.85953,67.195627,48.3,339,1,1,0,21,59,27,7,0,31,0,1,0.0,48.3,48.3,1,0,0.3450246446174726,2
25.083306,66.96616,39.26,113,1,1,0,0,29,28,7,1,31,0,1,0.0,39.26,39.26,1,0,0.2804486034716765,2
25.025923,66.989112,105.54,267,1,1,0,6,34,28,7,1,31,0,0,0.0,105.54,105.54,1,1,0.753910993642403,4
24.785809,67.104605,115.4,339,1,1,0,21,43,27,7,0,31,0,1,0.0,115.4,115.4,1,1,0.8243445960425745,4
24.782892,66.932799,50.86,312,1,1,0,7,28,28,7,1,31,0,0,0.0,50.86,50.86,1,0,0.36331166511893703,2
24.86069,67.033497,12.09,39,1,1,0,14,3,27,7,0,31,0,0,0.0,12.09,12.09,1,0,0.08636331166511893,1
25.072802,67.035474,111.94,57,1,1,0,17,54,27,7,0,31,0,0,0.0,111.94,111.94,1,1,0.7996285448960639,4
24.938433,66.954245,50.73,142,1,1,0,10,10,28,7,1,31,0,0,0.0,50.73,50.73,1,0,0.36238302735909705,2
24.842814,67.095713,104.75,16,1,1,0,5,16,28,7,1,31,0,1,0.0,104.75,104.75,1,1,0.7482677334095292,4
24.920015,67.132004,36.15,196,1,1,0,14,10,27,7,0,31,0,0,0.0,36.15,36.15,1,0,0.2582327309093506,2
25.049237,66.948363,44.47,109,1,1,0,23,9,27,7,0,31,0,1,0.0,44.47,44.47,1,0,0.3176655475391099,2
24.866475,66.919405,24.27,313,1,1,0,15,53,27,7,0,31,0,0,0.0,24.27,24.27,1,0,0.17336952639474246,1
24.750721,67.159821,29.07,192,1,1,0,3,46,28,7,1,31,0,1,0.0,29.07,29.07,1,0,0.2076576898349882,1
24.874684,67.182792,46.66,200,1,1,0,4,25,28,7,1,31,0,1,0.0,46.66,46.66,1,0,0.333309522108722,2
25.096137,67.1158,82.73,46,1,1,0,4,55,28,7,1,31,0,1,0.0,82.73,82.73,1,0,0.590970783627402,3
24.923882,67.183357,26.53,96,1,1,0,6,6,28,7,1,31,0,0,0.0,26.53,26.53,1,0,0.1895135366811915,1
24.846487,67.035401,14.04,24,1,1,0,22,52,27,7,0,31,0,1,0.0,14.04,14.04,1,0,0.10029287806271875,1
25.090316,67.012846,135.76,64,1,1,0,19,23,27,7,0,31,0,0,0.0,135.76,135.76,1,1,0.9697835559682834,4
25.068736,67.042489,98.67,158,1,1,0,10,8,28,7,1,31,0,0,0.0,98.67,98.67,1,0,0.7048360597185513,4
25.043251,66.986508,59.89,78,1,1,0,18,8,27,7,0,31,0,0,0.0,59.89,59.89,1,0,0.4278162725908993,2
25.018671,67.075991,88.5,16,1,1,0,22,20,27,7,0,31,0,1,0.0,88.5,88.5,1,0,0.6321880134295307,3
24.870094,67.209519,93.01,27,1,1,0,10,57,28,7,1,31,0,0,0.0,93.01,93.01,1,0,0.6644046003285949,4
24.828652,67.066733,84.65,4,1,1,0,0,20,28,7,1,31,0,1,0.0,84.65,84.65,1,0,0.6046860490035002,3
24.899953,67.299943,49.41,188,1,1,0,22,23,27,7,0,31,0,1,0.0,49.41,49.41,1,0,0.35295378241302944,2
24.993709,67.280692,0.18,254,1,1,0,9,57,28,7,1,31,0,0,0.0,0.18,0.18,1,0,0.0012858061290092148,1
24.829998,66.939948,18.36,138,1,1,0,2,46,28,7,1,31,0,1,0.0,18.36,18.36,1,0,0.1311522251589399,1
25.093361,67.174252,4.27,185,1,1,0,13,52,27,7,0,31,0,0,0.0,4.27,4.27,1,0,0.030502178727051927,1
24.961605,66.911111,75.98,188,1,1,0,14,30,27,7,0,31,0,0,0.0,75.98,75.98,1,0,0.5427530537895564,3
25.029898,67.297592,57.36,41,1,1,0,19,13,27,7,0,31,0,0,0.0,57.36,57.36,1,0,0.40974355311093646,2
24.920317,67.00039,74.76,290,1,1,0,9,36,28,7,1,31,0,0,0.0,74.76,74.76,1,0,0.5340381455818273,3
25.04636,67.215814,95.69,113,1,1,0,4,16,28,7,1,31,0,1,0.0,95.69,95.69,1,0,0.6835488249160654,4
24.949918,67.277162,1.83,280,1,1,0,9,12,28,7,1,31,0,0,0.0,1.83,1.83,1,0,0.013072362311593685,1
24.786127,67.262561,97.08,326,1,1,0,9,33,28,7,1,31,0,0,0.0,97.08,97.08,1,0,0.6934781055789698,4
24.770957,67.170015,24.76,188,1,1,0,14,44,27,7,0,31,0,0,0.0,24.76,24.76,1,0,0.1768697764126009,1
25.031367,67.127159,122.38,217,1,1,0,14,0,27,7,0,31,0,0,0.0,122.38,122.38,1,1,0.8742053003785983,4
24.799783,66.923855,20.86,157,1,1,0,13,41,27,7,0,31,0,0,0.0,20.86,20.86,1,0,0.14901064361740124,1
24.81294,66.975566,93.32,288,1,1,0,8,15,28,7,1,31,0,0,0.0,93.32,93.32,1,0,0.666619044217444,4
24.812524,66.91251,6.13,54,1,1,0,17,40,27,7,0,31,0,0,0.0,6.13,6.13,1,0,0.04378884206014715,1
24.834325,67.219775,28.37,96,1,1,0,14,26,27,7,0,31,0,0,0.0,28.37,28.37,1,0,0.20265733266661903,1
24.882617,67.284503,95.0,333,1,1,0,5,59,28,7,1,31,0,1,0.0,95.0,95.0,1,0,0.6786199014215301,4
24.930553,67.151952,121.9,339,1,1,0,8,10,28,7,1,31,0,0,0.0,121.9,121.9,1,1,0.8707764840345739,4
24.88126,66.982167,73.16,161,1,1,0,20,27,27,7,0,31,0,1,0.0,73.16,73.16,1,0,0.522608757768412,3
24.760915,67.072686,15.36,302,1,1,0,20,59,27,7,0,31,0,1,0.0,15.36,15.36,1,0,0.10972212300878634,1
25.099683,67.084579,127.47,132,1,1,0,9,55,28,7,1,31,0,0,0.0,127.47,127.47,1,1,0.9105650403600256,4
24.780207,67.106008,40.67,93,1,1,0,7,0,28,7,1,31,0,0,0.0,40.67,40.67,1,0,0.2905207514822487,2
24.894627,66.992401,9.0,132,1,1,0,18,33,27,7,0,31,0,0,0.0,9.0,9.0,1,0,0.06429030645046074,1
24.768225,66.914605,98.49,315,1,1,0,10,29,28,7,1,31,0,0,0.0,98.49,98.49,1,0,0.703550253589542,4
24.974376,67.036229,48.08,127,1,1,0,2,39,28,7,1,31,0,1,0.0,48.08,48.08,1,0,0.34345310379312805,2
25.01046,67.190215,37.92,141,1,1,0,12,1,27,7,0,31,0,0,0.0,37.92,37.92,1,0,0.27087649117794127,2
24.763542,67.249801,34.16,255,1,1,0,18,25,27,7,0,31,0,0,0.0,34.16,34.16,1,0,0.24401742981641542,2
24.905964,67.145426,77.63,108,1,1,0,13,6,27,7,0,31,0,0,0.0,77.63,77.63,1,0,0.5545396099721408,3
24.836636,67.249924,103.04,16,1,1,0,18,58,27,7,0,31,0,0,0.0,103.04,103.04,1,1,0.7360525751839417,4
24.836155,67.099244,25.28,48,1,1,0,23,23,27,7,0,31,0,1,0.0,25.28,25.28,1,0,0.18058432745196085,1
24.782665,66.948986,72.23,51,1,1,0,13,26,27,7,0,31,0,0,0.0,72.23,72.23,1,0,0.5159654261018645,3
24.750706,67.153199,103.54,144,1,1,0,17,38,27,7,0,31,0,0,0.0,103.54,103.54,1,1,0.739624258875634,4
24.761898,67.225985,5.49,268,1,1,0,6,30,28,7,1,31,0,0,0.0,5.49,5.49,1,0,0.039217086934781056,1
24.983695,67.056476,134.27,357,1,1,0,7,26,28,7,1,31,0,0,0.0,134.27,134.27,1,1,0.9591399385670405,4
24.889778,67.276569,6.96,118,1,1,0,10,36,28,7,1,31,0,0,0.0,6.96,6.96,1,0,0.04971783698835631,1
25.029288,67.237576,67.09,237,1,1,0,14,31,27,7,0,31,0,0,0.0,67.09,67.09,1,0,0.4792485177512679,3
24.781604,67.036114,43.73,133,1,1,0,23,56,27,7,0,31,0,1,0.0,43.73,43.73,1,0,0.31237945567540537,2
24.854421,67.00375,36.55,167,1,1,0,20,54,27,7,0,31,0,1,0.0,36.55,36.55,1,0,0.26109007786270444,2
25.043525,67.183227,95.11,306,1,1,0,8,32,28,7,1,31,0,0,0.0,95.11,95.11,1,0,0.6794056718337024,4
24.915522,67.166573,111.51,186,1,1,0,23,7,27,7,0,31,0,1,0.0,111.51,111.51,1,1,0.7965568969212087,4
24.759573,67.261017,117.43,276,1,1,0,15,46,27,7,0,31,0,0,0.0,117.43,117.43,1,1,0.838845631830845,4
25.018489,67.06943,40.11,205,1,1,0,8,21,28,7,1,31,0,0,0.0,40.11,40.11,1,0,0.28652046574755335,2
24.899083,67.171263,87.31,327,1,1,0,19,57,27,7,0,31,0,0,0.0,87.31,87.31,1,0,0.6236874062433031,3
25.006983,66.908329,60.33,154,1,1,0,6,50,28,7,1,31,0,0,0.0,60.33,60.33,1,0,0.4309593542395885,3
24.824425,67.089342,120.86,80,1,1,0,14,59,27,7,0,31,0,0,0.0,120.86,120.86,1,1,0.8633473819558539,4
24.902943,66.942945,42.8,215,1,1,0,0,57,28,7,1,31,0,1,0.0,42.8,42.8,1,0,0.30573612400885775,2
24.900888,67.220825,73.15,92,1,1,0,23,47,27,7,0,31,0,1,0.0,73.15,73.15,1,0,0.5225373240945782,3
24.896223,67.056975,118.19,190,1,1,0,10,53,28,7,1,31,0,0,0.0,118.19,118.19,1,1,0.8442745910422172,4
25.034978,67.208363,31.42,57,1,1,0,0,50,28,7,1,31,0,1,0.0,31.42,31.42,1,0,0.22444460318594184,2
24.977244,66.974669,32.38,200,1,1,0,9,50,28,7,1,31,0,0,0.0,32.38,32.38,1,0,0.231302235873991,2
24.874581,67.120619,103.45,211,1,1,0,12,31,27,7,0,31,0,0,0.0,103.45,103.45,1,1,0.7389813558111293,4
25.068406,67.032193,10.37,357,1,1,0,17,22,27,7,0,31,0,0,0.0,10.37,10.37,1,0,0.07407671976569755,1
24.924889,67.285982,110.98,230,1,1,0,10,45,28,7,1,31,0,0,0.0,110.98,110.98,1,1,0.7927709122080149,4
25.039992,67.220533,26.97,295,1,1,0,19,43,27,7,0,31,0,0,0.0,26.97,26.97,1,0,0.19265661832988068,1
24.95536,66.933046,46.84,168,1,1,0,9,59,28,7,1,31,0,0,0.0,46.84,46.84,1,0,0.33459532823773125,2
24.994569,67.238714,39.47,353,1,1,0,2,46,28,7,1,31,0,1,0.0,39.47,39.47,1,0,0.2819487106221873,2
24.835659,67.219916,122.09,313,1,1,0,15,51,27,7,0,31,0,0,0.0,122.09,122.09,1,1,0.8721337238374169,4
24.920223,67.197876,124.38,240,1,1,0,17,48,27,7,0,31,0,0,0.0,124.38,124.38,1,1,0.8884920351453675,4
24.845514,67.163583,97.25,247,1,1,0,12,0,27,7,0,31,0,0,0.0,97.25,97.25,1,0,0.6946924780341452,4
24.808986,67.272074,5.93,268,1,1,0,3,9,28,7,1,31,0,1,0.0,5.93,5.93,1,0,0.04236016858347024,1
24.994235,66.936217,54.84,195,1,1,0,1,4,28,7,1,31,0,1,0.0,54.84,54.84,1,0,0.3917422673048075,2
25.082791,67.242863,27.8,109,1,1,0,11,14,28,7,1,31,0,0,0.0,27.8,27.8,1,0,0.19858561325808985,1
24.861834,67.006867,90.02,295,1,1,0,13,44,27,7,0,31,0,0,0.0,90.02,90.02,1,0,0.6430459318522751,4
24.956954,67.005767,125.57,34,1,1,0,6,12,28,7,1,31,0,0,0.0,125.57,125.57,1,1,0.896992642331595,4
24.994776,66.974238,76.11,95,1,1,0,20,36,27,7,0,31,0,1,0.0,76.11,76.11,1,0,0.5436816915493964,3
25.019021,67.078503,58.74,320,1,1,0,4,46,28,7,1,31,0,1,0.0,58.74,58.74,1,0,0.4196014001000071,2
24.876512,66.963687,47.18,86,1,1,0,23,36,27,7,0,31,0,1,0.0,47.18,47.18,1,0,0.33702407314808197,2
24.919215,67.249552,21.57,158,1,1,0,23,26,27,7,0,31,0,1,0.0,21.57,21.57,1,0,0.15408243445960426,1
25.097543,67.078674,51.61,195,1,1,0,15,8,27,7,0,31,0,0,0.0,51.61,51.61,1,0,0.3686691906564754,2
24.905787,67.148833,71.03,275,1,1,0,6,58,28,7,1,31,0,0,0.0,71.03,71.03,1,0,0.507393385241803,3
25.025281,67.260957,106.34,94,1,1,0,22,13,27,7,0,31,0,1,0.0,106.34,106.34,1,1,0.7596256875491106,4
24.760859,67.223516,75.2,170,1,1,0,2,18,28,7,1,31,0,1,0.0,75.2,75.2,1,0,0.5371812272305164,3
24.917871,67.00752,45.35,143,1,1,0,14,26,27,7,0,31,0,0,0.0,45.35,45.35,1,0,0.3239517108364883,2
24.915668,67.097916,125.0,330,1,1,0,22,43,27,7,0,31,0,1,0.0,125.0,125.0,1,1,0.8929209229230659,4
24.775885,67.070837,5.05,243,1,1,0,16,2,27,7,0,31,0,0,0.0,5.05,5.05,1,0,0.03607400528609186,1
24.986974,67.299216,9.08,190,1,1,0,0,58,28,7,1,31,0,1,0.0,9.08,9.08,1,0,0.06486177584113151,1
24.976219,67.023573,87.95,225,1,1,0,10,8,28,7,1,31,0,0,0.0,87.95,87.95,1,0,0.6282591613686692,3
25.028397,67.236274,61.25,94,1,1,0,3,30,28,7,1,31,0,1,0.0,61.25,61.25,1,0,0.43753125223230227,3
24.921153,67.233769,134.71,344,1,1,0,21,4,27,7,0,31,0,1,0.0,134.71,134.71,1,1,0.9622830202157296,4
24.785495,67.069026,68.66,78,1,1,0,13,50,27,7,0,31,0,0,0.0,68.66,68.66,1,0,0.4904636045431816,3
24.776596,67.248148,130.47,292,1,1,0,13,6,27,7,0,31,0,0,0.0,130.47,130.47,1,1,0.9319951425101792,4
25.041631,67.107641,0.32,176,1,1,0,19,44,27,7,0,31,0,0,0.0,0.32,0.32,1,0,0.0022858775626830486,1
24.835404,67.060754,43.26,293,1,1,0,2,54,28,7,1,31,0,1,0.0,43.26,43.26,1,0,0.3090220730052146,2
25.022224,66.958636,120.64,75,1,1,0,21,7,27,7,0,31,0,1,0.0,120.64,120.64,1,1,0.8617758411315093,4
24.864633,66.926949,57.72,17,1,1,0,14,34,27,7,0,31,0,0,0.0,57.72,57.72,1,0,0.4123151653689549,2
24.841362,67.108891,23.21,101,1,1,0,2,30,28,7,1,31,0,1,0.0,23.21,23.21,1,0,0.16579755696835488,1
25.028558,66.988212,23.42,16,1,1,0,1,20,28,7,1,31,0,1,0.0,23.42,23.42,1,0,0.16729766411886562,1
24.823928,66.9961,114.82,0,1,1,0,22,19,27,7,0,31,0,1,0.0,114.82,114.82,1,1,0.8202014429602114,4
24.963288,67.155604,95.18,311,1,1,0,3,54,28,7,1,31,0,1,0.0,95.18,95.18,1,0,0.6799057075505394,4
25.076509,67.224288,128.27,39,1,1,0,11,16,28,7,1,31,0,0,0.0,128.27,128.27,1,1,0.9162797342667334,4
24.810668,67.067161,3.48,28,1,1,0,14,59,27,7,0,31,0,0,0.0,3.48,3.48,1,0,0.024858918494178154,1
24.854425,66.921625,121.45,77,1,1,0,6,21,28,7,1,31,0,0,0.0,121.45,121.45,1,1,0.8675619687120508,4
24.787274,66.959189,42.05,114,1,1,0,3,22,28,7,1,31,0,1,0.0,42.05,42.05,1,0,0.3003785984713193,2
24.946555,67.031858,77.89,62,1,1,0,20,23,27,7,0,31,0,1,0.0,77.89,77.89,1,0,0.5563968854918208,3
24.942932,66.977455,53.53,121,1,1,0,2,56,28,7,1,31,0,1,0.0,53.53,53.53,1,0,0.38238445603257376,2
24.83763,67.035716,42.99,248,1,1,0,0,44,28,7,1,31,0,1,0.0,42.99,42.99,1,0,0.3070933638117008,2
25.01804,67.191218,133.55,114,1,1,0,8,11,28,7,1,31,0,0,0.0,133.55,133.55,1,1,0.9539967140510036,4
24.812705,67.214649,91.33,66,1,1,0,4,21,28,7,1,31,0,1,0.0,91.33,91.33,1,0,0.6524037431245089,4
24.884606,67.266078,46.94,225,1,1,0,12,37,27,7,0,31,0,0,0.0,46.94,46.94,1,0,0.3353096649760697,2
24.890644,67.096033,79.48,130,1,1,0,14,12,27,7,0,31,0,0,0.0,79.48,79.48,1,0,0.5677548396314023,3
24.861816,67.163158,111.48,301,1,1,0,14,40,27,7,0,31,0,0,0.0,111.48,111.48,1,1,0.7963425958997071,4
25.03978,66.973265,77.39,266,1,1,0,23,12,27,7,0,31,0,1,0.0,77.39,77.39,1,0,0.5528252018001285,3
25.085941,67.194385,71.56,337,1,1,0,8,15,28,7,1,31,0,0,0.0,71.56,71.56,1,0,0.5111793699549968,3
25.063495,67.000032,76.05,195,1,1,0,10,53,28,7,1,31,0,0,0.0,76.05,76.05,1,0,0.5432530895063933,3
24.830043,66.900317,25.28,240,1,1,0,2,34,28,7,1,31,0,1,0.0,25.28,25.28,1,0,0.18058432745196085,1
25.029597,67.021177,77.44,230,1,1,0,19,14,27,7,0,31,0,0,0.0,77.44,77.44,1,0,0.5531823701692977,3
24.75102,67.12557,99.07,294,1,1,0,14,42,27,7,0,31,0,0,0.0,99.07,99.07,1,0,0.7076934066719051,4
24.863874,67.13152,76.56,37,1,1,0,13,6,27,7,0,31,0,0,0.0,76.56,76.56,1,0,0.5468962068719194,3
24.815285,67.142865,129.49,126,1,1,0,20,31,27,7,0,31,0,1,0.0,129.49,129.49,1,1,0.9249946424744625,4
24.952874,67.046017,48.35,257,1,1,0,15,52,27,7,0,31,0,0,0.0,48.35,48.35,1,0,0.3453818129866419,2
24.865797,66.921229,128.1,227,1,1,0,1,16,28,7,1,31,0,1,0.0,128.1,128.1,1,1,0.9150653618115578,4
24.962009,67.066338,21.45,281,1,1,0,18,12,27,7,0,31,0,0,0.0,21.45,21.45,1,0,0.1532252303735981,1
25.028921,67.291979,45.4,137,1,1,0,9,38,28,7,1,31,0,0,0.0,45.4,45.4,1,0,0.32430887920565754,2
24.809884,67.274003,22.35,166,1,1,0,13,34,27,7,0,31,0,0,0.0,22.35,22.35,1,0,0.1596542610186442,1
25.087233,66.925392,38.49,321,1,1,0,18,33,27,7,0,31,0,0,0.0,38.49,38.49,1,0,0.27494821058647045,2
24.968131,67.0262,43.06,228,1,1,0,18,3,27,7,0,31,0,0,0.0,43.06,43.06,1,0,0.30759339952853776,2
25.079069,67.225264,80.27,321,1,1,0,19,37,27,7,0,31,0,0,0.0,80.27,80.27,1,0,0.5733980998642759,3
25.047239,67.000768,41.0,236,1,1,0,21,19,27,7,0,31,0,1,0.0,41.0,41.0,1,0,0.2928780627187656,2
24.827875,66.989439,101.98,333,1,1,0,0,10,28,7,1,31,0,1,0.0,101.98,101.98,1,1,0.7284806057575541,4
24.931795,67.143135,21.37,72,1,1,0,3,4,28,7,1,31,0,1,0.0,21.37,21.37,1,0,0.15265376098292735,1
24.818019,67.163205,8.91,224,1,1,0,10,25,28,7,1,31,0,0,0.0,8.91,8.91,1,0,0.06364740338595613,1
24.784264,67.159007,119.86,52,1,1,0,5,19,28,7,1,31,0,1,0.0,119.86,119.86,1,1,0.8562040145724694,4
24.964758,67.290971,43.96,133,1,1,0,16,5,27,7,0,31,0,0,0.0,43.96,43.96,1,0,0.31402243017358383,2
24.805972,66.972933,95.23,204,1,1,0,7,53,28,7,1,31,0,0,0.0,95.23,95.23,1,0,0.6802628759197086,4
24.986999,66.965742,118.89,124,1,1,0,16,33,27,7,0,31,0,0,0.0,118.89,118.89,1,1,0.8492749482105865,4
25.097625,67.025308,72.79,5,1,1,0,11,2,28,7,1,31,0,0,0.0,72.79,72.79,1,0,0.5199657118365598,3
25.044107,67.170996,36.65,142,1,1,0,5,32,28,7,1,31,0,1,0.0,36.65,36.65,1,0,0.2618044146010429,2
24.822651,66.923529,37.35,298,1,1,0,20,16,27,7,0,31,0,1,0.0,37.35,37.35,1,0,0.2668047717694121,2
24.996132,66.914719,29.48,30,1,1,0,13,57,27,7,0,31,0,0,0.0,29.48,29.48,1,0,0.21058647046217585,1
24.885843,67.27728,94.53,227,1,1,0,15,45,27,7,0,31,0,0,0.0,94.53,94.53,1,0,0.6752625187513394,4
24.843191,66.93341,59.46,297,1,1,0,11,1,28,7,1,31,0,0,0.0,59.46,59.46,1,0,0.424744624616044,2
24.77414,67.038784,119.64,130,1,1,0,15,46,27,7,0,31,0,0,0.0,119.64,119.64,1,1,0.8546324737481248,4
24.959691,67.03866,82.31,23,1,1,0,6,48,28,7,1,31,0,0,0.0,82.31,82.31,1,0,0.5879705693263805,3
24.875082,67.079119,25.68,65,1,1,0,1,56,28,7,1,31,0,1,0.0,25.68,25.68,1,0,0.18344167440531464,1
24.839364,66.903759,64.56,238,1,1,0,0,52,28,7,1,31,0,1,0.0,64.56,64.56,1,0,0.46117579827130506,3
24.804449,66.948576,89.46,1,1,1,0,2,37,28,7,1,31,0,1,0.0,89.46,89.46,1,0,0.6390456461175797,3
24.913569,66.941384,51.38,28,1,1,0,18,11,27,7,0,31,0,0,0.0,51.38,51.38,1,0,0.367026216158297,2
25.039354,67.13313,41.86,81,1,1,0,21,19,27,7,0,31,0,1,0.0,41.86,41.86,1,0,0.2990213586684763,2
25.074081,67.232163,79.68,7,1,1,0,9,53,28,7,1,31,0,0,0.0,79.68,79.68,1,0,0.5691835131080791,3
24.886441,67.176145,45.72,107,1,1,0,21,7,27,7,0,31,0,1,0.0,45.72,45.72,1,0,0.32659475676834054,2
24.755854,67.188877,74.51,274,1,1,0,0,54,28,7,1,31,0,1,0.0,74.51,74.51,1,0,0.5322523037359811,3
24.792431,67.047493,57.58,53,1,1,0,16,59,27,7,0,31,0,0,0.0,57.58,57.58,1,0,0.41131509393528104,2
24.93449,67.123502,14.38,104,1,1,0,17,44,27,7,0,31,0,0,0.0,14.38,14.38,1,0,0.1027216229730695,1
24.852105,67.110692,122.8,191,1,1,0,23,26,27,7,0,31,0,1,0.0,122.8,122.8,1,1,0.8772055146796199,4
24.75881,66.981989,53.45,236,1,1,0,15,44,27,7,0,31,0,0,0.0,53.45,53.45,1,0,0.381812986641903,2
25.0707,67.014968,75.55,83,1,1,0,2,54,28,7,1,31,0,1,0.0,75.55,75.55,1,0,0.539681405814701,3
25.052486,67.150887,88.94,77,1,1,0,19,20,27,7,0,31,0,0,0.0,88.94,88.94,1,0,0.6353310950782198,3
25.023007,66.975181,121.5,142,1,1,0,19,56,27,7,0,31,0,0,0.0,121.5,121.5,1,1,0.86791913708122,4
25.087211,67.193949,2.42,38,1,1,0,16,23,27,7,0,31,0,0,0.0,2.42,2.42,1,0,0.017286949067790554,1
24.972516,67.188185,121.66,331,1,1,0,16,41,27,7,0,31,0,0,0.0,121.66,121.66,1,1,0.8690620758625616,4
24.833893,67.248216,55.1,140,1,1,0,12,29,27,7,0,31,0,0,0.0,55.1,55.1,1,0,0.39359954282448745,2
24.964684,66.995226,13.69,352,1,1,0,19,58,27,7,0,31,0,0,0.0,13.69,13.69,1,0,0.09779269947853417,1
24.946445,66.995038,121.08,356,1,1,0,0,52,28,7,1,31,0,1,0.0,121.08,121.08,1,1,0.8649189227801986,4
24.970643,67.185237,7.13,212,1,1,0,17,18,27,7,0,31,0,0,0.0,7.13,7.13,1,0,0.050932209443531676,1
24.885906,66.907718,3.56,235,1,1,0,22,41,27,7,0,31,0,1,0.0,3.56,3.56,1,0,0.025430387884848915,1
24.88935,66.982512,63.11,340,1,1,0,0,40,28,7,1,31,0,1,0.0,63.11,63.11,1,0,0.4508179155653975,3
24.801935,67.015383,17.67,300,1,1,0,2,18,28,7,1,31,0,1,0.0,17.67,17.67,1,0,0.1262233016644046,1
24.811691,67.253981,117.18,333,1,1,0,17,26,27,7,0,31,0,0,0.0,117.18,117.18,1,1,0.837059789984999,4
24.889785,67.070527,3.62,214,1,1,0,13,33,27,7,0,31,0,0,0.0,3.62,3.62,1,0,0.02585898992785199,1
25.021028,67.238592,82.13,186,1,1,0,8,42,28,7,1,31,0,0,0.0,82.13,82.13,1,0,0.5866847631973712,3
24.805159,67.147492,34.94,276,1,1,0,13,1,27,7,0,31,0,0,0.0,34.94,34.94,1,0,0.24958925637545537,2
24.808449,67.156496,69.66,226,1,1,0,2,31,28,7,1,31,0,1,0.0,69.66,69.66,1,0,0.4976069719265661,3
25.03317,67.294339,48.88,268,1,1,0,13,33,27,7,0,31,0,0,0.0,48.88,48.88,1,0,0.3491677976998357,2
24.893499,67.29583,79.4,13,1,1,0,20,21,27,7,0,31,0,1,0.0,79.4,79.4,1,0,0.5671833702407315,3
24.94449,67.184946,102.41,164,1,1,0,15,10,27,7,0,31,0,0,0.0,102.41,102.41,1,1,0.7315522537324094,4
25.017589,66.906006,27.06,138,1,1,0,20,18,27,7,0,31,0,1,0.0,27.06,27.06,1,0,0.1932995213943853,1
24.885213,66.970671,49.24,131,1,1,0,10,17,28,7,1,31,0,0,0.0,49.24,49.24,1,0,0.35173940995785413,2
25.057749,66.918078,92.51,180,1,1,0,14,50,27,7,0,31,0,0,0.0,92.51,92.51,1,0,0.6608329166369026,4
25.045072,67.055539,70.26,56,1,1,0,7,25,28,7,1,31,0,0,0.0,70.26,70.26,1,0,0.5018929923565969,3
24.832864,67.175769,13.22,288,1,1,0,2,39,28,7,1,31,0,1,0.0,13.22,13.22,1,0,0.09443531680834345,1
24.837246,67.09094,114.19,54,1,1,0,23,48,27,7,0,31,0,1,0.0,114.19,114.19,1,1,0.8157011215086791,4
24.914336,67.063996,130.18,232,1,1,0,0,52,28,7,1,31,0,1,0.0,130.18,130.18,1,1,0.9299235659689977,4
24.762554,66.994042,101.49,225,1,1,0,11,41,27,7,0,31,0,0,0.0,101.49,101.49,1,1,0.7249803557396957,4
24.813818,67.237203,62.68,139,1,1,0,16,34,27,7,0,31,0,0,0.0,62.68,62.68,1,0,0.44774626759054215,3
24.805728,67.126543,106.01,289,1,1,0,6,1,28,7,1,31,0,0,0.0,106.01,106.01,1,1,0.7572683763125937,4
24.820417,66.964836,61.25,270,1,1,0,4,21,28,7,1,31,0,1,0.0,61.25,61.25,1,0,0.43753125223230227,3
24.806542,67.140563,67.09,205,1,1,0,3,22,28,7,1,31,0,1,0.0,67.09,67.09,1,0,0.4792485177512679,3
24.906542,67.01777,109.17,94,1,1,0,10,7,28,7,1,31,0,0,0.0,109.17,109.17,1,1,0.7798414172440888,4
24.763738,67.054959,75.3,322,1,1,0,9,33,28,7,1,31,0,0,0.0,75.3,75.3,1,0,0.5378955639688549,3
24.840837,67.255051,86.14,3,1,1,0,0,22,28,7,1,31,0,1,0.0,86.14,86.14,1,0,0.6153296664047432,3
24.944515,67.024642,0.05,313,1,1,0,13,43,27,7,0,31,0,0,0.0,0.05,0.05,1,0,0.0003571683691692264,1
24.77745,66.98993,100.46,293,1,1,0,23,29,27,7,0,31,0,1,0.0,100.46,100.46,1,1,0.7176226873348095,4
25.094086,66.940725,42.21,274,1,1,0,14,37,27,7,0,31,0,0,0.0,42.21,42.21,1,0,0.3015215372526609,2
25.059699,67.176731,138.1,240,1,1,0,20,17,27,7,0,31,0,1,0.0,138.1,138.1,1,1,0.9864990356454031,4
24.777736,67.180295,121.82,102,1,1,0,7,2,28,7,1,31,0,0,0.0,121.82,121.82,1,1,0.870205014643903,4
24.869511,66.986327,3.69,5,1,1,0,18,59,27,7,0,31,0,0,0.0,3.69,3.69,1,0,0.026359025644688904,1
24.929685,66.901948,5.22,52,1,1,0,7,18,28,7,1,31,0,0,0.0,5.22,5.22,1,0,0.037288377741267226,1
24.937855,66.953762,137.67,308,1,1,0,12,9,27,7,0,31,0,0,0.0,137.67,137.67,1,1,0.9834273876705477,4
24.889354,67.286599,18.03,291,1,1,0,14,6,27,7,0,31,0,0,0.0,18.03,18.03,1,0,0.12879491392242304,1
24.973043,67.264841,6.04,226,1,1,0,18,12,27,7,0,31,0,0,0.0,6.04,6.04,1,0,0.04314593899564254,1
24.930139,66.91975,137.68,295,1,1,0,15,4,27,7,0,31,0,0,0.0,137.68,137.68,1,1,0.9834988213443817,4
24.857222,67.230294,79.24,265,1,1,0,20,22,27,7,0,31,0,1,0.0,79.24,79.24,1,0,0.5660404314593899,3
24.823408,67.282417,126.37,81,1,1,0,7,49,28,7,1,31,0,0,0.0,126.37,126.37,1,1,0.9027073362383027,4
24.79353,67.283586,125.93,66,1,1,0,23,19,27,7,0,31,0,1,0.0,125.93,125.93,1,1,0.8995642545896135,4
24.816488,67.174392,112.31,277,1,1,0,15,13,27,7,0,31,0,0,0.0,112.31,112.31,1,1,0.8022715908279162,4
25.088943,67.08074,24.27,313,1,1,0,17,56,27,7,0,31,0,0,0.0,24.27,24.27,1,0,0.17336952639474246,1
25.048879,66.913891,41.84,292,1,1,0,16,32,27,7,0,31,0,0,0.0,41.84,41.84,1,0,0.2988784913208086,2
24.980363,66.934848,90.1,7,1,1,0,1,54,28,7,1,31,0,1,0.0,90.1,90.1,1,0,0.6436174012429459,4
24.81062,67.220346,66.37,114,1,1,0,2,9,28,7,1,31,0,1,0.0,66.37,66.37,1,0,0.4741052932352311,3
24.886273,67.283593,116.14,213,1,1,0,11,47,27,7,0,31,0,0,0.0,116.14,116.14,1,1,0.8296306879062789,4
24.891027,67.228026,37.91,195,1,1,0,16,8,27,7,0,31,0,0,0.0,37.91,37.91,1,0,0.2708050575041074,2
24.762927,66.935669,82.98,93,1,1,0,13,57,27,7,0,31,0,0,0.0,82.98,82.98,1,0,0.592756625473248,3
24.962003,67.172641,92.31,178,1,1,0,0,43,28,7,1,31,0,1,0.0,92.31,92.31,1,0,0.6594042431602257,4
24.941453,67.046363,27.21,259,1,1,0,7,33,28,7,1,31,0,0,0.0,27.21,27.21,1,0,0.19437102650189297,1
24.824714,66.983735,65.36,203,1,1,0,3,59,28,7,1,31,0,1,0.0,65.36,65.36,1,0,0.4668904921780127,3
24.786939,67.284315,118.94,325,1,1,0,18,36,27,7,0,31,0,0,0.0,118.94,118.94,1,1,0.8496321165797557,4
25.074885,67.214889,69.41,167,1,1,0,14,5,27,7,0,31,0,0,0.0,69.41,69.41,1,0,0.49582113008072,3
25.067461,67.021275,30.38,7,1,1,0,3,38,28,7,1,31,0,1,0.0,30.38,30.38,1,0,0.21701550110722193,2
24.882621,67.106041,79.0,213,1,1,0,18,59,27,7,0,31,0,0,0.0,79.0,79.0,1,0,0.5643260232873777,3
25.019054,67.160919,39.96,118,1,1,0,15,52,27,7,0,31,0,0,0.0,39.96,39.96,1,0,0.2854489606400457,2
25.018523,67.133412,115.81,229,1,1,0,8,23,28,7,1,31,0,0,0.0,115.81,115.81,1,1,0.8272733766697621,4
25.046058,67.13757,98.69,153,1,1,0,17,37,27,7,0,31,0,0,0.0,98.69,98.69,1,0,0.704978927066219,4
24.853845,67.067076,97.4,301,1,1,0,2,57,28,7,1,31,0,1,0.0,97.4,97.4,1,0,0.695763983141653,4
24.842859,67.121684,24.26,310,1,1,0,18,24,27,7,0,31,0,0,0.0,24.26,24.26,1,0,0.17329809272090863,1
24.766435,67.268203,135.98,192,1,1,0,1,22,28,7,1,31,0,1,0.0,135.98,135.98,1,1,0.9713550967926279,4
25.041168,67.108312,89.36,198,1,1,0,12,7,27,7,0,31,0,0,0.0,89.36,89.36,1,0,0.6383313093792413,3
24.864234,67.021106,21.09,313,1,1,0,11,1,28,7,1,31,0,0,0.0,21.09,21.09,1,0,0.15065361811557967,1
25.004865,67.149076,122.78,188,1,1,0,13,3,27,7,0,31,0,0,0.0,122.78,122.78,1,1,0.8770626473319523,4
25.029412,67.011374,95.06,341,1,1,0,0,21,28,7,1,31,0,1,0.0,95.06,95.06,1,0,0.6790485034645332,4
25.038432,67.156125,88.22,152,1,1,0,9,23,28,7,1,31,0,0,0.0,88.22,88.22,1,0,0.630187870562183,3
24.805662,67.281132,93.55,175,1,1,0,17,16,27,7,0,31,0,0,0.0,93.55,93.55,1,0,0.6682620187156225,4
25.090962,67.265144,139.89,65,1,1,0,8,14,28,7,1,31,0,0,0.0,139.89,139.89,1,1,0.9992856632616613,4
25.029914,67.237813,102.84,318,1,1,0,3,48,28,7,1,31,0,1,0.0,102.84,102.84,1,1,0.7346239017072648,4
24.946235,66.953349,36.27,122,1,1,0,5,23,28,7,1,31,0,1,0.0,36.27,36.27,1,0,0.2590899349953568,2
24.949155,67.246677,23.57,322,1,1,0,10,44,28,7,1,31,0,0,0.0,23.57,23.57,1,0,0.1683691692263733,1
24.985102,67.053329,118.53,82,1,1,0,14,52,27,7,0,31,0,0,0.0,118.53,118.53,1,1,0.846703335952568,4
24.864577,67.125784,24.74,146,1,1,0,20,52,27,7,0,31,0,1,0.0,24.74,24.74,1,0,0.17672690906493319,1
24.819594,67.010874,92.96,261,1,1,0,4,19,28,7,1,31,0,1,0.0,92.96,92.96,1,0,0.6640474319594256,4
24.975139,67.087829,82.9,293,1,1,0,14,40,27,7,0,31,0,0,0.0,82.9,82.9,1,0,0.5921851560825774,3
24.842343,67.033911,55.12,227,1,1,0,11,28,27,7,0,31,0,0,0.0,55.12,55.12,1,0,0.3937424101721551,2
24.861717,67.12925,26.27,188,1,1,0,14,52,27,7,0,31,0,0,0.0,26.27,26.27,1,0,0.18765626116151152,1
24.82221,67.131052,72.23,232,1,1,0,23,51,27,7,0,31,0,1,0.0,72.23,72.23,1,0,0.5159654261018645,3
24.876876,67.047365,87.16,127,1,1,0,5,37,28,7,1,31,0,1,0.0,87.16,87.16,1,0,0.6226159011357953,3
24.765545,67.215132,89.39,154,1,1,0,6,53,28,7,1,31,0,0,0.0,89.39,89.39,1,0,0.6385456104007429,3
24.98439,66.975341,38.99,313,1,1,0,6,16,28,7,1,31,0,0,0.0,38.99,38.99,1,0,0.2785198942781627,2
25.019228,67.055921,21.34,132,1,1,0,5,32,28,7,1,31,0,1,0.0,21.34,21.34,1,0,0.1524394599614258,1
25.055711,67.193174,52.06,60,1,1,0,10,17,28,7,1,31,0,0,0.0,52.06,52.06,1,0,0.3718837059789985,2
24.963926,67.183996,60.8,19,1,1,0,20,7,27,7,0,31,0,1,0.0,60.8,60.8,1,0,0.43431673690977923,3
24.849681,67.19189,29.72,330,1,1,0,20,43,27,7,0,31,0,1,0.0,29.72,29.72,1,0,0.21230087863418814,1
25.039261,66.910308,64.15,252,1,1,0,15,41,27,7,0,31,0,0,0.0,64.15,64.15,1,0,0.45824701764411746,3
24.83894,66.901639,111.58,288,1,1,0,3,33,28,7,1,31,0,1,0.0,111.58,111.58,1,1,0.7970569326380456,4
25.037635,67.062265,114.96,334,1,1,0,4,28,28,7,1,31,0,1,0.0,114.96,114.96,1,1,0.8212015143938852,4
25.066677,67.178657,112.02,163,1,1,0,15,15,27,7,0,31,0,0,0.0,112.02,112.02,1,1,0.8002000142867347,4
24.884549,67.142793,95.45,157,1,1,0,12,38,27,7,0,31,0,0,0.0,95.45,95.45,1,0,0.6818344167440531,4
25.014904,66.982048,83.46,289,1,1,0,20,33,27,7,0,31,0,1,0.0,83.46,83.46,1,0,0.5961854418172726,3
24.886348,67.138077,117.94,157,1,1,0,23,54,27,7,0,31,0,1,0.0,117.94,117.94,1,1,0.8424887491963711,4
24.819539,67.102186,62.08,88,1,1,0,12,13,27,7,0,31,0,0,0.0,62.08,62.08,1,0,0.4434602471605114,3
25.064077,67.221279,129.24,41,1,1,0,14,10,27,7,0,31,0,0,0.0,129.24,129.24,1,1,0.9232088006286163,4
24.844117,67.287594,42.19,5,1,1,0,3,3,28,7,1,31,0,1,0.0,42.19,42.19,1,0,0.3013786699049932,2
24.90885,66.98693,9.05,303,1,1,0,6,51,28,7,1,31,0,0,0.0,9.05,9.05,1,0,0.06464747481962997,1
24.931567,67.097693,85.09,110,1,1,0,20,11,27,7,0,31,0,1,0.0,85.09,85.09,1,0,0.6078291306521895,3
24.819925,66.95306,66.1,33,1,1,0,10,13,28,7,1,31,0,0,0.0,66.1,66.1,1,0,0.4721765840417172,3
24.877566,67.149748,86.81,308,1,1,0,18,7,27,7,0,31,0,0,0.0,86.81,86.81,1,0,0.6201157225516108,3
24.81659,67.199962,19.37,129,1,1,0,10,21,28,7,1,31,0,0,0.0,19.37,19.37,1,0,0.1383670262161583,1
24.903284,67.048426,68.75,32,1,1,0,3,25,28,7,1,31,0,1,0.0,68.75,68.75,1,0,0.4911065076076862,3
24.865615,67.244317,25.67,166,1,1,0,18,50,27,7,0,31,0,0,0.0,25.67,25.67,1,0,0.1833702407314808,1
24.910578,66.991473,34.51,305,1,1,0,17,2,27,7,0,31,0,0,0.0,34.51,34.51,1,0,0.24651760840060002,2
24.783675,66.983122,121.1,189,1,1,0,12,54,27,7,0,31,0,0,0.0,121.1,121.1,1,1,0.8650617901278662,4
24.774203,67.245351,95.57,286,1,1,0,14,27,27,7,0,31,0,0,0.0,95.57,95.57,1,0,0.6826916208300592,4
25.097253,67.171499,45.9,337,1,1,0,22,1,27,7,0,31,0,1,0.0,45.9,45.9,1,0,0.3278805628973498,2
24.993901,66.977819,41.07,210,1,1,0,1,22,28,7,1,31,0,1,0.0,41.07,41.07,1,0,0.29337809843560253,2
25.070602,67.012107,68.71,113,1,1,0,14,21,27,7,0,31,0,0,0.0,68.71,68.71,1,0,0.4908207729123508,3
24.964465,67.159457,50.63,107,1,1,0,12,5,27,7,0,31,0,0,0.0,50.63,50.63,1,0,0.3616686906207586,2
24.894728,67.150249,23.06,115,1,1,0,1,47,28,7,1,31,0,1,0.0,23.06,23.06,1,0,0.16472605186084718,1
25.071763,66.933386,69.7,150,1,1,0,10,41,28,7,1,31,0,0,0.0,69.7,69.7,1,0,0.49789270662190155,3
24.993464,67.292876,35.08,276,1,1,0,20,57,27,7,0,31,0,1,0.0,35.08,35.08,1,0,0.2505893278091292,2
24.867157,67.047164,94.83,238,1,1,0,3,5,28,7,1,31,0,1,0.0,94.83,94.83,1,0,0.6774055289663546,4
25.041631,67.162717,66.67,105,1,1,0,1,23,28,7,1,31,0,1,0.0,66.67,66.67,1,0,0.47624830345024644,3
24.843717,67.033445,16.63,312,1,1,0,14,30,27,7,0,31,0,0,0.0,16.63,16.63,1,0,0.11879419958568467,1
25.085521,67.160297,19.84,292,1,1,0,7,9,28,7,1,31,0,0,0.0,19.84,19.84,1,0,0.14172440888634902,1
25.094191,66.977673,13.65,314,1,1,0,10,44,28,7,1,31,0,0,0.0,13.65,13.65,1,0,0.0975069647831988,1
24.842644,67.038466,20.69,253,1,1,0,6,27,28,7,1,31,0,0,0.0,20.69,20.69,1,0,0.14779627116222588,1
24.816605,66.903121,126.58,243,1,1,0,8,13,28,7,1,31,0,0,0.0,126.58,126.58,1,1,0.9042074433888134,4
24.923917,67.26503,90.52,310,1,1,0,16,5,27,7,0,31,0,0,0.0,90.52,90.52,1,0,0.6466176155439674,4
25.038237,67.160415,61.63,304,1,1,0,6,23,28,7,1,31,0,0,0.0,61.63,61.63,1,0,0.44024573183798843,3
24.865243,67.148455,116.73,88,1,1,0,21,10,27,7,0,31,0,1,0.0,116.73,116.73,1,1,0.8338452746624758,4
25.006128,67.053304,73.07,165,1,1,0,2,35,28,7,1,31,0,1,0.0,73.07,73.07,1,0,0.5219658547039073,3
24.795779,67.130654,118.65,285,1,1,0,23,21,27,7,0,31,0,1,0.0,118.65,118.65,1,1,0.8475605400385742,4
24.823931,67.07416,19.33,173,1,1,0,21,22,27,7,0,31,0,1,0.0,19.33,19.33,1,0,0.1380812915208229,1
25.097999,66.925114,72.63,272,1,1,0,12,57,27,7,0,31,0,0,0.0,72.63,72.63,1,0,0.5188227730552182,3
24.887611,67.137438,35.17,100,1,1,0,6,14,28,7,1,31,0,0,0.0,35.17,35.17,1,0,0.25123223087363383,2
24.986076,67.223871,89.59,183,1,1,0,20,35,27,7,0,31,0,1,0.0,89.59,89.59,1,0,0.6399742838774198,3
24.923829,66.932108,109.0,195,1,1,0,6,27,28,7,1,31,0,0,0.0,109.0,109.0,1,1,0.7786270447889134,4
25.036853,67.172003,31.08,289,1,1,0,12,16,27,7,0,31,0,0,0.0,31.08,31.08,1,0,0.2220158582755911,2
24.991447,67.288624,29.47,1,1,1,0,23,11,27,7,0,31,0,1,0.0,29.47,29.47,1,0,0.210515036788342,1
24.86399,67.123989,45.06,102,1,1,0,3,31,28,7,1,31,0,1,0.0,45.06,45.06,1,0,0.3218801342953068,2
24.878678,67.214441,111.7,28,1,1,0,14,12,27,7,0,31,0,0,0.0,111.7,111.7,1,1,0.7979141367240516,4
24.857222,67.183696,27.62,177,1,1,0,7,33,28,7,1,31,0,0,0.0,27.62,27.62,1,0,0.19729980712908066,1
25.053591,67.040368,134.02,47,1,1,0,15,53,27,7,0,31,0,0,0.0,134.02,134.02,1,1,0.9573540967211944,4
24.91824,67.297963,112.77,117,1,1,0,17,50,27,7,0,31,0,0,0.0,112.77,112.77,1,1,0.805557539824273,4
25.014665,67.113718,59.67,148,1,1,0,6,41,28,7,1,31,0,0,0.0,59.67,59.67,1,0,0.42624473176655475,2
24.805593,67.294805,26.14,225,1,1,0,20,54,27,7,0,31,0,1,0.0,26.14,26.14,1,0,0.18672762340167154,1
25.016804,67.094966,133.58,123,1,1,0,16,46,27,7,0,31,0,0,0.0,133.58,133.58,1,1,0.9542110150725052,4
24.934859,66.950772,20.23,31,1,1,0,11,53,27,7,0,31,0,0,0.0,20.23,20.23,1,0,0.14451032216586898,1
24.813106,67.083511,117.31,270,1,1,0,21,49,27,7,0,31,0,1,0.0,117.31,117.31,1,1,0.8379884277448388,4
24.860266,67.140919,97.51,242,1,1,0,13,51,27,7,0,31,0,0,0.0,97.51,97.51,1,0,0.6965497535538253,4
24.913312,67.038116,73.48,168,1,1,0,11,16,28,7,1,31,0,0,0.0,73.48,73.48,1,0,0.524894635331095,3
24.946061,67.15894,105.55,130,1,1,0,23,49,27,7,0,31,0,1,0.0,105.55,105.55,1,1,0.7539824273162368,4
24.781993,67.019599,36.77,142,1,1,0,6,20,28,7,1,31,0,0,0.0,36.77,36.77,1,0,0.26266161868704907,2
24.89875,67.026502,19.88,216,1,1,0,9,8,28,7,1,31,0,0,0.0,19.88,19.88,1,0,0.1420101435816844,1
24.828115,67.10631,94.27,23,1,1,0,20,45,27,7,0,31,0,1,0.0,94.27,94.27,1,0,0.6734052432316593,4
24.772094,67.078831,51.74,213,1,1,0,2,23,28,7,1,31,0,1,0.0,51.74,51.74,1,0,0.36959782841631544,2
24.902136,67.165045,114.25,13,1,1,0,22,36,27,7,0,31,0,1,0.0,114.25,114.25,1,1,0.8161297235516822,4
24.784985,66.969297,61.7,110,1,1,0,1,8,28,7,1,31,0,1,0.0,61.7,61.7,1,0,0.44074576755482536,3
24.820092,67.237612,50.92,206,1,1,0,6,52,28,7,1,31,0,0,0.0,50.92,50.92,1,0,0.36374026716194013,2
24.977563,66.987078,127.8,222,1,1,0,23,41,27,7,0,31,0,1,0.0,127.8,127.8,1,1,0.9129223515965426,4
24.971301,67.227369,111.36,30,1,1,0,11,36,27,7,0,31,0,0,0.0,111.36,111.36,1,1,0.7954853918137009,4
24.820277,67.147675,30.74,68,1,1,0,5,30,28,7,1,31,0,1,0.0,30.74,30.74,1,0,0.21958711336524034,2
25.09729,67.218289,129.67,169,1,1,0,7,42,28,7,1,31,0,0,0.0,129.67,129.67,1,1,0.9262804486034715,4
24.76834,67.196687,45.33,269,1,1,0,7,12,28,7,1,31,0,0,0.0,45.33,45.33,1,0,0.3238088434888206,2
24.836881,67.242588,63.39,179,1,1,0,7,17,28,7,1,31,0,0,0.0,63.39,63.39,1,0,0.4528180584327452,3
24.757588,67.062718,99.14,70,1,1,0,23,53,27,7,0,31,0,1,0.0,99.14,99.14,1,0,0.708193442388742,4
24.885331,67.191253,138.76,257,1,1,0,21,25,27,7,0,31,0,1,0.0,138.76,138.76,1,1,0.9912136581184369,4
24.967852,67.040426,27.78,78,1,1,0,16,29,27,7,0,31,0,0,0.0,27.78,27.78,1,0,0.19844274591042216,1
24.839274,67.062071,119.1,296,1,1,0,5,43,28,7,1,31,0,1,0.0,119.1,119.1,1,1,0.8507750553610971,4
25.097198,67.107366,33.1,80,1,1,0,20,28,27,7,0,31,0,1,0.0,33.1,33.1,1,0,0.23644546039002787,2
24.778915,67.071581,67.23,316,1,1,0,5,48,28,7,1,31,0,1,0.0,67.23,67.23,1,0,0.4802485891849418,3
25.074492,67.084462,42.7,93,1,1,0,21,39,27,7,0,31,0,1,0.0,42.7,42.7,1,0,0.3050217872705193,2
25.030341,67.121143,35.4,242,1,1,0,22,46,27,7,0,31,0,1,0.0,35.4,35.4,1,0,0.25287520537181224,2
24.790526,67.077726,117.06,63,1,1,0,15,25,27,7,0,31,0,0,0.0,117.06,117.06,1,1,0.8362025858989928,4
24.906527,67.125604,52.31,101,1,1,0,3,45,28,7,1,31,0,1,0.0,52.31,52.31,1,0,0.37366954782484463,2
25.047341,67.023799,60.45,67,1,1,0,4,52,28,7,1,31,0,1,0.0,60.45,60.45,1,0,0.4318165583255947,3
24.805089,67.298887,137.82,272,1,1,0,14,41,27,7,0,31,0,0,0.0,137.82,137.82,1,1,0.9844988927780555,4
24.906974,66.9461,115.2,133,1,1,0,3,4,28,7,1,31,0,1,0.0,115.2,115.2,1,1,0.8229159225658975,4
24.754094,67.135,51.92,61,1,1,0,1,8,28,7,1,31,0,1,0.0,51.92,51.92,1,0,0.37088363454532464,2
25.087959,67.213748,32.76,99,1,1,0,21,57,27,7,0,31,0,1,0.0,32.76,32.76,1,0,0.2340167154796771,2
24.7644,67.068896,19.3,25,1,1,0,20,35,27,7,0,31,0,1,0.0,19.3,19.3,1,0,0.13786699049932138,1
24.993036,66.950123,139.46,111,1,1,0,4,17,28,7,1,31,0,1,0.0,139.46,139.46,1,1,0.9962140152868062,4
25.095684,67.005415,92.68,42,1,1,0,13,58,27,7,0,31,0,0,0.0,92.68,92.68,1,0,0.662047289092078,4
24.893949,66.918389,128.86,133,1,1,0,11,30,27,7,0,31,0,0,0.0,128.86,128.86,1,1,0.9204943210229303,4
24.912176,67.200863,78.36,296,1,1,0,17,58,27,7,0,31,0,0,0.0,78.36,78.36,1,0,0.5597542681620116,3
24.941706,67.186591,106.71,21,1,1,0,9,19,28,7,1,31,0,0,0.0,106.71,106.71,1,1,0.7622687334809628,4
24.913451,67.119643,100.26,155,1,1,0,22,37,27,7,0,31,0,1,0.0,100.26,100.26,1,1,0.7161940138581327,4
24.840729,67.125961,27.37,108,1,1,0,9,32,28,7,1,31,0,0,0.0,27.37,27.37,1,0,0.1955139652832345,1
24.877694,66.978446,68.67,72,1,1,0,0,38,28,7,1,31,0,1,0.0,68.67,68.67,1,0,0.4905350382170155,3
24.810067,67.11845,72.72,251,1,1,0,13,16,27,7,0,31,0,0,0.0,72.72,72.72,1,0,0.5194656761197228,3
24.93683,67.097197,89.07,304,1,1,0,12,51,27,7,0,31,0,0,0.0,89.07,89.07,1,0,0.6362597328380598,3
25.03759,67.057999,23.52,15,1,1,0,21,25,27,7,0,31,0,1,0.0,23.52,23.52,1,0,0.16801200085720408,1
24.878634,67.059146,24.79,179,1,1,0,20,52,27,7,0,31,0,1,0.0,24.79,24.79,1,0,0.17708407743410243,1
24.765523,67.247382,52.21,207,1,1,0,14,21,27,7,0,31,0,0,0.0,52.21,52.21,1,0,0.37295521108650614,2
24.816461,67.241384,83.51,297,1,1,0,0,0,28,7,1,31,0,1,0.0,83.51,83.51,1,0,0.5965426101864418,3
24.772786,67.201814,4.32,111,1,1,0,19,58,27,7,0,31,0,0,0.0,4.32,4.32,1,0,0.03085934709622116,1
24.904028,67.272414,69.84,250,1,1,0,20,10,27,7,0,31,0,1,0.0,69.84,69.84,1,0,0.4988927780555754,3
25.026356,67.031072,26.47,27,1,1,0,12,26,27,7,0,31,0,0,0.0,26.47,26.47,1,0,0.18908493463818843,1
24.937619,67.152782,117.14,294,1,1,0,2,32,28,7,1,31,0,1,0.0,117.14,117.14,1,1,0.8367740552896635,4
24.794875,67.162189,68.21,51,1,1,0,0,58,28,7,1,31,0,1,0.0,68.21,68.21,1,0,0.4872490892206585,3
24.962156,67.028738,14.5,196,1,1,0,20,6,27,7,0,31,0,1,0.0,14.5,14.5,1,0,0.10357882705907565,1
24.885494,67.074762,22.17,272,1,1,0,12,40,27,7,0,31,0,0,0.0,22.17,22.17,1,0,0.15836845488963497,1
25.078879,67.24387,114.59,90,1,1,0,12,44,27,7,0,31,0,0,0.0,114.59,114.59,1,1,0.818558468462033,4
24.950167,67.297878,77.84,265,1,1,0,3,27,28,7,1,31,0,1,0.0,77.84,77.84,1,0,0.5560397171226517,3
25.097728,67.245266,127.59,45,1,1,0,10,1,28,7,1,31,0,0,0.0,127.59,127.59,1,1,0.9114222444460318,4
24.974613,67.05544,26.83,250,1,1,0,16,12,27,7,0,31,0,0,0.0,26.83,26.83,1,0,0.19165654689620684,1
25.04049,66.911638,117.09,178,1,1,0,12,52,27,7,0,31,0,0,0.0,117.09,117.09,1,1,0.8364168869204943,4
24.981324,67.179939,22.59,293,1,1,0,14,53,27,7,0,31,0,0,0.0,22.59,22.59,1,0,0.16136866919065646,1
24.85968,67.052078,80.2,0,1,1,0,0,2,28,7,1,31,0,1,0.0,80.2,80.2,1,0,0.572898064147439,3
24.88511,67.07243,65.23,219,1,1,0,10,57,28,7,1,31,0,0,0.0,65.23,65.23,1,0,0.4659618544181727,3
24.822892,67.246181,1.88,354,1,1,0,6,58,28,7,1,31,0,0,0.0,1.88,1.88,1,0,0.01342953068076291,1
24.78626,67.040381,43.03,281,1,1,0,18,44,27,7,0,31,0,0,0.0,43.03,43.03,1,0,0.3073790985070362,2
25.030696,67.233979,26.47,266,1,1,0,11,52,27,7,0,31,0,0,0.0,26.47,26.47,1,0,0.18908493463818843,1
24.915548,66.968227,117.55,327,1,1,0,8,2,28,7,1,31,0,0,0.0,117.55,117.55,1,1,0.8397028359168511,4
25.057261,67.236277,74.26,149,1,1,0,17,41,27,7,0,31,0,0,0.0,74.26,74.26,1,0,0.530466461890135,3
25.016131,67.128798,96.91,161,1,1,0,21,53,27,7,0,31,0,1,0.0,96.91,96.91,1,0,0.6922637331237945,4
25.061316,67.117337,127.35,325,1,1,0,19,3,27,7,0,31,0,0,0.0,127.35,127.35,1,1,0.9097078362740195,4
24.796804,67.234535,113.08,64,1,1,0,4,3,28,7,1,31,0,1,0.0,113.08,113.08,1,1,0.8077719837131223,4
24.794163,67.130746,22.92,332,1,1,0,13,5,27,7,0,31,0,0,0.0,22.92,22.92,1,0,0.16372598042717337,1
25.041603,66.940609,122.93,20,1,1,0,3,1,28,7,1,31,0,1,0.0,122.93,122.93,1,1,0.8781341524394599,4
24.962113,67.214626,52.63,108,1,1,0,16,2,27,7,0,31,0,0,0.0,52.63,52.63,1,0,0.3759554253875277,2
24.955798,67.024631,122.53,83,1,1,0,21,53,27,7,0,31,0,1,0.0,122.53,122.53,1,1,0.8752768054861061,4
24.882174,67.176521,28.65,153,1,1,0,16,48,27,7,0,31,0,0,0.0,28.65,28.65,1,0,0.20465747553396668,1
25.061671,66.957977,65.94,312,1,1,0,18,47,27,7,0,31,0,0,0.0,65.94,65.94,1,0,0.4710336452603757,3
24.836168,67.062561,113.34,123,1,1,0,18,37,27,7,0,31,0,0,0.0,113.34,113.34,1,1,0.8096292592328023,4
25.07264,67.151008,80.42,270,1,1,0,11,13,28,7,1,31,0,0,0.0,80.42,80.42,1,0,0.5744696049717837,3
25.001135,67.229998,65.31,131,1,1,0,0,7,28,7,1,31,0,1,0.0,65.31,65.31,1,0,0.4665333238088435,3
24.868938,67.067659,113.46,351,1,1,0,20,39,27,7,0,31,0,1,0.0,113.46,113.46,1,1,0.8104864633188084,4
24.970859,66.993886,96.32,178,1,1,0,17,43,27,7,0,31,0,0,0.0,96.32,96.32,1,0,0.6880491463675976,4
24.754816,66.942781,100.41,105,1,1,0,19,4,27,7,0,31,0,0,0.0,100.41,100.41,1,1,0.7172655189656403,4
25.06333,67.261197,15.16,347,1,1,0,5,34,28,7,1,31,0,1,0.0,15.16,15.16,1,0,0.10829344953210943,1
25.08908,67.236407,76.89,300,1,1,0,7,4,28,7,1,31,0,0,0.0,76.89,76.89,1,0,0.5492535181084363,3
24.85829,67.15509,41.08,103,1,1,0,23,2,27,7,0,31,0,1,0.0,41.08,41.08,1,0,0.29344953210943636,2
24.905254,67.123169,31.3,334,1,1,0,14,57,27,7,0,31,0,0,0.0,31.3,31.3,1,0,0.2235873990999357,2
24.848909,67.02565,7.93,308,1,1,0,11,29,27,7,0,31,0,0,0.0,7.93,7.93,1,0,0.056646903350239294,1
24.860316,67.259458,85.39,29,1,1,0,5,1,28,7,1,31,0,1,0.0,85.39,85.39,1,0,0.6099721408672047,3
24.783278,67.124392,55.33,92,1,1,0,18,29,27,7,0,31,0,0,0.0,55.33,55.33,1,0,0.39524251732266585,2
24.823965,67.097227,40.46,271,1,1,0,10,50,28,7,1,31,0,0,0.0,40.46,40.46,1,0,0.28902064433173796,2
24.896684,67.078698,53.42,269,1,1,0,4,8,28,7,1,31,0,1,0.0,53.42,53.42,1,0,0.38159868562040145,2
25.071405,67.293086,124.56,74,1,1,0,13,33,27,7,0,31,0,0,0.0,124.56,124.56,1,1,0.8897778412743766,4
24.88147,67.252319,25.58,47,1,1,0,0,28,28,7,1,31,0,1,0.0,25.58,25.58,1,0,0.1827273376669762,1
24.95732,67.245722,136.67,201,1,1,0,7,7,28,7,1,31,0,0,0.0,136.67,136.67,1,1,0.9762840202871632,4
24.88717,66.906222,24.01,16,1,1,0,16,2,27,7,0,31,0,0,0.0,24.01,24.01,1,0,0.1715122508750625,1
25.062188,66.993239,88.45,192,1,1,0,19,18,27,7,0,31,0,0,0.0,88.45,88.45,1,0,0.6318308450603615,3
24.971221,67.007234,30.37,137,1,1,0,15,46,27,7,0,31,0,0,0.0,30.37,30.37,1,0,0.2169440674333881,2
25.028367,67.126665,116.78,177,1,1,0,0,51,28,7,1,31,0,1,0.0,116.78,116.78,1,1,0.834202443031645,4
24.893099,67.298131,35.33,189,1,1,0,19,21,27,7,0,31,0,0,0.0,35.33,35.33,1,0,0.2523751696549753,2
24.85694,67.012177,111.03,323,1,1,0,5,56,28,7,1,31,0,1,0.0,111.03,111.03,1,1,0.7931280805771841,4
25.069709,67.166571,94.37,33,1,1,0,9,35,28,7,1,31,0,0,0.0,94.37,94.37,1,0,0.6741195799699978,4
24.845048,66.940451,117.86,79,1,1,0,14,49,27,7,0,31,0,0,0.0,117.86,117.86,1,1,0.8419172798057003,4
24.950005,66.956297,67.87,345,1,1,0,5,59,28,7,1,31,0,1,0.0,67.87,67.87,1,0,0.4848203443103079,3
25.080695,67.071331,82.1,170,1,1,0,10,33,28,7,1,31,0,0,0.0,82.1,82.1,1,0,0.5864704621758696,3
24.957834,67.016504,0.37,118,1,1,0,0,51,28,7,1,31,0,1,0.0,0.37,0.37,1,0,0.002643045931852275,1
24.989231,66.918473,100.58,46,1,1,0,19,9,27,7,0,31,0,0,0.0,100.58,100.58,1,1,0.7184798914208157,4
25.06479,66.944517,45.31,226,1,1,0,5,11,28,7,1,31,0,1,0.0,45.31,45.31,1,0,0.32366597614115294,2
24.987076,67.277298,94.52,263,1,1,0,16,27,27,7,0,31,0,0,0.0,94.52,94.52,1,0,0.6751910850775055,4
25.064148,67.158467,32.19,107,1,1,0,4,33,28,7,1,31,0,1,0.0,32.19,32.19,1,0,0.2299449960711479,2
24.94689,67.083472,101.47,104,1,1,0,8,39,28,7,1,31,0,0,0.0,101.47,101.47,1,1,0.724837488392028,4
24.956433,67.129635,115.4,287,1,1,0,8,8,28,7,1,31,0,0,0.0,115.4,115.4,1,1,0.8243445960425745,4
25.026134,67.100177,31.55,257,1,1,0,4,50,28,7,1,31,0,1,0.0,31.55,31.55,1,0,0.22537324094578184,2
24.861866,66.966734,69.3,163,1,1,0,5,54,28,7,1,31,0,1,0.0,69.3,69.3,1,0,0.4950353596685477,3
24.867893,67.117331,1.25,42,1,1,0,15,24,27,7,0,31,0,0,0.0,1.25,1.25,1,0,0.00892920922923066,1
24.820878,67.011181,24.61,294,1,1,0,6,12,28,7,1,31,0,0,0.0,24.61,24.61,1,0,0.1757982713050932,1
24.920167,66.986475,86.48,158,1,1,0,3,58,28,7,1,31,0,1,0.0,86.48,86.48,1,0,0.6177584113150939,3
24.883133,66.902358,119.94,180,1,1,0,0,28,28,7,1,31,0,1,0.0,119.94,119.94,1,1,0.8567754839631402,4
24.951339,66.936033,135.95,221,1,1,0,0,48,28,7,1,31,0,1,0.0,135.95,135.95,1,1,0.9711407957711263,4
25.097532,67.200763,129.15,350,1,1,0,19,39,27,7,0,31,0,0,0.0,129.15,129.15,1,1,0.9225658975641117,4
24.786697,67.191126,62.52,353,1,1,0,15,21,27,7,0,31,0,0,0.0,62.52,62.52,1,0,0.4466033288092007,3
25.035986,66.931532,77.07,227,1,1,0,14,29,27,7,0,31,0,0,0.0,77.07,77.07,1,0,0.5505393242374454,3
24.888183,67.19842,118.44,98,1,1,0,6,16,28,7,1,31,0,0,0.0,118.44,118.44,1,1,0.8460604328880633,4
24.787213,67.258751,76.68,252,1,1,0,6,14,28,7,1,31,0,0,0.0,76.68,76.68,1,0,0.5477534109579256,3
25.011146,67.078042,82.89,231,1,1,0,16,13,27,7,0,31,0,0,0.0,82.89,82.89,1,0,0.5921137224087435,3
24.957832,67.110092,85.61,19,1,1,0,16,23,27,7,0,31,0,0,0.0,85.61,85.61,1,0,0.6115436816915494,3
25.081704,67.239844,99.0,187,1,1,0,10,43,28,7,1,31,0,0,0.0,99.0,99.0,1,0,0.7071933709550682,4
24.863345,67.275831,131.15,297,1,1,0,23,13,27,7,0,31,0,1,0.0,131.15,131.15,1,1,0.9368526323308808,4
24.850395,67.259234,58.81,174,1,1,0,14,48,27,7,0,31,0,0,0.0,58.81,58.81,1,0,0.42010143581684406,2
24.895012,67.119504,115.04,11,1,1,0,20,2,27,7,0,31,0,1,0.0,115.04,115.04,1,1,0.821772983784556,4
25.070489,66.993041,57.48,256,1,1,0,14,34,27,7,0,31,0,0,0.0,57.48,57.48,1,0,0.4106007571969426,2
24.985798,67.044406,120.0,101,1,1,0,8,31,28,7,1,31,0,0,0.0,120.0,120.0,1,1,0.8572040860061433,4
24.763393,67.219699,13.74,200,1,1,0,11,27,27,7,0,31,0,0,0.0,13.74,13.74,1,0,0.09814986784770341,1
24.845679,67.077621,33.68,22,1,1,0,8,19,28,7,1,31,0,0,0.0,33.68,33.68,1,0,0.24058861347239086,2
25.044596,66.912404,130.11,127,1,1,0,19,31,27,7,0,31,0,0,0.0,130.11,130.11,1,1,0.929423530252161,4
25.080109,67.275285,46.24,282,1,1,0,0,46,28,7,1,31,0,1,0.0,46.24,46.24,1,0,0.33030930780770057,2
24.831349,67.134987,53.53,6,1,1,0,2,52,28,7,1,31,0,1,0.0,53.53,53.53,1,0,0.38238445603257376,2
24.865813,66.981885,38.45,58,1,1,0,19,31,27,7,0,31,0,0,0.0,38.45,38.45,1,0,0.27466247589113507,2
24.995441,66.967502,136.38,205,1,1,0,12,51,27,7,0,31,0,0,0.0,136.38,136.38,1,1,0.9742124437459818,4
24.859793,67.034741,107.31,61,1,1,0,2,10,28,7,1,31,0,1,0.0,107.31,107.31,1,1,0.7665547539109936,4
24.903345,66.953395,37.75,120,1,1,0,11,51,27,7,0,31,0,0,0.0,37.75,37.75,1,0,0.2696621187227659,2
24.933785,66.970005,116.12,191,1,1,0,9,59,28,7,1,31,0,0,0.0,116.12,116.12,1,1,0.8294878205586113,4
25.013109,67.1741,24.19,206,1,1,0,5,58,28,7,1,31,0,1,0.0,24.19,24.19,1,0,0.17279805700407172,1
25.043774,67.035967,26.96,17,1,1,0,15,13,27,7,0,31,0,0,0.0,26.96,26.96,1,0,0.19258518465604685,1
24.830881,67.247094,56.6,314,1,1,0,23,20,27,7,0,31,0,1,0.0,56.6,56.6,1,0,0.40431459389956426,2
24.761752,67.139114,28.85,24,1,1,0,2,26,28,7,1,31,0,1,0.0,28.85,28.85,1,0,0.20608614901064362,1
25.054279,67.084791,115.49,27,1,1,0,4,31,28,7,1,31,0,1,0.0,115.49,115.49,1,1,0.824987499107079,4
25.067788,67.073712,64.11,157,1,1,0,6,15,28,7,1,31,0,0,0.0,64.11,64.11,1,0,0.457961282948782,3
24.896394,66.97555,81.22,14,1,1,0,12,49,27,7,0,31,0,0,0.0,81.22,81.22,1,0,0.5801842988784913,3
24.899704,67.255422,15.82,62,1,1,0,9,37,28,7,1,31,0,0,0.0,15.82,15.82,1,0,0.11300807200514322,1
24.965183,67.196398,80.73,87,1,1,0,7,40,28,7,1,31,0,0,0.0,80.73,80.73,1,0,0.5766840488606328,3
24.893951,67.087432,109.46,66,1,1,0,17,37,27,7,0,31,0,0,0.0,109.46,109.46,1,1,0.7819129937852702,4
24.939982,67.035013,11.98,202,1,1,0,9,56,28,7,1,31,0,0,0.0,11.98,11.98,1,0,0.08557754125294664,1
24.904726,66.963914,71.56,301,1,1,0,12,43,27,7,0,31,0,0,0.0,71.56,71.56,1,0,0.5111793699549968,3
24.989643,67.248102,103.7,38,1,1,0,5,19,28,7,1,31,0,1,0.0,103.7,103.7,1,1,0.7407671976569755,4
24.8167,67.131807,132.34,359,1,1,0,22,51,27,7,0,31,0,1,0.0,132.34,132.34,1,1,0.9453532395171084,4
24.957464,67.238222,99.91,258,1,1,0,19,17,27,7,0,31,0,0,0.0,99.91,99.91,1,0,0.713693835273948,4
24.86806,67.114459,80.06,338,1,1,0,4,50,28,7,1,31,0,1,0.0,80.06,80.06,1,0,0.5718979927137653,3
24.85973,66.901907,37.53,75,1,1,0,5,55,28,7,1,31,0,1,0.0,37.53,37.53,1,0,0.26809057789842133,2
25.024177,67.164749,97.52,249,1,1,0,5,42,28,7,1,31,0,1,0.0,97.52,97.52,1,0,0.6966211872276591,4
24.791239,67.291685,102.47,146,1,1,0,20,51,27,7,0,31,0,1,0.0,102.47,102.47,1,1,0.7319808557754125,4
24.878525,67.145904,1.91,138,1,1,0,5,27,28,7,1,31,0,1,0.0,1.91,1.91,1,0,0.013643831702264447,1
24.802288,67.126041,17.69,1,1,1,0,1,34,28,7,1,31,0,1,0.0,17.69,17.69,1,0,0.1263661690120723,1
25.032422,67.277128,41.84,106,1,1,0,12,1,27,7,0,31,0,0,0.0,41.84,41.84,1,0,0.2988784913208086,2
24.987852,67.096003,28.07,207,1,1,0,7,9,28,7,1,31,0,0,0.0,28.07,28.07,1,0,0.20051432245160367,1
25.05708,67.253234,134.18,59,1,1,0,23,29,27,7,0,31,0,1,0.0,134.18,134.18,1,1,0.9584970355025358,4
25.093692,67.09248,15.17,253,1,1,0,15,0,27,7,0,31,0,0,0.0,15.17,15.17,1,0,0.10836488320594327,1
25.096061,67.164361,78.75,232,1,1,0,14,16,27,7,0,31,0,0,0.0,78.75,78.75,1,0,0.5625401814415315,3
24.750232,67.067641,26.12,220,1,1,0,14,43,27,7,0,31,0,0,0.0,26.12,26.12,1,0,0.18658475605400385,1
24.975792,67.061002,59.7,269,1,1,0,6,21,28,7,1,31,0,0,0.0,59.7,59.7,1,0,0.4264590327880563,2
24.881404,66.991765,84.6,42,1,1,0,12,52,27,7,0,31,0,0,0.0,84.6,84.6,1,0,0.604328880634331,3
24.964172,67.085334,53.17,268,1,1,0,6,59,28,7,1,31,0,0,0.0,53.17,53.17,1,0,0.3798128437745553,2
24.97516,67.266403,108.26,12,1,1,0,8,54,28,7,1,31,0,0,0.0,108.26,108.26,1,1,0.7733409529252089,4
25.084678,67.047735,102.51,291,1,1,0,3,13,28,7,1,31,0,1,0.0,102.51,102.51,1,1,0.7322665904707479,4
24.765018,67.028195,56.89,202,1,1,0,10,20,28,7,1,31,0,0,0.0,56.89,56.89,1,0,0.40638617044074576,2
25.060352,67.144551,109.01,225,1,1,0,16,4,27,7,0,31,0,0,0.0,109.01,109.01,1,1,0.7786984784627473,4
25.042529,66.906203,9.92,47,1,1,0,0,56,28,7,1,31,0,1,0.0,9.92,9.92,1,0,0.07086220444317451,1
24.760903,67.299435,42.23,205,1,1,0,19,49,27,7,0,31,0,0,0.0,42.23,42.23,1,0,0.30166440460032856,2
24.972016,67.058324,44.72,261,1,1,0,0,48,28,7,1,31,0,1,0.0,44.72,44.72,1,0,0.31945138938495604,2
24.779782,67.026147,103.55,84,1,1,0,9,6,28,7,1,31,0,0,0.0,103.55,103.55,1,1,0.7396956925494678,4
24.960631,67.110905,78.63,52,1,1,0,14,55,27,7,0,31,0,0,0.0,78.63,78.63,1,0,0.5616829773555253,3
24.834558,67.232946,119.62,289,1,1,0,19,40,27,7,0,31,0,0,0.0,119.62,119.62,1,1,0.8544896064004571,4
24.961228,66.97846,24.11,23,1,1,0,18,19,27,7,0,31,0,0,0.0,24.11,24.11,1,0,0.17222658761340096,1
24.925165,67.097518,97.96,41,1,1,0,13,34,27,7,0,31,0,0,0.0,97.96,97.96,1,0,0.6997642688763482,4
24.891534,67.260884,82.49,285,1,1,0,8,57,28,7,1,31,0,0,0.0,82.49,82.49,1,0,0.5892563754553896,3
24.933192,67.23586,56.45,119,1,1,0,9,12,28,7,1,31,0,0,0.0,56.45,56.45,1,0,0.40324308879205656,2
24.751327,67.227615,110.65,7,1,1,0,21,14,27,7,0,31,0,1,0.0,110.65,110.65,1,1,0.7904136009714979,4
25.022011,66.943748,103.42,59,1,1,0,0,25,28,7,1,31,0,1,0.0,103.42,103.42,1,1,0.7387670547896278,4
24.936191,67.00008,114.58,177,1,1,0,16,29,27,7,0,31,0,0,0.0,114.58,114.58,1,1,0.8184870347881991,4
25.017033,67.282839,130.5,178,1,1,0,16,47,27,7,0,31,0,0,0.0,130.5,130.5,1,1,0.9322094435316808,4
25.012599,67.247237,49.5,26,1,1,0,0,52,28,7,1,31,0,1,0.0,49.5,49.5,1,0,0.3535966854775341,2
24.792698,67.238253,5.54,102,1,1,0,1,57,28,7,1,31,0,1,0.0,5.54,5.54,1,0,0.03957425530395028,1
25.038158,67.038645,37.3,150,1,1,0,21,46,27,7,0,31,0,1,0.0,37.3,37.3,1,0,0.2664476034002428,2
24.876077,66.943157,92.82,149,1,1,0,11,42,27,7,0,31,0,0,0.0,92.82,92.82,1,0,0.6630473605257517,4
24.849737,67.054726,91.57,246,1,1,0,10,5,28,7,1,31,0,0,0.0,91.57,91.57,1,0,0.6541181512965211,4
25.0019,67.257777,15.11,174,1,1,0,4,33,28,7,1,31,0,1,0.0,15.11,15.11,1,0,0.1079362811629402,1
25.068774,67.201991,21.57,198,1,1,0,17,22,27,7,0,31,0,0,0.0,21.57,21.57,1,0,0.15408243445960426,1
25.003629,66.976793,90.42,88,1,1,0,5,3,28,7,1,31,0,1,0.0,90.42,90.42,1,0,0.6459032788056289,4
24.98659,67.120267,41.54,151,1,1,0,17,32,27,7,0,31,0,0,0.0,41.54,41.54,1,0,0.29673548110579323,2
24.84084,67.045347,111.8,310,1,1,0,18,8,27,7,0,31,0,0,0.0,111.8,111.8,1,1,0.7986284734623901,4
24.847457,67.001088,120.14,9,1,1,0,21,10,27,7,0,31,0,1,0.0,120.14,120.14,1,1,0.858204157439817,4
25.030349,67.058498,70.62,276,1,1,0,10,19,28,7,1,31,0,0,0.0,70.62,70.62,1,0,0.5044646046146153,3
24.877588,67.122274,7.82,148,1,1,0,22,29,27,7,0,31,0,1,0.0,7.82,7.82,1,0,0.055861132938067,1
25.045095,67.099879,51.3,291,1,1,0,21,16,27,7,0,31,0,1,0.0,51.3,51.3,1,0,0.36645474676762624,2
25.007366,67.05215,56.68,160,1,1,0,21,0,27,7,0,31,0,1,0.0,56.68,56.68,1,0,0.40488606329023497,2
24.828563,67.039002,11.94,253,1,1,0,12,31,27,7,0,31,0,0,0.0,11.94,11.94,1,0,0.08529180655761125,1
25.058998,67.1831,108.26,257,1,1,0,8,18,28,7,1,31,0,0,0.0,108.26,108.26,1,1,0.7733409529252089,4
25.046486,66.93101,114.07,357,1,1,0,20,46,27,7,0,31,0,1,0.0,114.07,114.07,1,1,0.8148439174226729,4
24.796157,67.051414,72.45,141,1,1,0,12,51,27,7,0,31,0,0,0.0,72.45,72.45,1,0,0.517536966926209,3
24.812297,67.000763,5.3,36,1,1,0,14,25,27,7,0,31,0,0,0.0,5.3,5.3,1,0,0.03785984713193799,1
24.767245,67.012008,26.55,7,1,1,0,13,29,27,7,0,31,0,0,0.0,26.55,26.55,1,0,0.1896564040288592,1
24.941819,67.070707,74.39,99,1,1,0,21,22,27,7,0,31,0,1,0.0,74.39,74.39,1,0,0.531395099649975,3
25.082823,67.253605,130.45,110,1,1,0,22,39,27,7,0,31,0,1,0.0,130.45,130.45,1,1,0.9318522751625115,4
24.94041,67.279271,92.6,31,1,1,0,5,44,28,7,1,31,0,1,0.0,92.6,92.6,1,0,0.6614758197014071,4
24.926814,67.277473,47.42,351,1,1,0,7,51,28,7,1,31,0,0,0.0,47.42,47.42,1,0,0.33873848132009426,2
24.904065,67.15503,107.85,107,1,1,0,14,19,27,7,0,31,0,0,0.0,107.85,107.85,1,1,0.7704121722980212,4
25.08873,66.940855,72.58,17,1,1,0,6,34,28,7,1,31,0,0,0.0,72.58,72.58,1,0,0.518465604686049,3
24.891131,67.085437,32.31,319,1,1,0,16,5,27,7,0,31,0,0,0.0,32.31,32.31,1,0,0.23080220015715408,2
24.808759,66.966819,111.57,212,1,1,0,16,41,27,7,0,31,0,0,0.0,111.57,111.57,1,1,0.7969854989642117,4
25.098347,67.211084,101.24,168,1,1,0,6,43,28,7,1,31,0,0,0.0,101.24,101.24,1,1,0.7231945138938495,4
24.782583,67.106245,88.71,142,1,1,0,21,54,27,7,0,31,0,1,0.0,88.71,88.71,1,0,0.6336881205800413,3
24.836414,67.140653,15.9,299,1,1,0,10,7,28,7,1,31,0,0,0.0,15.9,15.9,1,0,0.11357954139581398,1
24.860368,67.169801,51.69,15,1,1,0,5,40,28,7,1,31,0,1,0.0,51.69,51.69,1,0,0.3692406600471462,2
25.071699,67.286382,69.83,127,1,1,0,0,59,28,7,1,31,0,1,0.0,69.83,69.83,1,0,0.4988213443817415,3
24.819897,67.161674,95.28,340,1,1,0,7,51,28,7,1,31,0,0,0.0,95.28,95.28,1,0,0.6806200442888778,4
24.79537,67.121603,137.12,27,1,1,0,19,55,27,7,0,31,0,0,0.0,137.12,137.12,1,1,0.9794985356096864,4
24.959823,67.051593,81.1,3,1,1,0,9,33,28,7,1,31,0,0,0.0,81.1,81.1,1,0,0.5793270947924851,3
25.091418,67.038868,73.14,125,1,1,0,13,38,27,7,0,31,0,0,0.0,73.14,73.14,1,0,0.5224658904207443,3
24.785941,67.13807,45.95,34,1,1,0,13,45,27,7,0,31,0,0,0.0,45.95,45.95,1,0,0.32823773126651906,2
24.753205,67.272766,48.58,217,1,1,0,5,31,28,7,1,31,0,1,0.0,48.58,48.58,1,0,0.3470247874848203,2
24.847134,67.086239,66.75,356,1,1,0,8,3,28,7,1,31,0,0,0.0,66.75,66.75,1,0,0.4768197728409172,3
25.057734,67.084082,73.62,294,1,1,0,9,55,28,7,1,31,0,0,0.0,73.62,73.62,1,0,0.5258947067647689,3
24.878883,66.974542,12.63,322,1,1,0,19,50,27,7,0,31,0,0,0.0,12.63,12.63,1,0,0.09022073005214658,1
24.940316,67.176413,56.45,75,1,1,0,18,28,27,7,0,31,0,0,0.0,56.45,56.45,1,0,0.40324308879205656,2
24.843491,67.198526,68.69,137,1,1,0,22,21,27,7,0,31,0,1,0.0,68.69,68.69,1,0,0.49067790556468316,3
24.864764,67.056696,15.42,265,1,1,0,1,47,28,7,1,31,0,1,0.0,15.42,15.42,1,0,0.11015072505178941,1
24.978561,67.143483,51.96,127,1,1,0,19,37,27,7,0,31,0,0,0.0,51.96,51.96,1,0,0.37116936924066,2
25.081223,67.203716,93.81,183,1,1,0,6,51,28,7,1,31,0,0,0.0,93.81,93.81,1,0,0.6701192942353025,4
24.936594,67.118509,133.94,346,1,1,0,11,55,27,7,0,31,0,0,0.0,133.94,133.94,1,1,0.9567826273305235,4
24.986084,67.080846,62.92,239,1,1,0,8,42,28,7,1,31,0,0,0.0,62.92,62.92,1,0,0.44946067576255444,3
24.960896,67.157603,11.37,151,1,1,0,20,32,27,7,0,31,0,1,0.0,11.37,11.37,1,0,0.08122008714908206,1
25.019048,66.987355,68.89,329,1,1,0,7,29,28,7,1,31,0,0,0.0,68.89,68.89,1,0,0.49210657904136007,3
24.933256,67.275167,116.39,36,1,1,0,3,59,28,7,1,31,0,1,0.0,116.39,116.39,1,1,0.8314165297521251,4
24.962407,67.283206,33.48,290,1,1,0,12,29,27,7,0,31,0,0,0.0,33.48,33.48,1,0,0.23915993999571394,2
25.019873,67.024674,23.94,202,1,1,0,9,39,28,7,1,31,0,0,0.0,23.94,23.94,1,0,0.1710122151582256,1
25.051313,67.239836,93.96,228,1,1,0,3,34,28,7,1,31,0,1,0.0,93.96,93.96,1,0,0.6711907993428101,4
25.048666,67.289995,136.84,45,1,1,0,17,45,27,7,0,31,0,0,0.0,136.84,136.84,1,1,0.9774983927423387,4
25.006991,66.912796,48.23,89,1,1,0,3,39,28,7,1,31,0,1,0.0,48.23,48.23,1,0,0.34452460890063574,2
24.95844,67.22869,137.77,253,1,1,0,20,19,27,7,0,31,0,1,0.0,137.77,137.77,1,1,0.9841417244088864,4
24.827562,66.927115,121.14,197,1,1,0,21,22,27,7,0,31,0,1,0.0,121.14,121.14,1,1,0.8653475248232017,4
24.808899,67.022057,17.55,110,1,1,0,12,8,27,7,0,31,0,0,0.0,17.55,17.55,1,0,0.12536609757839845,1
24.837479,67.127722,132.37,241,1,1,0,8,2,28,7,1,31,0,0,0.0,132.37,132.37,1,1,0.9455675405386099,4
25.040856,67.174515,50.11,318,1,1,0,8,32,28,7,1,31,0,0,0.0,50.11,50.11,1,0,0.35795413958139866,2
24.988866,66.911302,93.54,119,1,1,0,1,58,28,7,1,31,0,1,0.0,93.54,93.54,1,0,0.6681905850417887,4
24.928301,66.907485,113.97,213,1,1,0,0,30,28,7,1,31,0,1,0.0,113.97,113.97,1,1,0.8141295806843345,4
25.037939,67.238319,110.99,192,1,1,0,23,21,27,7,0,31,0,1,0.0,110.99,110.99,1,1,0.7928423458818487,4
25.002449,67.16216,92.47,151,1,1,0,1,54,28,7,1,31,0,1,0.0,92.47,92.47,1,0,0.6605471819415673,4
24.783571,67.057161,92.48,281,1,1,0,17,28,27,7,0,31,0,0,0.0,92.48,92.48,1,0,0.6606186156154011,4
24.944441,66.97286,28.57,51,1,1,0,1,0,28,7,1,31,0,1,0.0,28.57,28.57,1,0,0.20408600614329594,1
24.981961,67.253374,52.1,190,1,1,0,15,45,27,7,0,31,0,0,0.0,52.1,52.1,1,0,0.3721694406743339,2
25.019542,67.002935,96.91,37,1,1,0,1,15,28,7,1,31,0,1,0.0,96.91,96.91,1,0,0.6922637331237945,4
24.983868,66.987278,63.62,89,1,1,0,22,17,27,7,0,31,0,1,0.0,63.62,63.62,1,0,0.4544610329309236,3
25.085302,67.264195,24.89,42,1,1,0,19,45,27,7,0,31,0,0,0.0,24.89,24.89,1,0,0.17779841417244088,1
24.871131,67.153908,36.59,216,1,1,0,4,3,28,7,1,31,0,1,0.0,36.59,36.59,1,0,0.2613758125580399,2
25.072748,66.932351,38.48,36,1,1,0,14,52,27,7,0,31,0,0,0.0,38.48,38.48,1,0,0.27487677691263657,2
24.842934,67.147295,120.1,297,1,1,0,13,1,27,7,0,31,0,0,0.0,120.1,120.1,1,1,0.8579184227444816,4
24.884794,67.003139,104.07,132,1,1,0,10,49,28,7,1,31,0,0,0.0,104.07,104.07,1,1,0.7434102435888277,4
24.98742,67.001978,77.61,331,1,1,0,17,53,27,7,0,31,0,0,0.0,77.61,77.61,1,0,0.5543967426244731,3
24.875741,67.004625,53.29,262,1,1,0,17,14,27,7,0,31,0,0,0.0,53.29,53.29,1,0,0.3806700478605614,2
24.923755,67.013827,90.31,298,1,1,0,13,4,27,7,0,31,0,0,0.0,90.31,90.31,1,0,0.6451175083934566,4
25.085087,67.148816,1.36,155,1,1,0,10,54,28,7,1,31,0,0,0.0,1.36,1.36,1,0,0.009714979641402957,1
24.993941,67.033856,54.96,152,1,1,0,16,32,27,7,0,31,0,0,0.0,54.96,54.96,1,0,0.39259947139081364,2
25.061491,66.905814,1.17,204,1,1,0,4,11,28,7,1,31,0,1,0.0,1.17,1.17,1,0,0.008357739838559896,1
25.020446,67.198909,134.01,109,1,1,0,4,38,28,7,1,31,0,1,0.0,134.01,134.01,1,1,0.9572826630473604,4
24.990817,67.022971,18.02,107,1,1,0,6,36,28,7,1,31,0,0,0.0,18.02,18.02,1,0,0.12872348024858918,1
24.858768,66.912994,104.26,168,1,1,0,12,56,27,7,0,31,0,0,0.0,104.26,104.26,1,1,0.7447674833916709,4
24.954164,67.195441,70.82,38,1,1,0,4,57,28,7,1,31,0,1,0.0,70.82,70.82,1,0,0.5058932780912921,3
25.047418,67.258944,133.11,112,1,1,0,10,53,28,7,1,31,0,0,0.0,133.11,133.11,1,1,0.9508536324023145,4
25.004958,67.222682,123.69,52,1,1,0,8,4,28,7,1,31,0,0,0.0,123.69,123.69,1,1,0.8835631116508321,4
25.058413,67.2056,132.06,183,1,1,0,18,48,27,7,0,31,0,0,0.0,132.06,132.06,1,1,0.9433530966497606,4
24.770804,66.911963,73.66,40,1,1,0,0,45,28,7,1,31,0,1,0.0,73.66,73.66,1,0,0.5261804414601042,3
25.045758,67.045346,87.92,15,1,1,0,19,47,27,7,0,31,0,0,0.0,87.92,87.92,1,0,0.6280448603471677,3
24.991161,66.912813,13.46,173,1,1,0,5,25,28,7,1,31,0,1,0.0,13.46,13.46,1,0,0.09614972498035573,1
24.929097,67.189425,20.88,51,1,1,0,2,2,28,7,1,31,0,1,0.0,20.88,20.88,1,0,0.1491535109650689,1
24.995007,67.095418,87.99,275,1,1,0,18,42,27,7,0,31,0,0,0.0,87.99,87.99,1,0,0.6285448960640045,3
24.91818,67.083762,98.09,157,1,1,0,23,49,27,7,0,31,0,1,0.0,98.09,98.09,1,0,0.7006929066361883,4
24.769377,67.221172,66.46,140,1,1,0,8,10,28,7,1,31,0,0,0.0,66.46,66.46,1,0,0.47474819629973564,3
25.085523,67.220956,55.58,140,1,1,0,15,51,27,7,0,31,0,0,0.0,55.58,55.58,1,0,0.397028359168512,2
25.05614,67.133066,70.89,347,1,1,0,23,30,27,7,0,31,0,1,0.0,70.89,70.89,1,0,0.5063933138081291,3
25.056382,67.252668,125.55,234,1,1,0,13,31,27,7,0,31,0,0,0.0,125.55,125.55,1,1,0.8968497749839274,4
25.024608,67.05307,57.0,292,1,1,0,14,5,27,7,0,31,0,0,0.0,57.0,57.0,1,0,0.407171940852918,2
25.003248,67.191566,1.6,93,1,1,0,11,41,27,7,0,31,0,0,0.0,1.6,1.6,1,0,0.011429387813415244,1
25.089403,67.287317,115.35,219,1,1,0,16,19,27,7,0,31,0,0,0.0,115.35,115.35,1,1,0.8239874276734052,4
24.99066,67.074273,14.72,87,1,1,0,8,8,28,7,1,31,0,0,0.0,14.72,14.72,1,0,0.10515036788342025,1
24.826479,67.103036,125.03,146,1,1,0,7,37,28,7,1,31,0,0,0.0,125.03,125.03,1,1,0.8931352239445675,4
25.072607,67.108222,69.72,119,1,1,0,20,28,27,7,0,31,0,1,0.0,69.72,69.72,1,0,0.4980355739695692,3
25.041836,67.09243,29.84,324,1,1,0,11,21,27,7,0,31,0,0,0.0,29.84,29.84,1,0,0.2131580827201943,1
24.846523,67.231069,55.55,3,1,1,0,17,40,27,7,0,31,0,0,0.0,55.55,55.55,1,0,0.39681405814701043,2
24.887259,67.092569,44.66,141,1,1,0,22,34,27,7,0,31,0,1,0.0,44.66,44.66,1,0,0.31902278734195294,2
24.86399,67.21159,27.83,166,1,1,0,3,3,28,7,1,31,0,1,0.0,27.83,27.83,1,0,0.19879991427959137,1
25.034534,67.189894,63.79,223,1,1,0,21,20,27,7,0,31,0,1,0.0,63.79,63.79,1,0,0.45567540538609896,3
25.011448,66.946894,29.5,356,1,1,0,6,8,28,7,1,31,0,0,0.0,29.5,29.5,1,0,0.21072933780984354,1
24.950862,66.943257,23.64,261,1,1,0,3,38,28,7,1,31,0,1,0.0,23.64,23.64,1,0,0.16886920494321023,1
25.080718,67.276006,92.71,194,1,1,0,21,39,27,7,0,31,0,1,0.0,92.71,92.71,1,0,0.6622615901135794,4
24.919398,67.231249,46.74,231,1,1,0,7,10,28,7,1,31,0,0,0.0,46.74,46.74,1,0,0.3338809914993928,2
24.938262,67.072322,138.07,90,1,1,0,19,4,27,7,0,31,0,0,0.0,138.07,138.07,1,1,0.9862847346239016,4
24.951054,67.12866,34.94,270,1,1,0,22,41,27,7,0,31,0,1,0.0,34.94,34.94,1,0,0.24958925637545537,2
25.080831,66.960029,36.92,95,1,1,0,16,9,27,7,0,31,0,0,0.0,36.92,36.92,1,0,0.26373312379455677,2
24.954962,67.243657,51.88,64,1,1,0,9,59,28,7,1,31,0,0,0.0,51.88,51.88,1,0,0.37059789984998925,2
25.050743,67.115567,7.8,251,1,1,0,19,46,27,7,0,31,0,0,0.0,7.8,7.8,1,0,0.05571826559039931,1
25.05076,67.146863,115.04,221,1,1,0,6,1,28,7,1,31,0,0,0.0,115.04,115.04,1,1,0.821772983784556,4
24.959812,67.084737,69.35,83,1,1,0,14,50,27,7,0,31,0,0,0.0,69.35,69.35,1,0,0.4953925280377169,3
24.929964,66.915492,107.68,13,1,1,0,20,19,27,7,0,31,0,1,0.0,107.68,107.68,1,1,0.7691977998428459,4
24.788445,67.219251,55.7,296,1,1,0,2,44,28,7,1,31,0,1,0.0,55.7,55.7,1,0,0.3978855632545182,2
24.786943,67.158242,22.59,306,1,1,0,10,34,28,7,1,31,0,0,0.0,22.59,22.59,1,0,0.16136866919065646,1
25.038223,67.210545,109.09,117,1,1,0,18,49,27,7,0,31,0,0,0.0,109.09,109.09,1,1,0.7792699478534181,4
24.923797,67.194088,40.96,226,1,1,0,21,33,27,7,0,31,0,1,0.0,40.96,40.96,1,0,0.2925923280234302,2
24.956554,66.979045,47.2,314,1,1,0,18,47,27,7,0,31,0,0,0.0,47.2,47.2,1,0,0.3371669404957497,2
24.914459,67.189613,100.98,215,1,1,0,8,50,28,7,1,31,0,0,0.0,100.98,100.98,1,1,0.7213372383741695,4
25.021901,67.011191,31.27,35,1,1,0,3,36,28,7,1,31,0,1,0.0,31.27,31.27,1,0,0.22337309807843417,2
24.812009,66.916151,98.58,42,1,1,0,19,8,27,7,0,31,0,0,0.0,98.58,98.58,1,0,0.7041931566540467,4
24.996566,67.210819,58.42,328,1,1,0,9,53,28,7,1,31,0,0,0.0,58.42,58.42,1,0,0.41731552253732407,2
25.097234,67.232587,90.27,51,1,1,0,0,45,28,7,1,31,0,1,0.0,90.27,90.27,1,0,0.6448317736981212,4
25.099642,67.139979,60.59,85,1,1,0,14,36,27,7,0,31,0,0,0.0,60.59,60.59,1,0,0.4328166297592685,3
24.852741,67.180496,44.75,334,1,1,0,7,25,28,7,1,31,0,0,0.0,44.75,44.75,1,0,0.3196656904064576,2
25.063601,67.178261,79.25,129,1,1,0,0,37,28,7,1,31,0,1,0.0,79.25,79.25,1,0,0.5661118651332238,3
24.772254,67.282035,43.95,186,1,1,0,11,24,27,7,0,31,0,0,0.0,43.95,43.95,1,0,0.31395099649975,2
24.820333,66.907282,95.82,181,1,1,0,19,22,27,7,0,31,0,0,0.0,95.82,95.82,1,0,0.6844774626759054,4
24.920662,67.059744,23.16,196,1,1,0,16,36,27,7,0,31,0,0,0.0,23.16,23.16,1,0,0.16544038859918564,1
24.943513,67.161973,127.71,265,1,1,0,3,41,28,7,1,31,0,1,0.0,127.71,127.71,1,1,0.9122794485320379,4
24.783677,67.140736,97.94,249,1,1,0,1,38,28,7,1,31,0,1,0.0,97.94,97.94,1,0,0.6996214015286806,4
24.847331,67.106357,3.79,30,1,1,0,21,40,27,7,0,31,0,1,0.0,3.79,3.79,1,0,0.027073362383027356,1
24.834238,66.988175,100.74,309,1,1,0,14,34,27,7,0,31,0,0,0.0,100.74,100.74,1,1,0.7196228302021572,4
24.877134,67.021372,8.45,154,1,1,0,17,31,27,7,0,31,0,0,0.0,8.45,8.45,1,0,0.06036145438959925,1
24.809805,67.128568,86.67,342,1,1,0,0,9,28,7,1,31,0,1,0.0,86.67,86.67,1,0,0.619115651117937,3
24.833953,66.90084,79.79,237,1,1,0,23,50,27,7,0,31,0,1,0.0,79.79,79.79,1,0,0.5699692835202514,3
25.081407,67.169737,137.13,125,1,1,0,11,2,28,7,1,31,0,0,0.0,137.13,137.13,1,1,0.9795699692835201,4
24.78419,66.992858,104.36,38,1,1,0,22,57,27,7,0,31,0,1,0.0,104.36,104.36,1,1,0.7454818201300092,4
24.78356,66.926194,116.52,161,1,1,0,16,29,27,7,0,31,0,0,0.0,116.52,116.52,1,1,0.8323451675119651,4
24.99299,66.919532,75.48,293,1,1,0,18,8,27,7,0,31,0,0,0.0,75.48,75.48,1,0,0.5391813700978642,3
24.785892,67.068,32.86,71,1,1,0,0,4,28,7,1,31,0,1,0.0,32.86,32.86,1,0,0.23473105221801555,2
25.031529,67.229302,54.47,241,1,1,0,13,29,27,7,0,31,0,0,0.0,54.47,54.47,1,0,0.38909922137295516,2
24.944407,67.082433,51.68,34,1,1,0,6,46,28,7,1,31,0,0,0.0,51.68,51.68,1,0,0.36916922637331234,2
25.096106,67.274824,2.08,351,1,1,0,1,42,28,7,1,31,0,1,0.0,2.08,2.08,1,0,0.014858204157439816,1
25.050112,67.037846,77.75,304,1,1,0,1,59,28,7,1,31,0,1,0.0,77.75,77.75,1,0,0.555396814058147,3
24.904642,67.182267,137.17,287,1,1,0,11,0,28,7,1,31,0,0,0.0,137.17,137.17,1,1,0.9798557039788555,4
24.89381,67.001864,31.47,49,1,1,0,0,53,28,7,1,31,0,1,0.0,31.47,31.47,1,0,0.22480177155511105,2
24.803818,66.967383,46.73,18,1,1,0,23,43,27,7,0,31,0,1,0.0,46.73,46.73,1,0,0.33380955782555893,2
24.798744,67.085598,48.08,135,1,1,0,2,53,28,7,1,31,0,1,0.0,48.08,48.08,1,0,0.34345310379312805,2
25.002296,67.140373,108.58,95,1,1,0,14,23,27,7,0,31,0,0,0.0,108.58,108.58,1,1,0.7756268304878919,4
24.983701,67.105559,105.33,307,1,1,0,21,7,27,7,0,31,0,1,0.0,105.33,105.33,1,1,0.7524108864918923,4
24.788173,66.987683,138.88,127,1,1,0,11,4,28,7,1,31,0,0,0.0,138.88,138.88,1,1,0.9920708622044431,4
24.759278,66.914767,49.59,24,1,1,0,13,12,27,7,0,31,0,0,0.0,49.59,49.59,1,0,0.35423958854203874,2
24.878998,67.257217,127.99,157,1,1,0,12,40,27,7,0,31,0,0,0.0,127.99,127.99,1,1,0.9142795913993855,4
25.046269,67.036042,131.63,92,1,1,0,16,47,27,7,0,31,0,0,0.0,131.63,131.63,1,1,0.9402814486749053,4
25.065737,66.987134,26.04,140,1,1,0,10,4,28,7,1,31,0,0,0.0,26.04,26.04,1,0,0.18601328666333308,1
25.016688,67.099356,101.97,50,1,1,0,5,44,28,7,1,31,0,1,0.0,101.97,101.97,1,1,0.7284091720837202,4
24.912914,67.144701,37.13,21,1,1,0,14,41,27,7,0,31,0,0,0.0,37.13,37.13,1,0,0.2652332309450675,2
24.954856,67.062389,53.07,94,1,1,0,6,19,28,7,1,31,0,0,0.0,53.07,53.07,1,0,0.37909850703621684,2
24.99307,67.199894,64.7,195,1,1,0,22,50,27,7,0,31,0,1,0.0,64.7,64.7,1,0,0.4621758697049789,3
24.76543,67.033423,88.8,66,1,1,0,12,9,27,7,0,31,0,0,0.0,88.8,88.8,1,0,0.634331023644546,3
24.894425,67.20034,136.12,252,1,1,0,20,46,27,7,0,31,0,1,0.0,136.12,136.12,1,1,0.9723551682263019,4
25.004143,67.280304,1.79,49,1,1,0,21,21,27,7,0,31,0,1,0.0,1.79,1.79,1,0,0.012786627616258303,1
24.771454,67.139496,42.88,262,1,1,0,6,0,28,7,1,31,0,0,0.0,42.88,42.88,1,0,0.3063075933995285,2
24.982695,67.030836,71.64,256,1,1,0,7,4,28,7,1,31,0,0,0.0,71.64,71.64,1,0,0.5117508393456676,3
24.980071,67.298307,57.67,257,1,1,0,23,29,27,7,0,31,0,1,0.0,57.67,57.67,1,0,0.4119579969997857,2
24.958196,67.101261,129.22,312,1,1,0,0,46,28,7,1,31,0,1,0.0,129.22,129.22,1,1,0.9230659332809485,4
25.024591,67.165588,56.18,117,1,1,0,14,33,27,7,0,31,0,0,0.0,56.18,56.18,1,0,0.4013143795985427,2
24.869685,66.972117,92.01,102,1,1,0,6,36,28,7,1,31,0,0,0.0,92.01,92.01,1,0,0.6572612329452103,4
24.945729,66.905792,92.66,179,1,1,0,17,28,27,7,0,31,0,0,0.0,92.66,92.66,1,0,0.6619044217444102,4
24.833711,67.065149,50.82,15,1,1,0,19,5,27,7,0,31,0,0,0.0,50.82,50.82,1,0,0.36302593042360165,2
24.923574,67.142907,56.95,45,1,1,0,7,27,28,7,1,31,0,0,0.0,56.95,56.95,1,0,0.4068147724837488,2
24.84788,67.24676,61.73,16,1,1,0,17,48,27,7,0,31,0,0,0.0,61.73,61.73,1,0,0.4409600685763268,3
24.919463,67.282935,112.51,142,1,1,0,15,1,27,7,0,31,0,0,0.0,112.51,112.51,1,1,0.8037002643045932,4
24.873743,66.994545,105.24,11,1,1,0,15,11,27,7,0,31,0,0,0.0,105.24,105.24,1,1,0.7517679834273876,4
24.96557,67.176769,67.84,337,1,1,0,10,46,28,7,1,31,0,0,0.0,67.84,67.84,1,0,0.48460604328880635,3
24.803817,66.927653,15.11,124,1,1,0,13,9,27,7,0,31,0,0,0.0,15.11,15.11,1,0,0.1079362811629402,1
24.98509,67.049368,99.81,264,1,1,0,18,54,27,7,0,31,0,0,0.0,99.81,99.81,1,0,0.7129794985356096,4
24.913254,67.286354,64.78,245,1,1,0,12,7,27,7,0,31,0,0,0.0,64.78,64.78,1,0,0.4627473390956497,3
24.972752,66.931924,127.82,43,1,1,0,21,35,27,7,0,31,0,1,0.0,127.82,127.82,1,1,0.9130652189442102,4
24.89167,67.262829,59.05,40,1,1,0,5,27,28,7,1,31,0,1,0.0,59.05,59.05,1,0,0.4218158439888563,2
25.075157,67.178373,65.32,24,1,1,0,3,19,28,7,1,31,0,1,0.0,65.32,65.32,1,0,0.46660475748267727,3
24.984421,67.026385,114.28,217,1,1,0,6,59,28,7,1,31,0,0,0.0,114.28,114.28,1,1,0.8163440245731838,4
24.969782,66.901111,66.34,315,1,1,0,20,28,27,7,0,31,0,1,0.0,66.34,66.34,1,0,0.47389099221372954,3
25.061779,67.124817,53.37,299,1,1,0,21,54,27,7,0,31,0,1,0.0,53.37,53.37,1,0,0.3812415172512322,2
24.778637,67.067375,77.27,139,1,1,0,5,55,28,7,1,31,0,1,0.0,77.27,77.27,1,0,0.5519679977141224,3
25.000222,66.968499,133.59,176,1,1,0,20,44,27,7,0,31,0,1,0.0,133.59,133.59,1,1,0.9542824487463389,4
25.091466,67.248123,116.33,200,1,1,0,1,6,28,7,1,31,0,1,0.0,116.33,116.33,1,1,0.830987927709122,4
24.960569,67.294164,30.39,180,1,1,0,10,1,28,7,1,31,0,0,0.0,30.39,30.39,1,0,0.21708693478105578,2
25.003305,67.073142,31.88,81,1,1,0,17,36,27,7,0,31,0,0,0.0,31.88,31.88,1,0,0.2277305521822987,2
25.062167,67.283938,47.15,183,1,1,0,22,45,27,7,0,31,0,1,0.0,47.15,47.15,1,0,0.3368097721265804,2
24.85544,67.165314,29.11,296,1,1,0,20,13,27,7,0,31,0,1,0.0,29.11,29.11,1,0,0.20794342453032358,1
25.076981,67.197575,19.51,105,1,1,0,8,12,28,7,1,31,0,0,0.0,19.51,19.51,1,0,0.13936709764983213,1
25.038933,67.085007,108.74,1,1,1,0,17,17,27,7,0,31,0,0,0.0,108.74,108.74,1,1,0.7767697692692335,4
24.906362,67.181506,122.24,39,1,1,0,14,48,27,7,0,31,0,0,0.0,122.24,122.24,1,1,0.8732052289449246,4
25.043222,67.167059,31.91,197,1,1,0,9,13,28,7,1,31,0,0,0.0,31.91,31.91,1,0,0.22794485320380026,2
24.77017,66.913228,122.53,25,1,1,0,22,13,27,7,0,31,0,1,0.0,122.53,122.53,1,1,0.8752768054861061,4
24.791705,67.12494,10.31,281,1,1,0,22,30,27,7,0,31,0,1,0.0,10.31,10.31,1,0,0.07364811772269447,1
25.070144,67.165276,13.07,134,1,1,0,6,2,28,7,1,31,0,0,0.0,13.07,13.07,1,0,0.09336381170083577,1
24.845192,67.250872,122.32,261,1,1,0,15,26,27,7,0,31,0,0,0.0,122.32,122.32,1,1,0.8737766983355953,4
25.098457,66.939038,113.5,312,1,1,0,21,31,27,7,0,31,0,1,0.0,113.5,113.5,1,1,0.8107721980141438,4
25.064479,67.203722,52.21,257,1,1,0,7,56,28,7,1,31,0,0,0.0,52.21,52.21,1,0,0.37295521108650614,2
24.80555,66.972957,76.86,133,1,1,0,3,25,28,7,1,31,0,1,0.0,76.86,76.86,1,0,0.5490392170869347,3
24.978219,66.915484,62.9,117,1,1,0,14,15,27,7,0,31,0,0,0.0,62.9,62.9,1,0,0.4493178084148867,3
24.969711,67.113315,79.18,304,1,1,0,2,50,28,7,1,31,0,1,0.0,79.18,79.18,1,0,0.5656118294163869,3
25.027304,67.242734,124.23,89,1,1,0,4,25,28,7,1,31,0,1,0.0,124.23,124.23,1,1,0.8874205300378598,4
24.753324,67.105426,66.76,79,1,1,0,11,24,27,7,0,31,0,0,0.0,66.76,66.76,1,0,0.47689120651475103,3
24.915896,67.113387,55.32,69,1,1,0,21,6,27,7,0,31,0,1,0.0,55.32,55.32,1,0,0.395171083648832,2
24.830417,67.231128,32.25,64,1,1,0,15,46,27,7,0,31,0,0,0.0,32.25,32.25,1,0,0.230373598114151,2
24.808613,67.054512,133.64,347,1,1,0,10,23,28,7,1,31,0,0,0.0,133.64,133.64,1,1,0.954639617115508,4
24.973573,67.269078,65.37,141,1,1,0,19,48,27,7,0,31,0,0,0.0,65.37,65.37,1,0,0.46696192585184654,3
25.017511,67.097597,44.57,88,1,1,0,4,57,28,7,1,31,0,1,0.0,44.57,44.57,1,0,0.31837988427744834,2
24.820945,67.006914,99.39,343,1,1,0,1,27,28,7,1,31,0,1,0.0,99.39,99.39,1,0,0.7099792842345881,4
25.022491,66.952281,102.17,297,1,1,0,10,56,28,7,1,31,0,0,0.0,102.17,102.17,1,1,0.7298378455603971,4
24.849304,67.260908,105.16,179,1,1,0,6,52,28,7,1,31,0,0,0.0,105.16,105.16,1,1,0.7511965140367168,4
25.074298,67.130138,82.88,294,1,1,0,9,43,28,7,1,31,0,0,0.0,82.88,82.88,1,0,0.5920422887349096,3
24.768576,67.02231,131.94,238,1,1,0,20,48,27,7,0,31,0,1,0.0,131.94,131.94,1,1,0.9424958925637544,4
24.963146,67.032714,131.45,110,1,1,0,12,13,27,7,0,31,0,0,0.0,131.45,131.45,1,1,0.938995642545896,4
24.759528,67.281887,33.74,95,1,1,0,20,0,27,7,0,31,0,1,0.0,33.74,33.74,1,0,0.24101721551539396,2
24.99422,67.101378,73.76,27,1,1,0,22,43,27,7,0,31,0,1,0.0,73.76,73.76,1,0,0.5268947781984428,3
24.886498,67.187552,11.8,64,1,1,0,16,24,27,7,0,31,0,0,0.0,11.8,11.8,1,0,0.08429173512393742,1
24.800963,67.024947,90.7,171,1,1,0,17,29,27,7,0,31,0,0,0.0,90.7,90.7,1,0,0.6479034216729767,4
24.943374,66.920856,95.47,193,1,1,0,6,47,28,7,1,31,0,0,0.0,95.47,95.47,1,0,0.6819772840917208,4
24.99999,66.987242,76.83,127,1,1,0,14,53,27,7,0,31,0,0,0.0,76.83,76.83,1,0,0.5488249160654332,3
24.934918,67.04959,71.94,26,1,1,0,9,10,28,7,1,31,0,0,0.0,71.94,71.94,1,0,0.5138938495606828,3
25.091109,67.20158,44.71,139,1,1,0,16,44,27,7,0,31,0,0,0.0,44.71,44.71,1,0,0.3193799557111222,2
24.949122,67.039725,72.61,107,1,1,0,21,48,27,7,0,31,0,1,0.0,72.61,72.61,1,0,0.5186799057075505,3
24.870877,66.922936,39.96,120,1,1,0,17,6,27,7,0,31,0,0,0.0,39.96,39.96,1,0,0.2854489606400457,2
24.937434,67.275163,83.07,190,1,1,0,23,36,27,7,0,31,0,1,0.0,83.07,83.07,1,0,0.5933995285377526,3
24.959295,67.160427,76.21,148,1,1,0,20,58,27,7,0,31,0,1,0.0,76.21,76.21,1,0,0.5443960282877348,3
24.908268,66.98246,26.84,42,1,1,0,5,46,28,7,1,31,0,1,0.0,26.84,26.84,1,0,0.1917279805700407,1
24.787277,66.946325,83.41,168,1,1,0,5,33,28,7,1,31,0,1,0.0,83.41,83.41,1,0,0.5958282734481034,3
24.768457,66.924088,133.03,114,1,1,0,16,31,27,7,0,31,0,0,0.0,133.03,133.03,1,1,0.9502821630116436,4
24.889238,66.956118,120.03,66,1,1,0,0,24,28,7,1,31,0,1,0.0,120.03,120.03,1,1,0.8574183870276448,4
24.780728,66.909805,122.81,47,1,1,0,0,48,28,7,1,31,0,1,0.0,122.81,122.81,1,1,0.8772769483534538,4
24.791805,67.091208,114.6,173,1,1,0,21,14,27,7,0,31,0,1,0.0,114.6,114.6,1,1,0.8186299021358667,4
24.92153,67.095518,56.47,322,1,1,0,23,30,27,7,0,31,0,1,0.0,56.47,56.47,1,0,0.4033859561397242,2
25.002537,67.155384,87.04,66,1,1,0,21,20,27,7,0,31,0,1,0.0,87.04,87.04,1,0,0.6217586970497893,3
24.851443,67.073316,65.42,29,1,1,0,16,25,27,7,0,31,0,0,0.0,65.42,65.42,1,0,0.46731909422101575,3
25.074757,66.949994,74.26,88,1,1,0,10,47,28,7,1,31,0,0,0.0,74.26,74.26,1,0,0.530466461890135,3
24.926906,67.286675,3.24,110,1,1,0,14,6,27,7,0,31,0,0,0.0,3.24,3.24,1,0,0.02314451032216587,1
24.854605,67.056042,135.45,54,1,1,0,12,23,27,7,0,31,0,0,0.0,135.45,135.45,1,1,0.9675691120794341,4
24.934174,67.188501,13.24,63,1,1,0,15,31,27,7,0,31,0,0,0.0,13.24,13.24,1,0,0.09457818415601114,1
24.852536,66.97076,130.99,243,1,1,0,15,56,27,7,0,31,0,0,0.0,130.99,130.99,1,1,0.9357096935495393,4
24.963151,67.211184,109.87,267,1,1,0,4,0,28,7,1,31,0,1,0.0,109.87,109.87,1,1,0.7848417744124581,4
24.782425,67.188492,36.66,162,1,1,0,7,13,28,7,1,31,0,0,0.0,36.66,36.66,1,0,0.26187584827487675,2
25.060575,67.153009,7.91,174,1,1,0,2,31,28,7,1,31,0,1,0.0,7.91,7.91,1,0,0.05650403600257161,1
24.934423,67.277551,55.13,267,1,1,0,12,37,27,7,0,31,0,0,0.0,55.13,55.13,1,0,0.393813843845989,2
24.787143,67.152897,53.97,63,1,1,0,0,32,28,7,1,31,0,1,0.0,53.97,53.97,1,0,0.3855275376812629,2
24.968483,67.212903,90.26,178,1,1,0,13,48,27,7,0,31,0,0,0.0,90.26,90.26,1,0,0.6447603400242874,4
25.096392,67.197296,96.12,66,1,1,0,21,17,27,7,0,31,0,1,0.0,96.12,96.12,1,0,0.6866204728909208,4
25.049125,66.986622,43.37,210,1,1,0,7,53,28,7,1,31,0,0,0.0,43.37,43.37,1,0,0.30980784341738693,2
24.818622,67.220015,77.75,76,1,1,0,18,7,27,7,0,31,0,0,0.0,77.75,77.75,1,0,0.555396814058147,3
25.05978,67.247715,5.42,204,1,1,0,6,36,28,7,1,31,0,0,0.0,5.42,5.42,1,0,0.03871705121794414,1
25.035176,67.210547,84.67,3,1,1,0,5,49,28,7,1,31,0,1,0.0,84.67,84.67,1,0,0.6048289163511679,3
25.000528,67.142791,123.67,273,1,1,0,10,29,28,7,1,31,0,0,0.0,123.67,123.67,1,1,0.8834202443031645,4
24.791394,67.018283,62.15,180,1,1,0,4,13,28,7,1,31,0,1,0.0,62.15,62.15,1,0,0.44396028287734834,3
24.859303,67.189206,86.1,85,1,1,0,10,33,28,7,1,31,0,0,0.0,86.1,86.1,1,0,0.6150439317094077,3
24.965229,66.917559,1.52,153,1,1,0,13,3,27,7,0,31,0,0,0.0,1.52,1.52,1,0,0.010857918422744481,1
25.035589,67.208146,134.86,343,1,1,0,21,55,27,7,0,31,0,1,0.0,134.86,134.86,1,1,0.9633545253232374,4
25.034663,67.118665,43.17,194,1,1,0,22,14,27,7,0,31,0,1,0.0,43.17,43.17,1,0,0.30837916994071,2
25.029141,66.973439,32.17,256,1,1,0,2,5,28,7,1,31,0,1,0.0,32.17,32.17,1,0,0.22980212872348024,2
24.958481,67.044445,62.11,180,1,1,0,13,27,27,7,0,31,0,0,0.0,62.11,62.11,1,0,0.44367454818201296,3
24.884909,67.106638,74.6,302,1,1,0,21,57,27,7,0,31,0,1,0.0,74.6,74.6,1,0,0.5328952068004856,3
25.073172,67.143904,68.19,217,1,1,0,9,2,28,7,1,31,0,0,0.0,68.19,68.19,1,0,0.4871062218729909,3
24.995782,67.123841,18.54,111,1,1,0,12,59,27,7,0,31,0,0,0.0,18.54,18.54,1,0,0.13243803128794912,1
25.035371,67.066822,76.66,220,1,1,0,5,17,28,7,1,31,0,1,0.0,76.66,76.66,1,0,0.5476105436102578,3
25.022189,67.082108,126.89,318,1,1,0,20,40,27,7,0,31,0,1,0.0,126.89,126.89,1,1,0.9064218872776626,4
24.795272,67.132591,57.09,290,1,1,0,17,42,27,7,0,31,0,0,0.0,57.09,57.09,1,0,0.4078148439174227,2
24.768977,67.196798,19.01,143,1,1,0,1,21,28,7,1,31,0,1,0.0,19.01,19.01,1,0,0.13579541395813988,1
25.08158,66.956013,17.92,19,1,1,0,21,21,27,7,0,31,0,1,0.0,17.92,17.92,1,0,0.12800914351025072,1
25.031216,67.116433,17.75,60,1,1,0,21,15,27,7,0,31,0,1,0.0,17.75,17.75,1,0,0.12679477105507536,1
24.761761,67.284026,51.15,199,1,1,0,5,6,28,7,1,31,0,1,0.0,51.15,51.15,1,0,0.36538324166011854,2
24.820724,67.115431,35.9,287,1,1,0,1,27,28,7,1,31,0,1,0.0,35.9,35.9,1,0,0.2564468890635045,2
24.844293,67.224999,12.65,325,1,1,0,21,28,27,7,0,31,0,1,0.0,12.65,12.65,1,0,0.09036359739981427,1
24.812552,67.123638,77.29,247,1,1,0,2,6,28,7,1,31,0,1,0.0,77.29,77.29,1,0,0.5521108650617902,3
24.901421,67.178024,108.54,260,1,1,0,22,57,27,7,0,31,0,1,0.0,108.54,108.54,1,1,0.7753410957925566,4
25.067323,66.9539,124.62,351,1,1,0,21,14,27,7,0,31,0,1,0.0,124.62,124.62,1,1,0.8902064433173797,4
24.776693,66.927069,118.6,7,1,1,0,18,27,27,7,0,31,0,0,0.0,118.6,118.6,1,1,0.8472033716694048,4
24.941964,67.083203,93.22,290,1,1,0,6,32,28,7,1,31,0,0,0.0,93.22,93.22,1,0,0.6659047074791056,4
24.82739,67.068811,121.97,218,1,1,0,13,3,27,7,0,31,0,0,0.0,121.97,121.97,1,1,0.8712765197514107,4
25.090782,67.247429,30.62,97,1,1,0,18,52,27,7,0,31,0,0,0.0,30.62,30.62,1,0,0.21872990927923422,2
24.784513,66.988526,115.81,10,1,1,0,17,49,27,7,0,31,0,0,0.0,115.81,115.81,1,1,0.8272733766697621,4
24.78716,67.2975,35.85,288,1,1,0,8,59,28,7,1,31,0,0,0.0,35.85,35.85,1,0,0.2560897206943353,2
24.924889,66.973827,99.02,205,1,1,0,4,2,28,7,1,31,0,1,0.0,99.02,99.02,1,0,0.7073362383027358,4
24.972327,67.137334,86.7,347,1,1,0,17,27,27,7,0,31,0,0,0.0,86.7,86.7,1,0,0.6193299521394385,3
24.962993,67.136888,77.2,70,1,1,0,19,29,27,7,0,31,0,0,0.0,77.2,77.2,1,0,0.5514679619972855,3
24.901295,66.933559,25.24,198,1,1,0,11,56,27,7,0,31,0,0,0.0,25.24,25.24,1,0,0.18029859275662544,1
24.878357,67.158529,37.64,185,1,1,0,9,50,28,7,1,31,0,0,0.0,37.64,37.64,1,0,0.2688763483105936,2
24.964506,67.060511,65.42,165,1,1,0,2,57,28,7,1,31,0,1,0.0,65.42,65.42,1,0,0.46731909422101575,3
24.796265,67.055777,44.9,322,1,1,0,3,28,28,7,1,31,0,1,0.0,44.9,44.9,1,0,0.32073719551396523,2
24.909092,67.070677,36.71,230,1,1,0,2,24,28,7,1,31,0,1,0.0,36.71,36.71,1,0,0.26223301664404597,2
24.877501,66.905424,36.03,180,1,1,0,0,23,28,7,1,31,0,1,0.0,36.03,36.03,1,0,0.2573755268233445,2
25.067571,67.206063,102.82,77,1,1,0,15,34,27,7,0,31,0,0,0.0,102.82,102.82,1,1,0.734481034359597,4
24.920841,67.127182,59.87,184,1,1,0,14,59,27,7,0,31,0,0,0.0,59.87,59.87,1,0,0.4276734052432316,2
25.082926,67.27327,103.88,355,1,1,0,22,37,27,7,0,31,0,1,0.0,103.88,103.88,1,1,0.7420530037859846,4
25.063616,67.175958,1.01,179,1,1,0,3,1,28,7,1,31,0,1,0.0,1.01,1.01,1,0,0.007214801057218372,1
25.091719,67.22586,62.54,57,1,1,0,14,18,27,7,0,31,0,0,0.0,62.54,62.54,1,0,0.44674619615686834,3
25.030428,67.134248,45.72,224,1,1,0,17,36,27,7,0,31,0,0,0.0,45.72,45.72,1,0,0.32659475676834054,2
25.069622,67.083108,71.59,122,1,1,0,4,58,28,7,1,31,0,1,0.0,71.59,71.59,1,0,0.5113936709764983,3
24.9578,67.013143,128.89,329,1,1,0,16,57,27,7,0,31,0,0,0.0,128.89,128.89,1,1,0.9207086220444316,4
24.826469,66.952887,100.5,209,1,1,0,15,24,27,7,0,31,0,0,0.0,100.5,100.5,1,1,0.7179084220301449,4
25.030215,67.267473,24.15,302,1,1,0,8,15,28,7,1,31,0,0,0.0,24.15,24.15,1,0,0.1725123223087363,1
25.009718,66.909855,127.7,15,1,1,0,8,42,28,7,1,31,0,0,0.0,127.7,127.7,1,1,0.9122080148582041,4
24.864688,67.182069,51.53,197,1,1,0,23,32,27,7,0,31,0,1,0.0,51.53,51.53,1,0,0.3680977212658047,2
24.910819,67.243466,91.83,71,1,1,0,1,13,28,7,1,31,0,1,0.0,91.83,91.83,1,0,0.6559754268162011,4
24.972872,67.12169,138.27,250,1,1,0,3,22,28,7,1,31,0,1,0.0,138.27,138.27,1,1,0.9877134081005786,4
25.02261,67.011353,114.12,8,1,1,0,2,30,28,7,1,31,0,1,0.0,114.12,114.12,1,1,0.8152010857918423,4
24.917833,67.296238,19.24,269,1,1,0,19,8,27,7,0,31,0,0,0.0,19.24,19.24,1,0,0.13743838845631828,1
24.95553,66.91708,139.87,180,1,1,0,20,26,27,7,0,31,0,1,0.0,139.87,139.87,1,1,0.9991427959139938,4
24.796011,67.011067,134.23,125,1,1,0,10,43,28,7,1,31,0,0,0.0,134.23,134.23,1,1,0.958854203871705,4
24.867478,67.203573,13.42,309,1,1,0,23,36,27,7,0,31,0,1,0.0,13.42,13.42,1,0,0.09586399028502035,1
25.025722,66.917126,5.19,60,1,1,0,3,38,28,7,1,31,0,1,0.0,5.19,5.19,1,0,0.037074076719765696,1
25.086817,67.160042,86.62,99,1,1,0,5,18,28,7,1,31,0,1,0.0,86.62,86.62,1,0,0.6187584827487678,3
25.077786,67.222247,87.95,319,1,1,0,4,2,28,7,1,31,0,1,0.0,87.95,87.95,1,0,0.6282591613686692,3
24.827083,66.917605,86.36,6,1,1,0,6,30,28,7,1,31,0,0,0.0,86.36,86.36,1,0,0.6169012072290877,3
24.771498,67.136185,107.31,65,1,1,0,22,0,27,7,0,31,0,1,0.0,107.31,107.31,1,1,0.7665547539109936,4
25.076668,67.06828,90.18,273,1,1,0,18,2,27,7,0,31,0,0,0.0,90.18,90.18,1,0,0.6441888706336167,4
24.953091,66.979189,52.33,183,1,1,0,7,58,28,7,1,31,0,0,0.0,52.33,52.33,1,0,0.3738124151725123,2
25.078447,67.198461,69.57,346,1,1,0,4,7,28,7,1,31,0,1,0.0,69.57,69.57,1,0,0.4969640688620615,3
24.755651,67.089741,68.35,231,1,1,0,12,59,27,7,0,31,0,0,0.0,68.35,68.35,1,0,0.4882491606543324,3
24.982601,67.201169,86.86,186,1,1,0,22,10,27,7,0,31,0,1,0.0,86.86,86.86,1,0,0.6204728909207801,3
24.869797,67.06933,0.71,319,1,1,0,9,22,28,7,1,31,0,0,0.0,0.71,0.71,1,0,0.0050717908422030136,1
25.04216,67.29252,94.29,217,1,1,0,3,33,28,7,1,31,0,1,0.0,94.29,94.29,1,0,0.6735481105793271,4
24.842294,67.129346,125.4,0,1,1,0,20,25,27,7,0,31,0,1,0.0,125.4,125.4,1,1,0.8957782698764197,4
25.031804,67.203363,60.85,22,1,1,0,7,33,28,7,1,31,0,0,0.0,60.85,60.85,1,0,0.4346739052789485,3
24.890941,67.064452,0.89,180,1,1,0,20,42,27,7,0,31,0,1,0.0,0.89,0.89,1,0,0.006357596971212229,1
24.750883,67.167476,74.37,119,1,1,0,0,11,28,7,1,31,0,1,0.0,74.37,74.37,1,0,0.5312522323023073,3
25.007197,67.206958,91.74,138,1,1,0,18,25,27,7,0,31,0,0,0.0,91.74,91.74,1,0,0.6553325237516965,4
24.967576,67.270245,88.86,23,1,1,0,22,36,27,7,0,31,0,1,0.0,88.86,88.86,1,0,0.6347596256875491,3
25.096845,67.109627,5.48,312,1,1,0,5,34,28,7,1,31,0,1,0.0,5.48,5.48,1,0,0.03914565326094721,1
24.996907,67.258439,22.66,23,1,1,0,11,21,27,7,0,31,0,0,0.0,22.66,22.66,1,0,0.1618687049074934,1
24.781248,67.080058,16.23,62,1,1,0,14,29,27,7,0,31,0,0,0.0,16.23,16.23,1,0,0.11593685263233088,1
24.880555,67.09396,1.81,174,1,1,0,5,24,28,7,1,31,0,1,0.0,1.81,1.81,1,0,0.012929494963925994,1
24.834141,66.962991,32.78,141,1,1,0,12,1,27,7,0,31,0,0,0.0,32.78,32.78,1,0,0.2341595828273448,2
25.067118,67.231991,0.64,334,1,1,0,8,11,28,7,1,31,0,0,0.0,0.64,0.64,1,0,0.004571755125366097,1
24.935136,67.180182,114.99,144,1,1,0,15,16,27,7,0,31,0,0,0.0,114.99,114.99,1,1,0.8214158154153868,4
24.915461,67.14043,114.01,244,1,1,0,15,43,27,7,0,31,0,0,0.0,114.01,114.01,1,1,0.8144153153796699,4
24.843389,67.156385,95.44,57,1,1,0,0,39,28,7,1,31,0,1,0.0,95.44,95.44,1,0,0.6817629830702192,4
24.853419,66.919091,117.82,39,1,1,0,9,42,28,7,1,31,0,0,0.0,117.82,117.82,1,1,0.841631545110365,4
24.892914,67.152471,21.56,94,1,1,0,15,53,27,7,0,31,0,0,0.0,21.56,21.56,1,0,0.1540110007857704,1
24.964421,67.014103,62.1,243,1,1,0,5,20,28,7,1,31,0,1,0.0,62.1,62.1,1,0,0.44360311450817913,3
25.010781,67.118205,78.77,136,1,1,0,0,40,28,7,1,31,0,1,0.0,78.77,78.77,1,0,0.5626830487891992,3
24.87453,67.16656,124.2,8,1,1,0,8,52,28,7,1,31,0,0,0.0,124.2,124.2,1,1,0.8872062290163583,4
24.986794,67.073658,82.67,136,1,1,0,7,56,28,7,1,31,0,0,0.0,82.67,82.67,1,0,0.5905421815843989,3
25.057043,67.022429,58.8,351,1,1,0,3,29,28,7,1,31,0,1,0.0,58.8,58.8,1,0,0.4200300021430102,2
25.004761,67.055403,60.08,215,1,1,0,18,36,27,7,0,31,0,0,0.0,60.08,60.08,1,0,0.42917351239374235,3
24.981854,67.299932,9.56,281,1,1,0,12,14,27,7,0,31,0,0,0.0,9.56,9.56,1,0,0.06829059218515608,1
24.783196,67.056517,83.01,76,1,1,0,1,29,28,7,1,31,0,1,0.0,83.01,83.01,1,0,0.5929709264947496,3
25.035263,66.994508,101.83,74,1,1,0,2,1,28,7,1,31,0,1,0.0,101.83,101.83,1,1,0.7274091006500464,4
24.856669,67.261512,108.43,335,1,1,0,14,21,27,7,0,31,0,0,0.0,108.43,108.43,1,1,0.7745553253803843,4
24.831135,66.936908,43.62,26,1,1,0,14,30,27,7,0,31,0,0,0.0,43.62,43.62,1,0,0.31159368526323306,2
24.947573,67.195117,120.47,49,1,1,0,17,43,27,7,0,31,0,0,0.0,120.47,120.47,1,1,0.860561468676334,4
24.809398,66.990126,59.46,39,1,1,0,11,23,27,7,0,31,0,0,0.0,59.46,59.46,1,0,0.424744624616044,2
24.925633,67.055072,118.3,345,1,1,0,23,1,27,7,0,31,0,1,0.0,118.3,118.3,1,1,0.8450603614543896,4
25.039319,67.163158,39.13,31,1,1,0,19,21,27,7,0,31,0,0,0.0,39.13,39.13,1,0,0.27951996571183657,2
24.780289,67.105976,102.54,75,1,1,0,11,47,27,7,0,31,0,0,0.0,102.54,102.54,1,1,0.7324808914922495,4
24.930996,67.118165,18.24,354,1,1,0,8,48,28,7,1,31,0,0,0.0,18.24,18.24,1,0,0.13029502107293375,1
24.878792,67.181007,85.28,354,1,1,0,0,36,28,7,1,31,0,1,0.0,85.28,85.28,1,0,0.6091863704550324,3
24.985045,66.934951,75.38,262,1,1,0,20,59,27,7,0,31,0,1,0.0,75.38,75.38,1,0,0.5384670333595256,3
24.851853,67.159301,103.33,150,1,1,0,20,3,27,7,0,31,0,1,0.0,103.33,103.33,1,1,0.7381241517251231,4
25.008835,67.181487,17.19,176,1,1,0,23,0,27,7,0,31,0,1,0.0,17.19,17.19,1,0,0.12279448532038002,1
24.787849,67.133144,15.01,226,1,1,0,8,43,28,7,1,31,0,0,0.0,15.01,15.01,1,0,0.10722194442460174,1
24.775775,67.067239,57.55,158,1,1,0,1,41,28,7,1,31,0,1,0.0,57.55,57.55,1,0,0.4111007929137795,2
24.796292,67.224738,128.68,13,1,1,0,22,43,27,7,0,31,0,1,0.0,128.68,128.68,1,1,0.919208514893921,4
24.799039,67.11098,107.16,153,1,1,0,18,13,27,7,0,31,0,0,0.0,107.16,107.16,1,1,0.7654832488034858,4
25.073925,67.24761,1.57,277,1,1,0,20,26,27,7,0,31,0,1,0.0,1.57,1.57,1,0,0.011215086791913707,1
24.966086,66.958276,27.7,335,1,1,0,12,16,27,7,0,31,0,0,0.0,27.7,27.7,1,0,0.1978712765197514,1
24.787736,67.217222,106.03,262,1,1,0,13,45,27,7,0,31,0,0,0.0,106.03,106.03,1,1,0.7574112436602614,4
24.774852,67.281957,51.24,348,1,1,0,11,11,28,7,1,31,0,0,0.0,51.24,51.24,1,0,0.3660261447246232,2
24.888041,66.918022,136.89,92,1,1,0,4,18,28,7,1,31,0,1,0.0,136.89,136.89,1,1,0.9778555611115078,4
24.90875,66.92629,103.58,229,1,1,0,2,15,28,7,1,31,0,1,0.0,103.58,103.58,1,1,0.7399099935709693,4
24.843317,67.178383,79.53,301,1,1,0,10,32,28,7,1,31,0,0,0.0,79.53,79.53,1,0,0.5681120080005715,3
25.021931,67.166778,40.08,142,1,1,0,7,52,28,7,1,31,0,0,0.0,40.08,40.08,1,0,0.2863061647260518,2
24.904154,67.003203,77.2,141,1,1,0,1,54,28,7,1,31,0,1,0.0,77.2,77.2,1,0,0.5514679619972855,3
24.951425,67.159738,81.03,57,1,1,0,22,33,27,7,0,31,0,1,0.0,81.03,81.03,1,0,0.5788270590756482,3
24.894835,67.230968,60.21,204,1,1,0,20,12,27,7,0,31,0,1,0.0,60.21,60.21,1,0,0.4301021501535824,3
25.098885,67.191294,2.88,63,1,1,0,5,40,28,7,1,31,0,1,0.0,2.88,2.88,1,0,0.020572898064147437,1
24.944947,66.910231,79.49,221,1,1,0,11,49,27,7,0,31,0,0,0.0,79.49,79.49,1,0,0.567826273305236,3
25.037286,67.177692,116.54,71,1,1,0,13,46,27,7,0,31,0,0,0.0,116.54,116.54,1,1,0.8324880348596329,4
25.062671,67.291594,139.46,282,1,1,0,17,32,27,7,0,31,0,0,0.0,139.46,139.46,1,1,0.9962140152868062,4
24.971109,67.075844,133.06,39,1,1,0,1,1,28,7,1,31,0,1,0.0,133.06,133.06,1,1,0.9504964640331451,4
24.764792,66.923628,16.98,271,1,1,0,23,24,27,7,0,31,0,1,0.0,16.98,16.98,1,0,0.12129437816986927,1
25.054332,67.233799,28.69,268,1,1,0,5,33,28,7,1,31,0,1,0.0,28.69,28.69,1,0,0.2049432102293021,1
24.858409,67.276109,99.42,334,1,1,0,1,25,28,7,1,31,0,1,0.0,99.42,99.42,1,0,0.7101935852560897,4
24.793984,66.902297,107.9,192,1,1,0,6,57,28,7,1,31,0,0,0.0,107.9,107.9,1,1,0.7707693406671905,4
25.033742,67.262773,29.36,319,1,1,0,16,33,27,7,0,31,0,0,0.0,29.36,29.36,1,0,0.2097292663761697,1
24.973043,67.155094,130.65,274,1,1,0,16,34,27,7,0,31,0,0,0.0,130.65,130.65,1,1,0.9332809486391885,4
24.968796,66.92391,130.32,330,1,1,0,5,44,28,7,1,31,0,1,0.0,130.32,130.32,1,1,0.9309236374026715,4
24.843657,67.09263,101.88,47,1,1,0,22,39,27,7,0,31,0,1,0.0,101.88,101.88,1,1,0.7277662690192156,4
24.808261,67.115285,97.31,177,1,1,0,8,29,28,7,1,31,0,0,0.0,97.31,97.31,1,0,0.6951210800771483,4
25.008804,67.07526,1.72,194,1,1,0,23,37,27,7,0,31,0,1,0.0,1.72,1.72,1,0,0.012286591899421386,1
24.922661,67.005411,122.83,7,1,1,0,2,43,28,7,1,31,0,1,0.0,122.83,122.83,1,1,0.8774198157011215,4
24.828145,67.05421,94.38,176,1,1,0,17,13,27,7,0,31,0,0,0.0,94.38,94.38,1,0,0.6741910136438316,4
24.909464,67.282474,103.19,267,1,1,0,1,48,28,7,1,31,0,1,0.0,103.19,103.19,1,1,0.7371240802914494,4
24.849388,67.089959,102.52,7,1,1,0,2,12,28,7,1,31,0,1,0.0,102.52,102.52,1,1,0.7323380241445817,4
24.752146,67.288968,101.84,349,1,1,0,1,31,28,7,1,31,0,1,0.0,101.84,101.84,1,1,0.7274805343238803,4
24.84263,66.984323,132.8,292,1,1,0,20,11,27,7,0,31,0,1,0.0,132.8,132.8,1,1,0.9486391885134653,4
25.039193,67.26682,22.96,301,1,1,0,23,30,27,7,0,31,0,1,0.0,22.96,22.96,1,0,0.16401171512250876,1
25.040066,67.198983,53.53,143,1,1,0,14,56,27,7,0,31,0,0,0.0,53.53,53.53,1,0,0.38238445603257376,2
25.054627,66.908697,21.67,58,1,1,0,18,55,27,7,0,31,0,0,0.0,21.67,21.67,1,0,0.15479677119794272,1
24.886171,67.278694,34.64,106,1,1,0,0,26,28,7,1,31,0,1,0.0,34.64,34.64,1,0,0.24744624616044003,2
25.024807,67.058032,75.02,317,1,1,0,0,3,28,7,1,31,0,1,0.0,75.02,75.02,1,0,0.5358954211015072,3
24.750444,67.225969,100.05,263,1,1,0,23,55,27,7,0,31,0,1,0.0,100.05,100.05,1,1,0.7146939067076219,4
24.805733,67.051617,66.62,187,1,1,0,22,42,27,7,0,31,0,1,0.0,66.62,66.62,1,0,0.4758911350810772,3
25.078853,66.942484,14.31,200,1,1,0,21,54,27,7,0,31,0,1,0.0,14.31,14.31,1,0,0.10222158725623258,1
24.930208,67.12795,62.14,352,1,1,0,4,15,28,7,1,31,0,1,0.0,62.14,62.14,1,0,0.4438888492035145,3
24.794416,67.100845,30.05,154,1,1,0,19,52,27,7,0,31,0,0,0.0,30.05,30.05,1,0,0.21465818987070504,2
24.877874,67.241337,139.58,174,1,1,0,8,25,28,7,1,31,0,0,0.0,139.58,139.58,1,1,0.9970712193728124,4
25.025053,67.046006,45.62,288,1,1,0,4,4,28,7,1,31,0,1,0.0,45.62,45.62,1,0,0.3258804200300021,2
25.07286,66.995615,75.43,133,1,1,0,11,13,28,7,1,31,0,0,0.0,75.43,75.43,1,0,0.5388242017286949,3
24.774322,67.285198,68.41,145,1,1,0,3,51,28,7,1,31,0,1,0.0,68.41,68.41,1,0,0.4886777626973355,3
25.015911,67.264265,93.34,57,1,1,0,3,33,28,7,1,31,0,1,0.0,93.34,93.34,1,0,0.6667619115651118,4
24.84427,67.170893,28.35,74,1,1,0,18,27,27,7,0,31,0,0,0.0,28.35,28.35,1,0,0.20251446531895134,1
25.046492,67.29194,8.66,163,1,1,0,22,3,27,7,0,31,0,1,0.0,8.66,8.66,1,0,0.06186156154011001,1
25.043794,67.072864,44.77,156,1,1,0,23,29,27,7,0,31,0,1,0.0,44.77,44.77,1,0,0.3198085577541253,2
25.000474,67.139794,23.55,314,1,1,0,7,58,28,7,1,31,0,0,0.0,23.55,23.55,1,0,0.1682263018787056,1
24.885873,67.14429,70.76,184,1,1,0,21,21,27,7,0,31,0,1,0.0,70.76,70.76,1,0,0.5054646760482892,3
24.896781,67.149164,101.39,231,1,1,0,2,54,28,7,1,31,0,1,0.0,101.39,101.39,1,1,0.7242660190013572,4
24.786577,67.265314,16.23,21,1,1,0,6,56,28,7,1,31,0,0,0.0,16.23,16.23,1,0,0.11593685263233088,1
24.827361,67.049648,78.12,237,1,1,0,13,55,27,7,0,31,0,0,0.0,78.12,78.12,1,0,0.5580398599899993,3
25.075868,66.986212,122.48,77,1,1,0,13,47,27,7,0,31,0,0,0.0,122.48,122.48,1,1,0.8749196371169369,4
25.093017,66.960888,61.38,348,1,1,0,17,3,27,7,0,31,0,0,0.0,61.38,61.38,1,0,0.4384598899921423,3
24.836307,67.196535,130.41,190,1,1,0,20,11,27,7,0,31,0,1,0.0,130.41,130.41,1,1,0.9315665404671761,4
24.778846,67.237041,90.35,262,1,1,0,15,26,27,7,0,31,0,0,0.0,90.35,90.35,1,0,0.6454032430887919,4
24.822764,66.914138,26.07,117,1,1,0,18,11,27,7,0,31,0,0,0.0,26.07,26.07,1,0,0.18622758768483463,1
24.830513,67.145311,116.19,5,1,1,0,3,44,28,7,1,31,0,1,0.0,116.19,116.19,1,1,0.8299878562754481,4
25.047521,66.901221,115.73,279,1,1,0,0,57,28,7,1,31,0,1,0.0,115.73,115.73,1,1,0.8267019072790913,4
25.099397,67.083415,75.42,61,1,1,0,15,44,27,7,0,31,0,0,0.0,75.42,75.42,1,0,0.538752768054861,3
24.863383,66.918394,77.48,352,1,1,0,1,54,28,7,1,31,0,1,0.0,77.48,77.48,1,0,0.5534681048646332,3
25.031504,67.151025,32.5,182,1,1,0,19,49,27,7,0,31,0,0,0.0,32.5,32.5,1,0,0.23215943995999713,2
24.985033,67.28647,3.58,17,1,1,0,18,56,27,7,0,31,0,0,0.0,3.58,3.58,1,0,0.025573255232516606,1
24.979202,67.005797,49.12,272,1,1,0,21,43,27,7,0,31,0,1,0.0,49.12,49.12,1,0,0.35088220587184793,2
24.963148,67.163132,94.5,355,1,1,0,1,36,28,7,1,31,0,1,0.0,94.5,94.5,1,0,0.6750482177298378,4
25.074532,66.958852,15.43,348,1,1,0,5,52,28,7,1,31,0,1,0.0,15.43,15.43,1,0,0.11022215872562324,1
24.924133,67.269724,136.32,265,1,1,0,1,38,28,7,1,31,0,1,0.0,136.32,136.32,1,1,0.9737838417029787,4
25.097516,67.039112,16.68,187,1,1,0,17,13,27,7,0,31,0,0,0.0,16.68,16.68,1,0,0.11915136795485391,1
25.042848,67.285298,121.71,215,1,1,0,9,17,28,7,1,31,0,0,0.0,121.71,121.71,1,1,0.8694192442317308,4
25.081169,66.932898,96.76,186,1,1,0,8,48,28,7,1,31,0,0,0.0,96.76,96.76,1,0,0.6911922280162869,4
25.068407,67.031714,21.38,277,1,1,0,6,33,28,7,1,31,0,0,0.0,21.38,21.38,1,0,0.15272519465676118,1
24.75288,67.009346,20.95,91,1,1,0,0,4,28,7,1,31,0,1,0.0,20.95,20.95,1,0,0.14965354668190584,1
24.849585,67.201724,15.3,49,1,1,0,9,31,28,7,1,31,0,0,0.0,15.3,15.3,1,0,0.10929352096578326,1
24.918924,67.234779,39.98,36,1,1,0,8,29,28,7,1,31,0,0,0.0,39.98,39.98,1,0,0.2855918279877134,2
25.076762,67.036106,134.17,300,1,1,0,8,37,28,7,1,31,0,0,0.0,134.17,134.17,1,1,0.9584256018287018,4
24.914168,67.241423,106.35,337,1,1,0,0,38,28,7,1,31,0,1,0.0,106.35,106.35,1,1,0.7596971212229444,4
24.865417,67.013616,98.14,318,1,1,0,0,43,28,7,1,31,0,1,0.0,98.14,98.14,1,0,0.7010500750053574,4
24.77363,66.90706,136.92,299,1,1,0,19,0,27,7,0,31,0,0,0.0,136.92,136.92,1,1,0.9780698621330094,4
24.890204,67.128113,106.94,99,1,1,0,22,9,27,7,0,31,0,1,0.0,106.94,106.94,1,1,0.7639117079791413,4
24.791679,67.132232,116.66,359,1,1,0,14,33,27,7,0,31,0,0,0.0,116.66,116.66,1,1,0.8333452389456389,4
24.845527,67.094257,125.69,199,1,1,0,23,6,27,7,0,31,0,1,0.0,125.69,125.69,1,1,0.8978498464176011,4
25.086254,67.268909,64.73,34,1,1,0,13,33,27,7,0,31,0,0,0.0,64.73,64.73,1,0,0.4623901707264805,3
24.961775,67.233965,73.32,244,1,1,0,11,6,28,7,1,31,0,0,0.0,73.32,73.32,1,0,0.5237516965497535,3
24.92116,66.917156,134.86,346,1,1,0,12,14,27,7,0,31,0,0,0.0,134.86,134.86,1,1,0.9633545253232374,4
25.009501,67.256971,97.31,86,1,1,0,8,59,28,7,1,31,0,0,0.0,97.31,97.31,1,0,0.6951210800771483,4
24.774493,66.922981,32.63,265,1,1,0,10,57,28,7,1,31,0,0,0.0,32.63,32.63,1,0,0.23308807771983714,2
25.0888,67.112673,48.32,304,1,1,0,20,41,27,7,0,31,0,1,0.0,48.32,48.32,1,0,0.34516751196514034,2
24.756375,67.058369,108.32,168,1,1,0,17,45,27,7,0,31,0,0,0.0,108.32,108.32,1,1,0.7737695549682119,4
24.761735,67.009981,129.02,245,1,1,0,20,51,27,7,0,31,0,1,0.0,129.02,129.02,1,1,0.9216372598042718,4
25.048046,66.918317,33.34,317,1,1,0,1,40,28,7,1,31,0,1,0.0,33.34,33.34,1,0,0.23815986856204016,2
24.87193,67.137426,13.5,125,1,1,0,19,59,27,7,0,31,0,0,0.0,13.5,13.5,1,0,0.09643545967569112,1
24.763046,66.998658,107.22,303,1,1,0,0,45,28,7,1,31,0,1,0.0,107.22,107.22,1,1,0.7659118508464889,4
25.010743,66.953651,117.59,38,1,1,0,15,49,27,7,0,31,0,0,0.0,117.59,117.59,1,1,0.8399885706121866,4
24.897669,67.081767,36.83,312,1,1,0,4,50,28,7,1,31,0,1,0.0,36.83,36.83,1,0,0.2630902207300521,2
24.769617,67.154991,58.74,31,1,1,0,23,54,27,7,0,31,0,1,0.0,58.74,58.74,1,0,0.4196014001000071,2
25.06573,67.175518,71.08,110,1,1,0,20,51,27,7,0,31,0,1,0.0,71.08,71.08,1,0,0.5077505536109722,3
25.056473,67.182577,5.53,288,1,1,0,23,35,27,7,0,31,0,1,0.0,5.53,5.53,1,0,0.03950282163011644,1
24.898352,67.043606,16.61,167,1,1,0,15,42,27,7,0,31,0,0,0.0,16.61,16.61,1,0,0.118651332238017,1
25.068106,67.119122,59.97,250,1,1,0,4,14,28,7,1,31,0,1,0.0,59.97,59.97,1,0,0.4283877419815701,2
24.952162,67.257809,98.35,104,1,1,0,23,41,27,7,0,31,0,1,0.0,98.35,98.35,1,0,0.7025501821558682,4
24.795781,67.155588,24.87,76,1,1,0,23,48,27,7,0,31,0,1,0.0,24.87,24.87,1,0,0.1776555468247732,1
25.02721,66.961548,92.64,105,1,1,0,1,37,28,7,1,31,0,1,0.0,92.64,92.64,1,0,0.6617615543967426,4
24.976808,67.087151,122.98,214,1,1,0,13,35,27,7,0,31,0,0,0.0,122.98,122.98,1,1,0.8784913208086291,4
24.99932,67.034126,98.6,224,1,1,0,5,3,28,7,1,31,0,1,0.0,98.6,98.6,1,0,0.7043360240017144,4
24.849836,67.289282,129.38,354,1,1,0,5,45,28,7,1,31,0,1,0.0,129.38,129.38,1,1,0.9242088720622901,4
24.985381,67.252945,139.2,143,1,1,0,1,32,28,7,1,31,0,1,0.0,139.2,139.2,1,1,0.9943567397671261,4
24.98515,67.074414,97.42,156,1,1,0,8,31,28,7,1,31,0,0,0.0,97.42,97.42,1,0,0.6959068504893207,4
24.993235,67.096403,135.62,294,1,1,0,2,31,28,7,1,31,0,1,0.0,135.62,135.62,1,1,0.9687834845346096,4
25.005049,66.950438,7.88,201,1,1,0,17,23,27,7,0,31,0,0,0.0,7.88,7.88,1,0,0.05628973498107007,1
24.808934,67.061603,117.17,111,1,1,0,23,54,27,7,0,31,0,1,0.0,117.17,117.17,1,1,0.8369883563111651,4
25.089127,66.901958,6.35,319,1,1,0,16,42,27,7,0,31,0,0,0.0,6.35,6.35,1,0,0.04536038288449174,1
24.915628,67.110698,15.33,143,1,1,0,21,49,27,7,0,31,0,1,0.0,15.33,15.33,1,0,0.1095078219872848,1
24.932977,66.906018,108.14,287,1,1,0,4,15,28,7,1,31,0,1,0.0,108.14,108.14,1,1,0.7724837488392028,4
24.990211,67.155325,48.04,243,1,1,0,22,17,27,7,0,31,0,1,0.0,48.04,48.04,1,0,0.34316736909779266,2
25.050073,67.027424,111.1,59,1,1,0,10,23,28,7,1,31,0,0,0.0,111.1,111.1,1,1,0.7936281162940209,4
24.93502,66.987127,54.93,130,1,1,0,4,48,28,7,1,31,0,1,0.0,54.93,54.93,1,0,0.3923851703693121,2
25.004906,67.270318,27.76,335,1,1,0,14,8,27,7,0,31,0,0,0.0,27.76,27.76,1,0,0.19829987856275447,1
24.780507,67.08849,88.26,283,1,1,0,15,40,27,7,0,31,0,0,0.0,88.26,88.26,1,0,0.6304736052575184,3
24.7711,67.065483,139.05,272,1,1,0,11,0,28,7,1,31,0,0,0.0,139.05,139.05,1,1,0.9932852346596186,4
25.018038,67.220596,135.85,234,1,1,0,20,56,27,7,0,31,0,1,0.0,135.85,135.85,1,1,0.9704264590327879,4
24.781141,67.263698,56.95,139,1,1,0,6,1,28,7,1,31,0,0,0.0,56.95,56.95,1,0,0.4068147724837488,2
24.908735,67.250727,53.35,45,1,1,0,15,12,27,7,0,31,0,0,0.0,53.35,53.35,1,0,0.3810986499035645,2
24.95642,67.224005,57.03,28,1,1,0,21,20,27,7,0,31,0,1,0.0,57.03,57.03,1,0,0.4073862418744196,2
24.88577,66.922133,22.1,120,1,1,0,2,33,28,7,1,31,0,1,0.0,22.1,22.1,1,0,0.15786841917279806,1
24.962902,66.927789,38.19,2,1,1,0,20,11,27,7,0,31,0,1,0.0,38.19,38.19,1,0,0.27280520037145506,2
25.061275,67.29774,114.49,77,1,1,0,11,40,27,7,0,31,0,0,0.0,114.49,114.49,1,1,0.8178441317236944,4
24.937183,67.091476,22.45,323,1,1,0,22,33,27,7,0,31,0,1,0.0,22.45,22.45,1,0,0.16036859775698262,1
24.832778,66.981956,38.55,128,1,1,0,7,39,28,7,1,31,0,0,0.0,38.55,38.55,1,0,0.2753768126294735,2
25.059864,67.274344,82.87,145,1,1,0,6,21,28,7,1,31,0,0,0.0,82.87,82.87,1,0,0.5919708550610758,3
24.799908,67.214611,25.95,190,1,1,0,14,23,27,7,0,31,0,0,0.0,25.95,25.95,1,0,0.18537038359882846,1
25.010795,66.92157,136.79,257,1,1,0,4,1,28,7,1,31,0,1,0.0,136.79,136.79,1,1,0.9771412243731694,4
24.851535,66.984106,122.72,82,1,1,0,14,50,27,7,0,31,0,0,0.0,122.72,122.72,1,1,0.8766340452889492,4
24.758632,67.138335,64.67,0,1,1,0,19,9,27,7,0,31,0,0,0.0,64.67,64.67,1,0,0.4619615686834774,3
24.881204,66.995736,84.77,39,1,1,0,5,0,28,7,1,31,0,1,0.0,84.77,84.77,1,0,0.6055432530895063,3
24.808526,67.104112,39.21,250,1,1,0,15,9,27,7,0,31,0,0,0.0,39.21,39.21,1,0,0.28009143510250734,2
24.7975,67.184773,67.83,135,1,1,0,4,52,28,7,1,31,0,1,0.0,67.83,67.83,1,0,0.48453460961497247,3
25.03503,66.974255,132.79,30,1,1,0,4,41,28,7,1,31,0,1,0.0,132.79,132.79,1,1,0.9485677548396313,4
25.076133,67.100019,80.55,204,1,1,0,12,49,27,7,0,31,0,0,0.0,80.55,80.55,1,0,0.5753982427316237,3
24.993193,67.148001,118.79,113,1,1,0,14,18,27,7,0,31,0,0,0.0,118.79,118.79,1,1,0.848560611472248,4
24.900104,67.083993,24.99,212,1,1,0,4,11,28,7,1,31,0,1,0.0,24.99,24.99,1,0,0.1785127509107793,1
24.758788,67.03233,22.27,186,1,1,0,21,57,27,7,0,31,0,1,0.0,22.27,22.27,1,0,0.15908279162797342,1
24.883944,67.005872,69.61,248,1,1,0,22,35,27,7,0,31,0,1,0.0,69.61,69.61,1,0,0.4972498035573969,3
24.764125,67.022933,0.49,67,1,1,0,5,55,28,7,1,31,0,1,0.0,0.49,0.49,1,0,0.003500250017858418,1
24.932939,67.141767,1.93,114,1,1,0,15,22,27,7,0,31,0,0,0.0,1.93,1.93,1,0,0.013786699049932136,1
24.971971,66.989317,90.74,29,1,1,0,15,6,27,7,0,31,0,0,0.0,90.74,90.74,1,0,0.648189156368312,4
24.840004,67.128955,7.28,118,1,1,0,14,40,27,7,0,31,0,0,0.0,7.28,7.28,1,0,0.05200371455103936,1
24.86556,67.108976,10.62,335,1,1,0,7,36,28,7,1,31,0,0,0.0,10.62,10.62,1,0,0.07586256161154367,1
25.093429,67.042229,14.31,124,1,1,0,12,24,27,7,0,31,0,0,0.0,14.31,14.31,1,0,0.10222158725623258,1
24.778938,67.224544,24.35,189,1,1,0,18,7,27,7,0,31,0,0,0.0,24.35,24.35,1,0,0.17394099578541325,1
24.857629,66.982078,52.68,121,1,1,0,20,4,27,7,0,31,0,1,0.0,52.68,52.68,1,0,0.3763125937566969,2
24.905368,67.078852,100.47,180,1,1,0,12,57,27,7,0,31,0,0,0.0,100.47,100.47,1,1,0.7176941210086434,4
24.797393,67.143011,69.96,34,1,1,0,16,11,27,7,0,31,0,0,0.0,69.96,69.96,1,0,0.49974998214158145,3
24.984186,67.08936,47.13,344,1,1,0,20,25,27,7,0,31,0,1,0.0,47.13,47.13,1,0,0.33666690477891276,2
24.885596,67.209786,50.95,347,1,1,0,13,35,27,7,0,31,0,0,0.0,50.95,50.95,1,0,0.3639545681834417,2
24.973684,66.952731,120.8,172,1,1,0,7,32,28,7,1,31,0,0,0.0,120.8,120.8,1,1,0.8629187799128508,4
25.008625,66.969125,109.02,164,1,1,0,15,43,27,7,0,31,0,0,0.0,109.02,109.02,1,1,0.7787699121365811,4
24.767754,66.911752,10.31,168,1,1,0,4,31,28,7,1,31,0,1,0.0,10.31,10.31,1,0,0.07364811772269447,1
24.870876,67.151554,37.75,351,1,1,0,11,10,28,7,1,31,0,0,0.0,37.75,37.75,1,0,0.2696621187227659,2
24.841869,67.175989,39.86,96,1,1,0,6,16,28,7,1,31,0,0,0.0,39.86,39.86,1,0,0.28473462390170723,2
25.049502,66.908681,42.05,353,1,1,0,1,18,28,7,1,31,0,1,0.0,42.05,42.05,1,0,0.3003785984713193,2
25.057094,67.060258,29.19,333,1,1,0,3,57,28,7,1,31,0,1,0.0,29.19,29.19,1,0,0.20851489392099434,1
24.820116,67.22861,74.53,181,1,1,0,14,20,27,7,0,31,0,0,0.0,74.53,74.53,1,0,0.5323951710836488,3
24.818826,67.031697,5.36,154,1,1,0,1,21,28,7,1,31,0,1,0.0,5.36,5.36,1,0,0.038288449174941064,1
24.77737,67.142152,117.41,109,1,1,0,5,18,28,7,1,31,0,1,0.0,117.41,117.41,1,1,0.8387027644831773,4
25.067637,66.91342,93.49,156,1,1,0,10,54,28,7,1,31,0,0,0.0,93.49,93.49,1,0,0.6678334166726194,4
24.870885,67.083212,69.08,316,1,1,0,2,27,28,7,1,31,0,1,0.0,69.08,69.08,1,0,0.4934638188442031,3
24.987966,67.250391,1.52,283,1,1,0,1,57,28,7,1,31,0,1,0.0,1.52,1.52,1,0,0.010857918422744481,1
24.957971,66.902322,63.57,22,1,1,0,11,27,27,7,0,31,0,0,0.0,63.57,63.57,1,0,0.4541038645617544,3
24.868169,67.096569,52.16,51,1,1,0,8,17,28,7,1,31,0,0,0.0,52.16,52.16,1,0,0.37259804271733693,2
24.872972,67.148175,66.23,48,1,1,0,7,14,28,7,1,31,0,0,0.0,66.23,66.23,1,0,0.47310522180155723,3
24.954242,67.288651,124.73,269,1,1,0,14,34,27,7,0,31,0,0,0.0,124.73,124.73,1,1,0.8909922137295521,4
25.045443,67.064104,104.5,32,1,1,0,12,16,27,7,0,31,0,0,0.0,104.5,104.5,1,1,0.746481891563683,4
24.95926,67.292465,70.94,15,1,1,0,21,54,27,7,0,31,0,1,0.0,70.94,70.94,1,0,0.5067504821772983,3
24.984268,67.170562,130.33,328,1,1,0,23,59,27,7,0,31,0,1,0.0,130.33,130.33,1,1,0.9309950710765055,4
24.754177,66.988219,98.91,308,1,1,0,18,49,27,7,0,31,0,0,0.0,98.91,98.91,1,0,0.7065504678905635,4
24.771801,66.984851,30.37,286,1,1,0,11,11,28,7,1,31,0,0,0.0,30.37,30.37,1,0,0.2169440674333881,2
25.088464,67.167893,25.62,304,1,1,0,0,49,28,7,1,31,0,1,0.0,25.62,25.62,1,0,0.1830130723623116,1
24.933677,67.053227,42.46,300,1,1,0,12,46,27,7,0,31,0,0,0.0,42.46,42.46,1,0,0.303307379098507,2
24.777989,67.083843,129.48,175,1,1,0,12,53,27,7,0,31,0,0,0.0,129.48,129.48,1,1,0.9249232088006285,4
24.940758,67.114298,9.01,38,1,1,0,22,15,27,7,0,31,0,1,0.0,9.01,9.01,1,0,0.06436174012429459,1
25.088765,66.900337,8.74,286,1,1,0,22,16,27,7,0,31,0,1,0.0,8.74,8.74,1,0,0.062433030930780765,1
24.757479,67.036808,50.1,354,1,1,0,11,7,28,7,1,31,0,0,0.0,50.1,50.1,1,0,0.3578827059075648,2
24.985813,67.20996,81.17,6,1,1,0,17,8,27,7,0,31,0,0,0.0,81.17,81.17,1,0,0.5798271305093221,3
25.073119,67.135277,94.84,198,1,1,0,23,41,27,7,0,31,0,1,0.0,94.84,94.84,1,0,0.6774769626401885,4
24.777147,66.935661,111.52,255,1,1,0,9,59,28,7,1,31,0,0,0.0,111.52,111.52,1,1,0.7966283305950425,4
24.9531,66.901714,13.94,351,1,1,0,15,27,27,7,0,31,0,0,0.0,13.94,13.94,1,0,0.0995785413243803,1
24.851148,67.050967,62.76,265,1,1,0,0,3,28,7,1,31,0,1,0.0,62.76,62.76,1,0,0.4483177369812129,3
24.974112,67.223676,133.4,77,1,1,0,2,2,28,7,1,31,0,1,0.0,133.4,133.4,1,1,0.952925208943496,4
24.939188,67.05227,22.43,21,1,1,0,16,48,27,7,0,31,0,0,0.0,22.43,22.43,1,0,0.16022573040931493,1
24.984908,67.245124,132.62,181,1,1,0,17,30,27,7,0,31,0,0,0.0,132.62,132.62,1,1,0.947353382384456,4
24.845156,67.134075,20.94,342,1,1,0,9,16,28,7,1,31,0,0,0.0,20.94,20.94,1,0,0.149582113008072,1
24.918972,67.165892,137.05,39,1,1,0,9,58,28,7,1,31,0,0,0.0,137.05,137.05,1,1,0.9789984998928495,4
24.882757,67.179755,52.22,331,1,1,0,0,39,28,7,1,31,0,1,0.0,52.22,52.22,1,0,0.37302664476034,2
24.784861,67.172831,41.09,253,1,1,0,18,25,27,7,0,31,0,0,0.0,41.09,41.09,1,0,0.29352096578327025,2
24.972243,67.233524,5.2,323,1,1,0,12,56,27,7,0,31,0,0,0.0,5.2,5.2,1,0,0.03714551039359954,1
24.857022,67.091737,133.87,95,1,1,0,21,17,27,7,0,31,0,1,0.0,133.87,133.87,1,1,0.9562825916136867,4
24.994966,67.288498,54.46,31,1,1,0,2,6,28,7,1,31,0,1,0.0,54.46,54.46,1,0,0.38902778769912133,2
25.064018,67.238291,102.36,37,1,1,0,6,20,28,7,1,31,0,0,0.0,102.36,102.36,1,1,0.7311950853632402,4
25.051217,66.962487,133.37,354,1,1,0,19,40,27,7,0,31,0,0,0.0,133.37,133.37,1,1,0.9527109079219944,4
24.964386,67.12366,54.21,237,1,1,0,3,54,28,7,1,31,0,1,0.0,54.21,54.21,1,0,0.3872419458532752,2
24.999305,67.064446,72.49,101,1,1,0,6,43,28,7,1,31,0,0,0.0,72.49,72.49,1,0,0.5178227016215443,3
24.860986,67.016657,35.49,202,1,1,0,19,27,27,7,0,31,0,0,0.0,35.49,35.49,1,0,0.2535181084363169,2
24.764891,66.919093,107.23,15,1,1,0,4,58,28,7,1,31,0,1,0.0,107.23,107.23,1,1,0.7659832845203228,4
24.92753,67.126202,62.75,83,1,1,0,22,50,27,7,0,31,0,1,0.0,62.75,62.75,1,0,0.4482463033073791,3
25.008528,66.924492,9.75,163,1,1,0,6,46,28,7,1,31,0,0,0.0,9.75,9.75,1,0,0.06964783198799913,1
25.041262,66.999303,72.31,47,1,1,0,20,49,27,7,0,31,0,1,0.0,72.31,72.31,1,0,0.5165368954925351,3
24.754662,67.029165,55.56,258,1,1,0,4,4,28,7,1,31,0,1,0.0,55.56,55.56,1,0,0.3968854918208443,2
24.970747,67.12528,0.37,207,1,1,0,12,23,27,7,0,31,0,0,0.0,0.37,0.37,1,0,0.002643045931852275,1
25.008622,66.916409,81.25,292,1,1,0,11,37,27,7,0,31,0,0,0.0,81.25,81.25,1,0,0.5803985998999929,3
25.052711,67.178589,78.91,184,1,1,0,15,56,27,7,0,31,0,0,0.0,78.91,78.91,1,0,0.563683120222873,3
24.833427,67.26417,115.63,234,1,1,0,19,27,27,7,0,31,0,0,0.0,115.63,115.63,1,1,0.8259875705407528,4
24.839648,67.042369,121.09,223,1,1,0,23,1,27,7,0,31,0,1,0.0,121.09,121.09,1,1,0.8649903564540324,4
24.797809,67.135919,46.27,90,1,1,0,19,58,27,7,0,31,0,0,0.0,46.27,46.27,1,0,0.33052360882920206,2
24.879189,66.933298,48.64,281,1,1,0,1,44,28,7,1,31,0,1,0.0,48.64,48.64,1,0,0.3474533895278234,2
25.022351,67.066128,18.24,217,1,1,0,18,31,27,7,0,31,0,0,0.0,18.24,18.24,1,0,0.13029502107293375,1
24.808081,67.271407,84.46,228,1,1,0,15,34,27,7,0,31,0,0,0.0,84.46,84.46,1,0,0.6033288092006571,3
24.801576,67.04732,44.29,36,1,1,0,21,37,27,7,0,31,0,1,0.0,44.29,44.29,1,0,0.31637974141010067,2
25.080419,66.918879,28.89,125,1,1,0,14,23,27,7,0,31,0,0,0.0,28.89,28.89,1,0,0.20637188370597898,1
24.869966,66.992134,7.25,198,1,1,0,7,10,28,7,1,31,0,0,0.0,7.25,7.25,1,0,0.05178941352953782,1
24.975753,67.2022,45.72,128,1,1,0,19,4,27,7,0,31,0,0,0.0,45.72,45.72,1,0,0.32659475676834054,2
25.026565,66.918856,31.11,302,1,1,0,19,20,27,7,0,31,0,0,0.0,31.11,31.11,1,0,0.22223015929709264,2
24.882305,67.172505,70.48,355,1,1,0,18,6,27,7,0,31,0,0,0.0,70.48,70.48,1,0,0.5034645331809415,3
24.832759,66.966626,33.08,334,1,1,0,22,6,27,7,0,31,0,1,0.0,33.08,33.08,1,0,0.23630259304236015,2
24.897479,67.123871,94.83,298,1,1,0,0,22,28,7,1,31,0,1,0.0,94.83,94.83,1,0,0.6774055289663546,4
24.860761,67.208752,102.17,117,1,1,0,14,36,27,7,0,31,0,0,0.0,102.17,102.17,1,1,0.7298378455603971,4
24.841399,67.119563,73.51,91,1,1,0,9,44,28,7,1,31,0,0,0.0,73.51,73.51,1,0,0.5251089363525966,3
24.844734,67.298366,21.71,100,1,1,0,19,37,27,7,0,31,0,0,0.0,21.71,21.71,1,0,0.1550825058932781,1
25.00613,67.24127,41.66,151,1,1,0,7,16,28,7,1,31,0,0,0.0,41.66,41.66,1,0,0.2975926851917994,2
24.776815,67.257746,60.18,243,1,1,0,21,7,27,7,0,31,0,1,0.0,60.18,60.18,1,0,0.42988784913208083,3
24.838816,67.292036,123.7,199,1,1,0,13,24,27,7,0,31,0,0,0.0,123.7,123.7,1,1,0.883634545324666,4
24.89911,66.974505,91.99,59,1,1,0,23,2,27,7,0,31,0,1,0.0,91.99,91.99,1,0,0.6571183655975426,4
24.970244,67.076018,55.92,63,1,1,0,7,34,28,7,1,31,0,0,0.0,55.92,55.92,1,0,0.39945710407886276,2
25.088808,67.035901,56.24,11,1,1,0,20,6,27,7,0,31,0,1,0.0,56.24,56.24,1,0,0.4017429816415458,2
24.803523,67.283113,18.2,253,1,1,0,13,16,27,7,0,31,0,0,0.0,18.2,18.2,1,0,0.1300092863775984,1
25.017581,67.187749,18.13,317,1,1,0,17,50,27,7,0,31,0,0,0.0,18.13,18.13,1,0,0.12950925066076147,1
24.818414,67.207288,128.1,250,1,1,0,18,21,27,7,0,31,0,0,0.0,128.1,128.1,1,1,0.9150653618115578,4
24.928483,67.262369,71.47,178,1,1,0,22,34,27,7,0,31,0,1,0.0,71.47,71.47,1,0,0.5105364668904921,3
24.782393,67.002066,76.6,122,1,1,0,20,49,27,7,0,31,0,1,0.0,76.6,76.6,1,0,0.5471819415672547,3
25.055007,67.034954,109.79,161,1,1,0,17,55,27,7,0,31,0,0,0.0,109.79,109.79,1,1,0.7842703050217873,4
24.78208,67.101097,138.39,26,1,1,0,0,39,28,7,1,31,0,1,0.0,138.39,138.39,1,1,0.9885706121865846,4
24.837533,66.979151,132.49,143,1,1,0,21,2,27,7,0,31,0,1,0.0,132.49,132.49,1,1,0.946424744624616,4
25.061316,67.170312,53.91,230,1,1,0,20,48,27,7,0,31,0,1,0.0,53.91,53.91,1,0,0.3850989356382598,2
24.792219,67.113927,14.62,225,1,1,0,22,6,27,7,0,31,0,1,0.0,14.62,14.62,1,0,0.10443603114508178,1
24.867697,67.154879,132.65,129,1,1,0,13,20,27,7,0,31,0,0,0.0,132.65,132.65,1,1,0.9475676834059575,4
24.770518,67.292938,111.17,245,1,1,0,13,49,27,7,0,31,0,0,0.0,111.17,111.17,1,1,0.7941281520108578,4
24.830886,67.051656,55.81,149,1,1,0,9,26,28,7,1,31,0,0,0.0,55.81,55.81,1,0,0.39867133366669044,2
24.758682,67.108283,5.32,81,1,1,0,1,50,28,7,1,31,0,1,0.0,5.32,5.32,1,0,0.03800271447960569,1
24.791119,67.262886,14.66,222,1,1,0,5,0,28,7,1,31,0,1,0.0,14.66,14.66,1,0,0.10472176584041716,1
24.86179,67.091346,96.01,68,1,1,0,1,51,28,7,1,31,0,1,0.0,96.01,96.01,1,0,0.6858347024787484,4
24.809877,67.075642,83.08,54,1,1,0,10,36,28,7,1,31,0,0,0.0,83.08,83.08,1,0,0.5934709622115865,3
25.096304,67.218992,95.29,114,1,1,0,10,41,28,7,1,31,0,0,0.0,95.29,95.29,1,0,0.6806914779627117,4
25.007535,67.171172,122.28,119,1,1,0,13,15,27,7,0,31,0,0,0.0,122.28,122.28,1,1,0.87349096364026,4
25.007816,67.216307,36.02,290,1,1,0,4,19,28,7,1,31,0,1,0.0,36.02,36.02,1,0,0.2573040931495107,2
24.97636,67.220613,24.77,140,1,1,0,6,6,28,7,1,31,0,0,0.0,24.77,24.77,1,0,0.17694121008643474,1
24.856085,67.130569,59.36,325,1,1,0,4,1,28,7,1,31,0,1,0.0,59.36,59.36,1,0,0.4240302878777055,2
24.753692,67.003495,135.2,261,1,1,0,16,27,27,7,0,31,0,0,0.0,135.2,135.2,1,1,0.965783270233588,4
25.069599,67.024868,132.92,139,1,1,0,12,4,27,7,0,31,0,0,0.0,132.92,132.92,1,1,0.9494963925994713,4
24.956718,67.224622,4.18,170,1,1,0,17,5,27,7,0,31,0,0,0.0,4.18,4.18,1,0,0.02985927566254732,1
25.02408,67.196793,138.31,94,1,1,0,13,35,27,7,0,31,0,0,0.0,138.31,138.31,1,1,0.9879991427959139,4
24.837152,67.128874,23.16,74,1,1,0,23,35,27,7,0,31,0,1,0.0,23.16,23.16,1,0,0.16544038859918564,1
25.016981,67.003529,19.25,300,1,1,0,21,22,27,7,0,31,0,1,0.0,19.25,19.25,1,0,0.13750982213015214,1
24.790965,67.057423,78.96,255,1,1,0,23,50,27,7,0,31,0,1,0.0,78.96,78.96,1,0,0.5640402885920422,3
24.934766,67.052804,25.27,46,1,1,0,7,10,28,7,1,31,0,0,0.0,25.27,25.27,1,0,0.180512893778127,1
24.78093,67.05901,34.87,32,1,1,0,20,29,27,7,0,31,0,1,0.0,34.87,34.87,1,0,0.24908922065861844,2
24.897444,67.125199,59.25,220,1,1,0,8,11,28,7,1,31,0,0,0.0,59.25,59.25,1,0,0.4232445174655332,2
25.016889,67.064889,72.25,91,1,1,0,8,55,28,7,1,31,0,0,0.0,72.25,72.25,1,0,0.5161082934495321,3
24.879069,66.923356,14.35,242,1,1,0,19,25,27,7,0,31,0,0,0.0,14.35,14.35,1,0,0.10250732195156796,1
24.889754,67.024317,56.24,60,1,1,0,13,39,27,7,0,31,0,0,0.0,56.24,56.24,1,0,0.4017429816415458,2
25.026539,67.063806,7.24,328,1,1,0,0,12,28,7,1,31,0,1,0.0,7.24,7.24,1,0,0.05171797985570398,1
25.02206,66.974362,86.59,226,1,1,0,2,7,28,7,1,31,0,1,0.0,86.59,86.59,1,0,0.6185441817272662,3
25.012714,67.111648,64.7,134,1,1,0,23,23,27,7,0,31,0,1,0.0,64.7,64.7,1,0,0.4621758697049789,3
24.993352,67.091604,42.06,90,1,1,0,20,51,27,7,0,31,0,1,0.0,42.06,42.06,1,0,0.3004500321451532,2
24.848807,67.237939,9.65,167,1,1,0,8,12,28,7,1,31,0,0,0.0,9.65,9.65,1,0,0.06893349524966069,1
24.867487,67.096265,14.0,179,1,1,0,15,29,27,7,0,31,0,0,0.0,14.0,14.0,1,0,0.10000714336738338,1
24.903355,67.064414,101.26,82,1,1,0,13,54,27,7,0,31,0,0,0.0,101.26,101.26,1,1,0.7233373812415173,4
24.921738,67.074423,72.15,35,1,1,0,15,41,27,7,0,31,0,0,0.0,72.15,72.15,1,0,0.5153939567111937,3
25.003737,67.026201,116.91,274,1,1,0,10,40,28,7,1,31,0,0,0.0,116.91,116.91,1,1,0.835131080791485,4
24.907003,66.958642,123.89,57,1,1,0,8,18,28,7,1,31,0,0,0.0,123.89,123.89,1,1,0.8849917851275091,4
24.977521,67.211481,105.52,68,1,1,0,10,31,28,7,1,31,0,0,0.0,105.52,105.52,1,1,0.7537681262947352,4
25.05872,67.105989,30.36,135,1,1,0,12,18,27,7,0,31,0,0,0.0,30.36,30.36,1,0,0.21687263375955423,2
25.043172,67.150432,26.66,324,1,1,0,12,30,27,7,0,31,0,0,0.0,26.66,26.66,1,0,0.19044217444103148,1
24.792037,67.227161,86.85,286,1,1,0,2,47,28,7,1,31,0,1,0.0,86.85,86.85,1,0,0.6204014572469462,3
25.013057,67.133747,97.88,21,1,1,0,19,19,27,7,0,31,0,0,0.0,97.88,97.88,1,0,0.6991927994856775,4
24.811373,67.022729,31.25,352,1,1,0,0,37,28,7,1,31,0,1,0.0,31.25,31.25,1,0,0.22323023073076648,2
24.783867,67.019276,112.78,320,1,1,0,7,37,28,7,1,31,0,0,0.0,112.78,112.78,1,1,0.8056289734981069,4
24.789604,67.118143,38.27,207,1,1,0,23,3,27,7,0,31,0,1,0.0,38.27,38.27,1,0,0.2733766697621259,2
24.971705,67.034949,34.58,331,1,1,0,17,15,27,7,0,31,0,0,0.0,34.58,34.58,1,0,0.24701764411743693,2
24.893446,66.923706,130.74,243,1,1,0,0,55,28,7,1,31,0,1,0.0,130.74,130.74,1,1,0.9339238517036931,4
24.794274,66.970736,106.06,302,1,1,0,4,21,28,7,1,31,0,1,0.0,106.06,106.06,1,1,0.7576255446817629,4
24.78238,67.100544,63.59,63,1,1,0,7,38,28,7,1,31,0,0,0.0,63.59,63.59,1,0,0.4542467319094221,3
24.952513,67.054677,60.54,200,1,1,0,19,0,27,7,0,31,0,0,0.0,60.54,60.54,1,0,0.4324594613900993,3
24.819454,67.081547,36.79,45,1,1,0,6,31,28,7,1,31,0,0,0.0,36.79,36.79,1,0,0.26280448603471673,2
24.939469,67.120399,89.45,57,1,1,0,17,30,27,7,0,31,0,0,0.0,89.45,89.45,1,0,0.638974212443746,3
24.779839,67.124623,59.71,267,1,1,0,6,8,28,7,1,31,0,0,0.0,59.71,59.71,1,0,0.42653046646189013,2
24.833379,67.263085,65.43,143,1,1,0,1,21,28,7,1,31,0,1,0.0,65.43,65.43,1,0,0.46739052789484964,3
25.066265,66.940665,14.3,298,1,1,0,22,18,27,7,0,31,0,1,0.0,14.3,14.3,1,0,0.10215015358239875,1
25.073332,67.067152,96.41,242,1,1,0,4,33,28,7,1,31,0,1,0.0,96.41,96.41,1,0,0.6886920494321023,4
24.964277,67.235172,34.12,212,1,1,0,15,5,27,7,0,31,0,0,0.0,34.12,34.12,1,0,0.24373169512108003,2
24.980071,66.927834,25.4,324,1,1,0,10,14,28,7,1,31,0,0,0.0,25.4,25.4,1,0,0.18144153153796697,1
25.028331,67.142313,17.17,195,1,1,0,7,33,28,7,1,31,0,0,0.0,17.17,17.17,1,0,0.12265161797271235,1
24.785264,66.928549,73.23,201,1,1,0,0,7,28,7,1,31,0,1,0.0,73.23,73.23,1,0,0.523108793485249,3
24.866019,67.06941,32.5,87,1,1,0,9,24,28,7,1,31,0,0,0.0,32.5,32.5,1,0,0.23215943995999713,2
25.064428,66.946827,10.22,168,1,1,0,5,38,28,7,1,31,0,1,0.0,10.22,10.22,1,0,0.07300521465818988,1
24.821405,67.289147,16.95,34,1,1,0,16,36,27,7,0,31,0,0,0.0,16.95,16.95,1,0,0.12108007714836773,1
24.997642,67.221315,51.55,146,1,1,0,14,27,27,7,0,31,0,0,0.0,51.55,51.55,1,0,0.36824058861347236,2
24.953719,67.098727,124.77,283,1,1,0,18,49,27,7,0,31,0,0,0.0,124.77,124.77,1,1,0.8912779484248874,4
25.04214,67.053231,126.05,306,1,1,0,3,46,28,7,1,31,0,1,0.0,126.05,126.05,1,1,0.9004214586756196,4
24.902186,67.076944,71.68,27,1,1,0,1,34,28,7,1,31,0,1,0.0,71.68,71.68,1,0,0.5120365740410029,3
25.072034,66.98216,105.64,102,1,1,0,4,37,28,7,1,31,0,1,0.0,105.64,105.64,1,1,0.7546253303807414,4
25.068347,67.072026,96.39,74,1,1,0,11,27,27,7,0,31,0,0,0.0,96.39,96.39,1,0,0.6885491820844346,4
24.842622,67.177085,138.09,300,1,1,0,10,34,28,7,1,31,0,0,0.0,138.09,138.09,1,1,0.9864276019715693,4
24.84678,66.994007,94.3,329,1,1,0,17,20,27,7,0,31,0,0,0.0,94.3,94.3,1,0,0.6736195442531608,4
24.821381,67.021042,133.67,119,1,1,0,1,48,28,7,1,31,0,1,0.0,133.67,133.67,1,1,0.9548539181370096,4
25.087796,66.943464,34.7,38,1,1,0,4,26,28,7,1,31,0,1,0.0,34.7,34.7,1,0,0.2478748482034431,2
24.820672,67.229026,10.97,75,1,1,0,13,41,27,7,0,31,0,0,0.0,10.97,10.97,1,0,0.07836274019572827,1
25.016737,67.150875,51.74,85,1,1,0,20,36,27,7,0,31,0,1,0.0,51.74,51.74,1,0,0.36959782841631544,2
25.03225,66.973833,39.38,269,1,1,0,5,8,28,7,1,31,0,1,0.0,39.38,39.38,1,0,0.2813058075576827,2
24.854721,66.987736,98.11,159,1,1,0,14,44,27,7,0,31,0,0,0.0,98.11,98.11,1,0,0.700835773983856,4
25.099455,66.946714,127.03,198,1,1,0,17,0,27,7,0,31,0,0,0.0,127.03,127.03,1,1,0.9074219587113365,4
24.984778,67.126692,19.76,41,1,1,0,1,47,28,7,1,31,0,1,0.0,19.76,19.76,1,0,0.14115293949567825,1
24.869159,67.185628,5.87,351,1,1,0,7,27,28,7,1,31,0,0,0.0,5.87,5.87,1,0,0.041931566540467174,1
24.81611,67.170266,132.64,246,1,1,0,22,20,27,7,0,31,0,1,0.0,132.64,132.64,1,1,0.9474962497321235,4
24.766827,67.033103,98.07,105,1,1,0,20,58,27,7,0,31,0,1,0.0,98.07,98.07,1,0,0.7005500392885206,4
24.947364,67.110551,105.63,321,1,1,0,2,56,28,7,1,31,0,1,0.0,105.63,105.63,1,1,0.7545538967069075,4
24.837212,66.941445,120.14,4,1,1,0,14,33,27,7,0,31,0,0,0.0,120.14,120.14,1,1,0.858204157439817,4
24.918262,67.298273,6.43,179,1,1,0,14,48,27,7,0,31,0,0,0.0,6.43,6.43,1,0,0.045931852275162506,1
24.973508,67.069995,110.95,75,1,1,0,7,18,28,7,1,31,0,0,0.0,110.95,110.95,1,1,0.7925566111865133,4
25.017507,67.116406,49.86,211,1,1,0,16,46,27,7,0,31,0,0,0.0,49.86,49.86,1,0,0.35616829773555253,2
24.852001,67.039622,113.01,92,1,1,0,13,52,27,7,0,31,0,0,0.0,113.01,113.01,1,1,0.8072719479962854,4
25.087541,67.066565,126.21,320,1,1,0,17,27,27,7,0,31,0,0,0.0,126.21,126.21,1,1,0.9015643974569612,4
24.759931,67.082649,40.92,129,1,1,0,22,17,27,7,0,31,0,1,0.0,40.92,40.92,1,0,0.29230659332809483,2
24.86216,66.940692,110.06,167,1,1,0,6,34,28,7,1,31,0,0,0.0,110.06,110.06,1,1,0.786199014215301,4
24.976656,67.233967,125.21,314,1,1,0,14,32,27,7,0,31,0,0,0.0,125.21,125.21,1,1,0.8944210300735765,4
25.0032,67.051051,41.44,120,1,1,0,4,15,28,7,1,31,0,1,0.0,41.44,41.44,1,0,0.2960211443674548,2
25.088747,67.058885,127.96,309,1,1,0,2,24,28,7,1,31,0,1,0.0,127.96,127.96,1,1,0.914065290377884,4
24.937821,67.284138,90.11,262,1,1,0,2,3,28,7,1,31,0,1,0.0,90.11,90.11,1,0,0.6436888349167798,4
24.813807,67.02029,27.37,257,1,1,0,5,39,28,7,1,31,0,1,0.0,27.37,27.37,1,0,0.1955139652832345,1
25.022663,66.905212,111.22,244,1,1,0,2,46,28,7,1,31,0,1,0.0,111.22,111.22,1,1,0.7944853203800271,4
24.859269,67.27672,28.94,268,1,1,0,3,24,28,7,1,31,0,1,0.0,28.94,28.94,1,0,0.20672905207514822,1
24.882246,67.293964,116.83,132,1,1,0,3,6,28,7,1,31,0,1,0.0,116.83,116.83,1,1,0.8345596114008142,4
24.943373,66.922563,1.04,73,1,1,0,8,37,28,7,1,31,0,0,0.0,1.04,1.04,1,0,0.007429102078719908,1
24.79215,66.972377,51.16,18,1,1,0,3,58,28,7,1,31,0,1,0.0,51.16,51.16,1,0,0.3654546753339524,2
24.765178,67.213291,70.54,337,1,1,0,16,22,27,7,0,31,0,0,0.0,70.54,70.54,1,0,0.5038931352239446,3
24.942023,67.186573,103.16,143,1,1,0,5,19,28,7,1,31,0,1,0.0,103.16,103.16,1,1,0.7369097792699478,4
25.008891,67.071406,61.17,303,1,1,0,6,40,28,7,1,31,0,0,0.0,61.17,61.17,1,0,0.4369597828416315,3
24.991197,67.244419,29.38,312,1,1,0,12,18,27,7,0,31,0,0,0.0,29.38,29.38,1,0,0.2098721337238374,1
24.999618,67.217241,16.2,250,1,1,0,19,48,27,7,0,31,0,0,0.0,16.2,16.2,1,0,0.11572255161082934,1
25.023472,67.090091,79.21,310,1,1,0,6,31,28,7,1,31,0,0,0.0,79.21,79.21,1,0,0.5658261304378883,3
24.95105,67.14548,39.18,81,1,1,0,5,31,28,7,1,31,0,1,0.0,39.18,39.18,1,0,0.2798771340810058,2
24.957711,66.93261,55.29,74,1,1,0,12,0,27,7,0,31,0,0,0.0,55.29,55.29,1,0,0.39495678262733047,2
25.066977,66.94467,11.01,122,1,1,0,11,26,27,7,0,31,0,0,0.0,11.01,11.01,1,0,0.07864847489106364,1
24.834219,66.915315,139.44,334,1,1,0,16,5,27,7,0,31,0,0,0.0,139.44,139.44,1,1,0.9960711479391384,4
24.792798,67.088983,110.21,282,1,1,0,23,5,27,7,0,31,0,1,0.0,110.21,110.21,1,1,0.7872705193228087,4
24.753707,66.995552,12.68,314,1,1,0,5,18,28,7,1,31,0,1,0.0,12.68,12.68,1,0,0.0905778984213158,1
24.935529,66.982063,4.95,309,1,1,0,9,47,28,7,1,31,0,0,0.0,4.95,4.95,1,0,0.03535966854775341,1
24.895595,67.297507,84.8,155,1,1,0,2,48,28,7,1,31,0,1,0.0,84.8,84.8,1,0,0.6057575541110078,3
24.909038,67.06965,130.24,230,1,1,0,21,20,27,7,0,31,0,1,0.0,130.24,130.24,1,1,0.9303521680120008,4
25.031348,67.260348,11.68,291,1,1,0,2,23,28,7,1,31,0,1,0.0,11.68,11.68,1,0,0.08343453103793128,1
24.823951,67.210746,41.13,179,1,1,0,9,4,28,7,1,31,0,0,0.0,41.13,41.13,1,0,0.29380670047860563,2
25.054379,66.974917,9.97,345,1,1,0,11,36,27,7,0,31,0,0,0.0,9.97,9.97,1,0,0.07121937281234374,1
25.03384,67.055148,82.64,345,1,1,0,10,23,28,7,1,31,0,0,0.0,82.64,82.64,1,0,0.5903278805628973,3
24.940312,67.167651,77.62,61,1,1,0,16,12,27,7,0,31,0,0,0.0,77.62,77.62,1,0,0.554468176298307,3
25.077507,66.903726,64.01,318,1,1,0,14,51,27,7,0,31,0,0,0.0,64.01,64.01,1,0,0.4572469462104436,3
24.928912,67.177466,83.04,342,1,1,0,12,27,27,7,0,31,0,0,0.0,83.04,83.04,1,0,0.5931852275162511,3
24.853485,67.00534,9.64,187,1,1,0,18,49,27,7,0,31,0,0,0.0,9.64,9.64,1,0,0.06886206157582685,1
24.901396,67.206982,139.97,73,1,1,0,2,40,28,7,1,31,0,1,0.0,139.97,139.97,1,1,0.9998571326523322,4
24.793706,67.275862,15.01,5,1,1,0,10,16,28,7,1,31,0,0,0.0,15.01,15.01,1,0,0.10722194442460174,1
24.910649,66.987284,125.37,154,1,1,0,16,23,27,7,0,31,0,0,0.0,125.37,125.37,1,1,0.8955639688549182,4
25.019134,67.163041,89.35,181,1,1,0,5,17,28,7,1,31,0,1,0.0,89.35,89.35,1,0,0.6382598757054074,3
25.087658,66.956833,79.85,266,1,1,0,1,7,28,7,1,31,0,1,0.0,79.85,79.85,1,0,0.5703978855632544,3
24.994189,67.174839,5.58,228,1,1,0,21,7,27,7,0,31,0,1,0.0,5.58,5.58,1,0,0.03985998999928566,1
25.077462,67.275065,16.1,172,1,1,0,3,25,28,7,1,31,0,1,0.0,16.1,16.1,1,0,0.1150082148724909,1
24.841853,67.23589,94.95,230,1,1,0,22,18,27,7,0,31,0,1,0.0,94.95,94.95,1,0,0.6782627330523608,4
24.78601,67.262282,128.49,359,1,1,0,10,25,28,7,1,31,0,0,0.0,128.49,128.49,1,1,0.9178512750910779,4
24.775335,67.017701,57.0,59,1,1,0,16,39,27,7,0,31,0,0,0.0,57.0,57.0,1,0,0.407171940852918,2
24.98126,66.932105,45.22,130,1,1,0,7,57,28,7,1,31,0,0,0.0,45.22,45.22,1,0,0.3230230730766483,2
24.891196,67.039761,22.31,109,1,1,0,23,16,27,7,0,31,0,1,0.0,22.31,22.31,1,0,0.15936852632330878,1
25.05934,67.112346,99.92,302,1,1,0,14,1,27,7,0,31,0,0,0.0,99.92,99.92,1,0,0.7137652689477819,4
25.097694,67.145123,125.28,2,1,1,0,1,39,28,7,1,31,0,1,0.0,125.28,125.28,1,1,0.8949210657904135,4
25.052418,67.160388,14.2,351,1,1,0,3,8,28,7,1,31,0,1,0.0,14.2,14.2,1,0,0.10143581684406028,1
25.05702,67.280396,48.5,0,1,1,0,11,25,27,7,0,31,0,0,0.0,48.5,48.5,1,0,0.3464533180941496,2
24.901773,67.07999,93.37,275,1,1,0,13,5,27,7,0,31,0,0,0.0,93.37,93.37,1,0,0.6669762125866133,4
24.820557,67.062614,112.23,273,1,1,0,19,50,27,7,0,31,0,0,0.0,112.23,112.23,1,1,0.8017001214372454,4
24.830515,67.10216,122.58,63,1,1,0,0,14,28,7,1,31,0,1,0.0,122.58,122.58,1,1,0.8756339738552753,4
24.912278,67.135248,30.84,224,1,1,0,16,29,27,7,0,31,0,0,0.0,30.84,30.84,1,0,0.22030145010357882,2
24.984547,67.243093,48.71,168,1,1,0,20,21,27,7,0,31,0,1,0.0,48.71,48.71,1,0,0.34795342524466033,2
25.019877,67.286093,50.23,88,1,1,0,0,7,28,7,1,31,0,1,0.0,50.23,50.23,1,0,0.35881134366740475,2
24.795909,67.138841,104.92,44,1,1,0,23,11,27,7,0,31,0,1,0.0,104.92,104.92,1,1,0.7494821058647045,4
24.870381,67.17676,126.86,268,1,1,0,22,7,27,7,0,31,0,1,0.0,126.86,126.86,1,1,0.906207586256161,4
24.858379,67.088639,111.66,254,1,1,0,2,2,28,7,1,31,0,1,0.0,111.66,111.66,1,1,0.7976284020287162,4
25.075767,67.239589,108.45,193,1,1,0,22,49,27,7,0,31,0,1,0.0,108.45,108.45,1,1,0.774698192728052,4
24.978202,67.237465,89.74,256,1,1,0,1,11,28,7,1,31,0,1,0.0,89.74,89.74,1,0,0.6410457889849274,3
24.828508,67.011326,47.93,61,1,1,0,11,41,27,7,0,31,0,0,0.0,47.93,47.93,1,0,0.3423815986856204,2
24.932893,67.239757,136.01,232,1,1,0,13,32,27,7,0,31,0,0,0.0,136.01,136.01,1,1,0.9715693978141294,4
24.925568,67.223715,56.26,272,1,1,0,21,55,27,7,0,31,0,1,0.0,56.26,56.26,1,0,0.4018858489892135,2
24.789426,66.964998,65.52,234,1,1,0,11,44,27,7,0,31,0,0,0.0,65.52,65.52,1,0,0.4680334309593542,3
24.95518,67.235411,101.07,291,1,1,0,5,18,28,7,1,31,0,1,0.0,101.07,101.07,1,1,0.7219801414386741,4
24.853596,67.039512,27.5,4,1,1,0,3,14,28,7,1,31,0,1,0.0,27.5,27.5,1,0,0.19644260304307448,1
24.882348,67.297275,108.44,288,1,1,0,12,2,27,7,0,31,0,0,0.0,108.44,108.44,1,1,0.7746267590542181,4
25.053715,67.179727,125.53,332,1,1,0,18,44,27,7,0,31,0,0,0.0,125.53,125.53,1,1,0.8967069076362597,4
24.886597,66.962054,93.3,331,1,1,0,2,8,28,7,1,31,0,1,0.0,93.3,93.3,1,0,0.6664761768697763,4
25.097906,67.149443,27.86,119,1,1,0,11,0,28,7,1,31,0,0,0.0,27.86,27.86,1,0,0.19901421530109292,1
25.099634,67.017685,105.77,271,1,1,0,21,6,27,7,0,31,0,1,0.0,105.77,105.77,1,1,0.7555539681405814,4
24.879301,66.921284,119.71,47,1,1,0,20,21,27,7,0,31,0,1,0.0,119.71,119.71,1,1,0.8551325094649617,4
24.909286,67.047676,31.12,37,1,1,0,12,44,27,7,0,31,0,0,0.0,31.12,31.12,1,0,0.2223015929709265,2
24.760074,67.176964,26.9,61,1,1,0,17,55,27,7,0,31,0,0,0.0,26.9,26.9,1,0,0.19215658261304377,1
25.08198,67.103879,68.03,74,1,1,0,7,21,28,7,1,31,0,0,0.0,68.03,68.03,1,0,0.4859632830916494,3
24.978875,67.005368,101.6,127,1,1,0,11,39,27,7,0,31,0,0,0.0,101.6,101.6,1,1,0.7257661261518679,4
24.760992,66.930503,6.78,90,1,1,0,16,1,27,7,0,31,0,0,0.0,6.78,6.78,1,0,0.048432030859347094,1
24.839607,67.203547,91.35,120,1,1,0,23,25,27,7,0,31,0,1,0.0,91.35,91.35,1,0,0.6525466104721765,4
24.857238,67.062825,116.79,74,1,1,0,3,8,28,7,1,31,0,1,0.0,116.79,116.79,1,1,0.8342738767054789,4
24.76922,67.020082,41.08,70,1,1,0,1,56,28,7,1,31,0,1,0.0,41.08,41.08,1,0,0.29344953210943636,2
25.061012,67.163127,37.95,174,1,1,0,2,9,28,7,1,31,0,1,0.0,37.95,37.95,1,0,0.2710907921994428,2
24.775602,66.95728,122.32,223,1,1,0,22,48,27,7,0,31,0,1,0.0,122.32,122.32,1,1,0.8737766983355953,4
24.979675,66.978528,12.12,180,1,1,0,13,27,27,7,0,31,0,0,0.0,12.12,12.12,1,0,0.08657761268662047,1
25.092074,66.969487,18.04,162,1,1,0,16,31,27,7,0,31,0,0,0.0,18.04,18.04,1,0,0.12886634759625687,1
24.874826,67.112243,79.8,237,1,1,0,9,55,28,7,1,31,0,0,0.0,79.8,79.8,1,0,0.5700407171940852,3
25.09371,66.96922,36.28,80,1,1,0,7,36,28,7,1,31,0,0,0.0,36.28,36.28,1,0,0.25916136866919065,2
25.04672,67.252439,87.38,6,1,1,0,10,3,28,7,1,31,0,0,0.0,87.38,87.38,1,0,0.62418744196014,3
25.015342,67.218329,24.69,146,1,1,0,18,31,27,7,0,31,0,0,0.0,24.69,24.69,1,0,0.17636974069576397,1
24.933081,67.071666,124.09,298,1,1,0,7,34,28,7,1,31,0,0,0.0,124.09,124.09,1,1,0.886420458604186,4
25.013216,67.075603,22.78,315,1,1,0,18,44,27,7,0,31,0,0,0.0,22.78,22.78,1,0,0.16272590899349954,1
24.762926,66.91929,82.02,304,1,1,0,15,10,27,7,0,31,0,0,0.0,82.02,82.02,1,0,0.5858989927851989,3
24.9344,67.098476,5.94,217,1,1,0,10,31,28,7,1,31,0,0,0.0,5.94,5.94,1,0,0.042431602257304094,1
24.942499,67.016145,93.5,153,1,1,0,5,37,28,7,1,31,0,1,0.0,93.5,93.5,1,0,0.6679048503464533,4
24.827784,66.933027,40.76,327,1,1,0,15,46,27,7,0,31,0,0,0.0,40.76,40.76,1,0,0.2911636545467533,2
24.97986,67.260414,42.16,95,1,1,0,5,59,28,7,1,31,0,1,0.0,42.16,42.16,1,0,0.30116436888349163,2
25.02312,66.994001,26.9,114,1,1,0,14,44,27,7,0,31,0,0,0.0,26.9,26.9,1,0,0.19215658261304377,1
24.904805,67.228535,2.23,154,1,1,0,17,1,27,7,0,31,0,0,0.0,2.23,2.23,1,0,0.015929709264947495,1
24.923764,67.107248,28.27,87,1,1,0,9,17,28,7,1,31,0,0,0.0,28.27,28.27,1,0,0.20194299592828058,1
24.972325,67.244885,102.71,133,1,1,0,7,49,28,7,1,31,0,0,0.0,102.71,102.71,1,1,0.7336952639474247,4
25.027997,67.217782,37.66,343,1,1,0,15,56,27,7,0,31,0,0,0.0,37.66,37.66,1,0,0.26901921565826126,2
24.823746,66.964499,67.41,210,1,1,0,10,32,28,7,1,31,0,0,0.0,67.41,67.41,1,0,0.4815343953139509,3
24.774744,67.115998,28.47,347,1,1,0,9,37,28,7,1,31,0,0,0.0,28.47,28.47,1,0,0.2033716694049575,1
24.928547,67.140646,86.47,153,1,1,0,3,42,28,7,1,31,0,1,0.0,86.47,86.47,1,0,0.61768697764126,3
24.949734,67.128645,128.68,48,1,1,0,9,58,28,7,1,31,0,0,0.0,128.68,128.68,1,1,0.919208514893921,4
24.979347,67.186955,102.12,147,1,1,0,21,29,27,7,0,31,0,1,0.0,102.12,102.12,1,1,0.7294806771912279,4
25.096541,67.173751,18.79,319,1,1,0,9,19,28,7,1,31,0,0,0.0,18.79,18.79,1,0,0.13422387313379525,1
24.897045,67.195084,130.44,10,1,1,0,0,44,28,7,1,31,0,1,0.0,130.44,130.44,1,1,0.9317808414886777,4
24.798842,67.025379,60.97,201,1,1,0,2,35,28,7,1,31,0,1,0.0,60.97,60.97,1,0,0.4355311093649546,3
24.790163,67.182261,108.61,177,1,1,0,14,44,27,7,0,31,0,0,0.0,108.61,108.61,1,1,0.7758411315093935,4
25.026375,66.966466,34.89,83,1,1,0,0,23,28,7,1,31,0,1,0.0,34.89,34.89,1,0,0.24923208800628616,2
24.987134,67.058007,64.51,277,1,1,0,20,38,27,7,0,31,0,1,0.0,64.51,64.51,1,0,0.4608186299021359,3
25.049754,66.951963,99.13,336,1,1,0,11,45,27,7,0,31,0,0,0.0,99.13,99.13,1,0,0.7081220087149082,4
24.877397,66.920625,72.06,196,1,1,0,22,2,27,7,0,31,0,1,0.0,72.06,72.06,1,0,0.514751053646689,3
24.985246,67.245003,65.62,346,1,1,0,3,39,28,7,1,31,0,1,0.0,65.62,65.62,1,0,0.4687477676976927,3
24.83155,67.209747,82.09,305,1,1,0,11,14,28,7,1,31,0,0,0.0,82.09,82.09,1,0,0.5863990285020358,3
25.011503,67.222909,107.62,21,1,1,0,15,39,27,7,0,31,0,0,0.0,107.62,107.62,1,1,0.7687691977998429,4
24.931076,66.918034,40.15,73,1,1,0,7,50,28,7,1,31,0,0,0.0,40.15,40.15,1,0,0.28680620044288874,2
25.095517,67.257138,138.93,234,1,1,0,6,8,28,7,1,31,0,0,0.0,138.93,138.93,1,1,0.9924280305736124,4
24.999127,67.250595,135.49,258,1,1,0,14,17,27,7,0,31,0,0,0.0,135.49,135.49,1,1,0.9678548467747696,4
24.951374,66.943796,14.63,224,1,1,0,9,29,28,7,1,31,0,0,0.0,14.63,14.63,1,0,0.10450746481891564,1
24.986058,67.062073,131.62,242,1,1,0,9,15,28,7,1,31,0,0,0.0,131.62,131.62,1,1,0.9402100150010715,4
24.769465,67.089055,11.06,106,1,1,0,8,43,28,7,1,31,0,0,0.0,11.06,11.06,1,0,0.07900564326023288,1
24.904802,67.01663,3.05,88,1,1,0,13,0,27,7,0,31,0,0,0.0,3.05,3.05,1,0,0.021787270519322804,1
25.070797,67.081554,134.0,280,1,1,0,5,49,28,7,1,31,0,1,0.0,134.0,134.0,1,1,0.9572112293735267,4
24.848564,67.021966,5.55,41,1,1,0,19,51,27,7,0,31,0,0,0.0,5.55,5.55,1,0,0.03964568897778412,1
24.901473,67.257262,114.65,118,1,1,0,15,33,27,7,0,31,0,0,0.0,114.65,114.65,1,1,0.818987070505036,4
25.094263,67.170989,90.58,204,1,1,0,23,16,27,7,0,31,0,1,0.0,90.58,90.58,1,0,0.6470462175869705,4
25.030986,67.037243,119.63,90,1,1,0,22,49,27,7,0,31,0,1,0.0,119.63,119.63,1,1,0.8545610400742909,4
24.814708,67.254197,12.76,189,1,1,0,4,33,28,7,1,31,0,1,0.0,12.76,12.76,1,0,0.09114936781198656,1
25.066647,67.047233,34.42,206,1,1,0,11,14,28,7,1,31,0,0,0.0,34.42,34.42,1,0,0.24587470533609543,2
24.901713,67.248025,55.62,29,1,1,0,23,16,27,7,0,31,0,1,0.0,55.62,55.62,1,0,0.39731409386384736,2
25.085081,67.222047,137.66,188,1,1,0,13,57,27,7,0,31,0,0,0.0,137.66,137.66,1,1,0.9833559539967139,4
24.97852,66.96885,8.92,297,1,1,0,5,52,28,7,1,31,0,1,0.0,8.92,8.92,1,0,0.06371883705978998,1
24.82596,67.196226,132.6,218,1,1,0,4,12,28,7,1,31,0,1,0.0,132.6,132.6,1,1,0.9472105150367882,4
25.065704,67.199739,35.27,57,1,1,0,16,25,27,7,0,31,0,0,0.0,35.27,35.27,1,0,0.2519465676119723,2
24.788874,67.269254,66.81,168,1,1,0,18,20,27,7,0,31,0,0,0.0,66.81,66.81,1,0,0.47724837488392025,3
24.820857,67.020137,16.22,359,1,1,0,21,7,27,7,0,31,0,1,0.0,16.22,16.22,1,0,0.11586541895849702,1
24.979797,67.262537,39.78,76,1,1,0,23,12,27,7,0,31,0,1,0.0,39.78,39.78,1,0,0.2841631545110365,2
25.0018,67.19678,129.58,343,1,1,0,4,10,28,7,1,31,0,1,0.0,129.58,129.58,1,1,0.925637545538967,4
24.795532,66.923599,7.92,20,1,1,0,1,21,28,7,1,31,0,1,0.0,7.92,7.92,1,0,0.056575469676405456,1
25.023791,67.035893,84.69,32,1,1,0,18,53,27,7,0,31,0,0,0.0,84.69,84.69,1,0,0.6049717836988355,3
25.098018,67.098182,2.44,135,1,1,0,20,21,27,7,0,31,0,1,0.0,2.44,2.44,1,0,0.017429816415458245,1
24.808225,66.967888,90.31,98,1,1,0,15,8,27,7,0,31,0,0,0.0,90.31,90.31,1,0,0.6451175083934566,4
25.022249,67.276559,139.89,277,1,1,0,1,9,28,7,1,31,0,1,0.0,139.89,139.89,1,1,0.9992856632616613,4
24.866852,67.028703,8.45,220,1,1,0,8,3,28,7,1,31,0,0,0.0,8.45,8.45,1,0,0.06036145438959925,1
24.955681,67.17399,61.34,308,1,1,0,11,25,27,7,0,31,0,0,0.0,61.34,61.34,1,0,0.4381741552968069,3
24.922939,66.923231,49.38,297,1,1,0,0,20,28,7,1,31,0,1,0.0,49.38,49.38,1,0,0.35273948139152794,2
24.915846,66.998568,4.5,174,1,1,0,18,54,27,7,0,31,0,0,0.0,4.5,4.5,1,0,0.03214515322523037,1
24.841596,67.023695,133.56,189,1,1,0,5,34,28,7,1,31,0,1,0.0,133.56,133.56,1,1,0.9540681477248374,4
24.752643,67.209493,80.74,198,1,1,0,22,4,27,7,0,31,0,1,0.0,80.74,80.74,1,0,0.5767554825344666,3
24.792651,67.147973,25.05,102,1,1,0,22,10,27,7,0,31,0,1,0.0,25.05,25.05,1,0,0.1789413529537824,1
24.85357,67.140524,121.14,287,1,1,0,20,6,27,7,0,31,0,1,0.0,121.14,121.14,1,1,0.8653475248232017,4
24.814293,67.198398,86.67,286,1,1,0,13,19,27,7,0,31,0,0,0.0,86.67,86.67,1,0,0.619115651117937,3
25.084288,67.081679,117.14,51,1,1,0,6,40,28,7,1,31,0,0,0.0,117.14,117.14,1,1,0.8367740552896635,4
24.89398,67.117216,13.58,206,1,1,0,21,36,27,7,0,31,0,1,0.0,13.58,13.58,1,0,0.09700692906636188,1
24.769028,67.090363,125.71,354,1,1,0,10,31,28,7,1,31,0,0,0.0,125.71,125.71,1,1,0.8979927137652688,4
25.063091,67.092642,80.71,311,1,1,0,21,8,27,7,0,31,0,1,0.0,80.71,80.71,1,0,0.5765411815129652,3
25.002433,67.080067,59.55,297,1,1,0,5,31,28,7,1,31,0,1,0.0,59.55,59.55,1,0,0.42538752768054855,2
25.001051,67.277858,11.76,294,1,1,0,22,5,27,7,0,31,0,1,0.0,11.76,11.76,1,0,0.08400600042860204,1
25.026782,67.048736,91.24,235,1,1,0,17,3,27,7,0,31,0,0,0.0,91.24,91.24,1,0,0.6517608400600042,4
25.022914,67.007753,91.49,134,1,1,0,18,10,27,7,0,31,0,0,0.0,91.49,91.49,1,0,0.6535466819058503,4
25.060507,67.214196,31.75,230,1,1,0,5,21,28,7,1,31,0,1,0.0,31.75,31.75,1,0,0.22680191442245873,2
24.976671,67.174831,38.27,153,1,1,0,22,56,27,7,0,31,0,1,0.0,38.27,38.27,1,0,0.2733766697621259,2
24.94162,67.121079,121.91,193,1,1,0,20,28,27,7,0,31,0,1,0.0,121.91,121.91,1,1,0.8708479177084076,4
24.785875,67.236841,5.94,47,1,1,0,12,7,27,7,0,31,0,0,0.0,5.94,5.94,1,0,0.042431602257304094,1
24.913953,66.973495,20.2,227,1,1,0,8,48,28,7,1,31,0,0,0.0,20.2,20.2,1,0,0.14429602114436743,1
24.872513,66.907289,51.15,59,1,1,0,6,12,28,7,1,31,0,0,0.0,51.15,51.15,1,0,0.36538324166011854,2
24.880646,66.908035,136.07,43,1,1,0,21,52,27,7,0,31,0,1,0.0,136.07,136.07,1,1,0.9719979998571325,4
24.829303,67.186399,52.8,111,1,1,0,5,15,28,7,1,31,0,1,0.0,52.8,52.8,1,0,0.377169797842703,2
24.926161,66.968366,133.84,23,1,1,0,22,24,27,7,0,31,0,1,0.0,133.84,133.84,1,1,0.9560682905921851,4
25.075005,67.144121,61.68,91,1,1,0,11,51,27,7,0,31,0,0,0.0,61.68,61.68,1,0,0.44060290020715764,3
24.982412,67.170793,58.48,248,1,1,0,11,11,28,7,1,31,0,0,0.0,58.48,58.48,1,0,0.4177441245803271,2
25.083652,66.952265,94.36,270,1,1,0,21,2,27,7,0,31,0,1,0.0,94.36,94.36,1,0,0.6740481462961639,4
24.928893,67.167572,90.0,143,1,1,0,18,32,27,7,0,31,0,0,0.0,90.0,90.0,1,0,0.6429030645046074,4
24.937032,66.902339,122.03,59,1,1,0,10,52,28,7,1,31,0,0,0.0,122.03,122.03,1,1,0.8717051217944138,4
24.968368,66.917576,92.11,111,1,1,0,20,23,27,7,0,31,0,1,0.0,92.11,92.11,1,0,0.6579755696835488,4
25.003312,66.917531,105.89,51,1,1,0,7,32,28,7,1,31,0,0,0.0,105.89,105.89,1,1,0.7564111722265876,4
24.789048,66.917985,122.47,27,1,1,0,4,57,28,7,1,31,0,1,0.0,122.47,122.47,1,1,0.874848203443103,4
24.802015,67.012687,10.62,194,1,1,0,10,4,28,7,1,31,0,0,0.0,10.62,10.62,1,0,0.07586256161154367,1
24.932998,66.975932,45.1,107,1,1,0,5,56,28,7,1,31,0,1,0.0,45.1,45.1,1,0,0.3221658689906422,2
24.976226,67.205114,34.33,211,1,1,0,23,1,27,7,0,31,0,1,0.0,34.33,34.33,1,0,0.2452318022715908,2
25.047293,67.116177,2.26,22,1,1,0,13,29,27,7,0,31,0,0,0.0,2.26,2.26,1,0,0.016144010286449028,1
25.000204,66.941313,6.24,87,1,1,0,13,41,27,7,0,31,0,0,0.0,6.24,6.24,1,0,0.04457461247231945,1
25.075283,67.075589,45.01,148,1,1,0,18,57,27,7,0,31,0,0,0.0,45.01,45.01,1,0,0.32152296592613755,2
24.761978,67.248811,46.42,208,1,1,0,9,39,28,7,1,31,0,0,0.0,46.42,46.42,1,0,0.33159511393670976,2
25.040753,67.148364,86.48,318,1,1,0,15,45,27,7,0,31,0,0,0.0,86.48,86.48,1,0,0.6177584113150939,3
24.908911,67.174954,98.97,135,1,1,0,12,35,27,7,0,31,0,0,0.0,98.97,98.97,1,0,0.7069790699335666,4
25.038259,67.160676,132.81,170,1,1,0,13,14,27,7,0,31,0,0,0.0,132.81,132.81,1,1,0.9487106221872991,4
24.932617,66.996209,89.17,244,1,1,0,17,30,27,7,0,31,0,0,0.0,89.17,89.17,1,0,0.6369740695763982,3
24.900337,66.988901,80.67,208,1,1,0,14,55,27,7,0,31,0,0,0.0,80.67,80.67,1,0,0.5762554468176299,3
25.087113,67.277491,4.11,354,1,1,0,14,39,27,7,0,31,0,0,0.0,4.11,4.11,1,0,0.029359239945710408,1
24.946389,67.15664,107.38,103,1,1,0,8,31,28,7,1,31,0,0,0.0,107.38,107.38,1,1,0.7670547896278305,4
24.925479,67.283089,26.35,230,1,1,0,7,35,28,7,1,31,0,0,0.0,26.35,26.35,1,0,0.1882277305521823,1
25.029377,66.921289,119.42,76,1,1,0,9,21,28,7,1,31,0,0,0.0,119.42,119.42,1,1,0.8530609329237803,4
25.036877,67.259096,75.45,181,1,1,0,10,53,28,7,1,31,0,0,0.0,75.45,75.45,1,0,0.5389670690763626,3
25.001994,67.077057,60.17,329,1,1,0,4,15,28,7,1,31,0,1,0.0,60.17,60.17,1,0,0.429816415458247,3
24.849219,66.973231,131.15,250,1,1,0,11,16,28,7,1,31,0,0,0.0,131.15,131.15,1,1,0.9368526323308808,4
25.021618,67.254946,8.22,309,1,1,0,11,43,27,7,0,31,0,0,0.0,8.22,8.22,1,0,0.058718479891420816,1
25.018052,67.095675,81.54,258,1,1,0,0,30,28,7,1,31,0,1,0.0,81.54,81.54,1,0,0.5824701764411744,3
24.774808,67.072075,27.95,160,1,1,0,10,49,28,7,1,31,0,0,0.0,27.95,27.95,1,0,0.19965711836559752,1
25.024724,67.208644,135.06,131,1,1,0,1,33,28,7,1,31,0,1,0.0,135.06,135.06,1,1,0.9647831987999143,4
25.069079,67.13062,7.94,240,1,1,0,8,20,28,7,1,31,0,0,0.0,7.94,7.94,1,0,0.05671833702407315,1
24.887862,67.141129,92.84,342,1,1,0,8,21,28,7,1,31,0,0,0.0,92.84,92.84,1,0,0.6631902278734195,4
24.826987,66.973548,109.76,34,1,1,0,16,57,27,7,0,31,0,0,0.0,109.76,109.76,1,1,0.7840560040002857,4
25.084022,67.265545,37.78,340,1,1,0,10,43,28,7,1,31,0,0,0.0,37.78,37.78,1,0,0.26987641974426746,2
24.929146,67.22431,74.73,71,1,1,0,6,21,28,7,1,31,0,0,0.0,74.73,74.73,1,0,0.5338238445603257,3
25.072688,66.957833,91.31,268,1,1,0,1,7,28,7,1,31,0,1,0.0,91.31,91.31,1,0,0.6522608757768412,4
24.940778,67.279413,16.01,74,1,1,0,12,2,27,7,0,31,0,0,0.0,16.01,16.01,1,0,0.11436531180798629,1
24.944397,67.259082,32.77,289,1,1,0,7,2,28,7,1,31,0,0,0.0,32.77,32.77,1,0,0.23408814915351098,2
24.76767,67.270237,17.87,289,1,1,0,3,29,28,7,1,31,0,1,0.0,17.87,17.87,1,0,0.1276519751410815,1
25.029533,67.198345,19.21,251,1,1,0,12,34,27,7,0,31,0,0,0.0,19.21,19.21,1,0,0.13722408743481676,1
24.921742,66.965575,60.24,208,1,1,0,12,7,27,7,0,31,0,0,0.0,60.24,60.24,1,0,0.43031645117508394,3
24.886282,67.024513,81.17,73,1,1,0,15,19,27,7,0,31,0,0,0.0,81.17,81.17,1,0,0.5798271305093221,3
25.003358,67.140451,63.95,31,1,1,0,18,0,27,7,0,31,0,0,0.0,63.95,63.95,1,0,0.45681834416744055,3
24.847442,67.133815,36.46,58,1,1,0,11,18,28,7,1,31,0,0,0.0,36.46,36.46,1,0,0.26044717479819984,2
24.962636,66.957528,124.41,186,1,1,0,22,48,27,7,0,31,0,1,0.0,124.41,124.41,1,1,0.888706336166869,4
24.750805,67.24549,89.92,296,1,1,0,11,26,27,7,0,31,0,0,0.0,89.92,89.92,1,0,0.6423315951139367,3
24.85786,67.158159,66.53,310,1,1,0,10,5,28,7,1,31,0,0,0.0,66.53,66.53,1,0,0.47524823201657257,3
25.042671,67.215184,130.75,95,1,1,0,0,48,28,7,1,31,0,1,0.0,130.75,130.75,1,1,0.9339952853775269,4
24.919368,67.144365,60.65,143,1,1,0,4,6,28,7,1,31,0,1,0.0,60.65,60.65,1,0,0.43324523180227154,3
24.987186,67.182272,123.99,66,1,1,0,21,53,27,7,0,31,0,1,0.0,123.99,123.99,1,1,0.8857061218658475,4
25.005215,67.099096,86.0,92,1,1,0,13,9,27,7,0,31,0,0,0.0,86.0,86.0,1,0,0.6143295949710693,3
24.781266,67.222383,66.88,52,1,1,0,23,56,27,7,0,31,0,1,0.0,66.88,66.88,1,0,0.4777484106007571,3
24.925834,67.144325,126.93,204,1,1,0,1,12,28,7,1,31,0,1,0.0,126.93,126.93,1,1,0.906707621972998,4
24.934377,67.041303,34.8,225,1,1,0,16,26,27,7,0,31,0,0,0.0,34.8,34.8,1,0,0.24858918494178153,2
24.819348,66.921774,93.47,279,1,1,0,18,19,27,7,0,31,0,0,0.0,93.47,93.47,1,0,0.6676905493249518,4
24.777771,67.247074,109.75,249,1,1,0,0,6,28,7,1,31,0,1,0.0,109.75,109.75,1,1,0.7839845703264519,4
24.777214,67.048561,6.5,153,1,1,0,2,40,28,7,1,31,0,1,0.0,6.5,6.5,1,0,0.046431887991999425,1
24.761528,67.18652,23.27,344,1,1,0,0,13,28,7,1,31,0,1,0.0,23.27,23.27,1,0,0.16622615901135793,1
24.871011,67.190171,86.49,131,1,1,0,16,1,27,7,0,31,0,0,0.0,86.49,86.49,1,0,0.6178298449889277,3
25.030276,67.241662,10.78,160,1,1,0,20,33,27,7,0,31,0,1,0.0,10.78,10.78,1,0,0.0770055003928852,1
24.772761,67.00328,138.99,197,1,1,0,4,28,28,7,1,31,0,1,0.0,138.99,138.99,1,1,0.9928566326166155,4
24.923734,66.939561,33.7,238,1,1,0,11,36,27,7,0,31,0,0,0.0,33.7,33.7,1,0,0.24073148082005857,2
24.787833,67.248867,37.35,240,1,1,0,3,15,28,7,1,31,0,1,0.0,37.35,37.35,1,0,0.2668047717694121,2
25.080147,67.221601,76.91,293,1,1,0,2,26,28,7,1,31,0,1,0.0,76.91,76.91,1,0,0.5493963854561039,3
24.870707,67.166679,115.51,80,1,1,0,3,1,28,7,1,31,0,1,0.0,115.51,115.51,1,1,0.8251303664547468,4
24.980554,67.116142,66.85,334,1,1,0,12,29,27,7,0,31,0,0,0.0,66.85,66.85,1,0,0.4775341095792556,3
24.869662,67.23878,68.21,151,1,1,0,20,48,27,7,0,31,0,1,0.0,68.21,68.21,1,0,0.4872490892206585,3
24.954764,66.942497,6.31,122,1,1,0,11,56,27,7,0,31,0,0,0.0,6.31,6.31,1,0,0.04507464818915636,1
24.984464,67.2309,84.36,301,1,1,0,0,25,28,7,1,31,0,1,0.0,84.36,84.36,1,0,0.6026144724623187,3
24.802325,66.956554,89.04,219,1,1,0,0,9,28,7,1,31,0,1,0.0,89.04,89.04,1,0,0.6360454318165584,3
24.999459,67.183747,85.17,140,1,1,0,19,55,27,7,0,31,0,0,0.0,85.17,85.17,1,0,0.6084006000428602,3
25.050541,66.904915,103.71,23,1,1,0,18,10,27,7,0,31,0,0,0.0,103.71,103.71,1,1,0.7408386313308093,4
25.004459,67.226459,6.2,207,1,1,0,23,57,27,7,0,31,0,1,0.0,6.2,6.2,1,0,0.04428887777698407,1
24.954736,66.911518,64.2,89,1,1,0,17,11,27,7,0,31,0,0,0.0,64.2,64.2,1,0,0.4586041860132867,3
24.890541,67.183631,31.35,69,1,1,0,13,44,27,7,0,31,0,0,0.0,31.35,31.35,1,0,0.22394456746910493,2
24.961303,67.154736,6.47,185,1,1,0,10,18,28,7,1,31,0,0,0.0,6.47,6.47,1,0,0.04621758697049789,1
25.018163,67.198222,124.49,11,1,1,0,14,19,27,7,0,31,0,0,0.0,124.49,124.49,1,1,0.8892778055575398,4
24.872627,67.201993,22.26,273,1,1,0,4,40,28,7,1,31,0,1,0.0,22.26,22.26,1,0,0.1590113579541396,1
24.82215,66.972635,21.36,13,1,1,0,15,55,27,7,0,31,0,0,0.0,21.36,21.36,1,0,0.1525823273090935,1
24.789981,67.040794,54.41,234,1,1,0,12,52,27,7,0,31,0,0,0.0,54.41,54.41,1,0,0.3886706193299521,2
25.086506,67.024397,112.52,27,1,1,0,11,25,27,7,0,31,0,0,0.0,112.52,112.52,1,1,0.803771697978427,4
24.78672,67.209187,71.69,132,1,1,0,2,48,28,7,1,31,0,1,0.0,71.69,71.69,1,0,0.5121080077148368,3
24.927716,66.946828,100.71,338,1,1,0,20,39,27,7,0,31,0,1,0.0,100.71,100.71,1,1,0.7194085291806557,4
24.961527,67.100228,35.1,88,1,1,0,20,7,27,7,0,31,0,1,0.0,35.1,35.1,1,0,0.2507321951567969,2
24.988224,67.057668,3.63,302,1,1,0,7,29,28,7,1,31,0,0,0.0,3.63,3.63,1,0,0.02593042360168583,1
25.021521,67.163476,78.6,125,1,1,0,9,22,28,7,1,31,0,0,0.0,78.6,78.6,1,0,0.5614686763340238,3
24.88662,67.26313,14.74,123,1,1,0,18,57,27,7,0,31,0,0,0.0,14.74,14.74,1,0,0.10529323523108793,1
25.020158,67.061054,99.37,233,1,1,0,20,32,27,7,0,31,0,1,0.0,99.37,99.37,1,0,0.7098364168869205,4
25.097688,67.232727,13.39,171,1,1,0,23,6,27,7,0,31,0,1,0.0,13.39,13.39,1,0,0.09564968926351881,1
24.969232,67.094108,61.07,287,1,1,0,11,53,27,7,0,31,0,0,0.0,61.07,61.07,1,0,0.4362454461032931,3
24.981206,67.198512,118.22,170,1,1,0,6,36,28,7,1,31,0,0,0.0,118.22,118.22,1,1,0.8444888920637188,4
25.01513,67.194951,21.61,9,1,1,0,4,23,28,7,1,31,0,1,0.0,21.61,21.61,1,0,0.15436816915493962,1
24.845388,67.161312,15.05,316,1,1,0,14,3,27,7,0,31,0,0,0.0,15.05,15.05,1,0,0.10750767911993714,1
24.970488,67.052892,28.42,158,1,1,0,4,29,28,7,1,31,0,1,0.0,28.42,28.42,1,0,0.20301450103578828,1
24.808706,67.052176,15.96,348,1,1,0,10,53,28,7,1,31,0,0,0.0,15.96,15.96,1,0,0.11400814343881706,1
25.027468,67.266374,118.23,134,1,1,0,12,10,27,7,0,31,0,0,0.0,118.23,118.23,1,1,0.8445603257375527,4
24.792225,67.165687,79.94,297,1,1,0,16,13,27,7,0,31,0,0,0.0,79.94,79.94,1,0,0.5710407886277591,3
25.09083,67.18461,68.47,356,1,1,0,8,49,28,7,1,31,0,0,0.0,68.47,68.47,1,0,0.48910636474033853,3
25.064342,66.994268,74.39,245,1,1,0,22,46,27,7,0,31,0,1,0.0,74.39,74.39,1,0,0.531395099649975,3
25.084059,67.208147,95.61,8,1,1,0,13,58,27,7,0,31,0,0,0.0,95.61,95.61,1,0,0.6829773555253946,4
24.794588,66.941173,107.51,54,1,1,0,23,29,27,7,0,31,0,1,0.0,107.51,107.51,1,1,0.7679834273876706,4
24.935743,66.913336,116.04,286,1,1,0,1,51,28,7,1,31,0,1,0.0,116.04,116.04,1,1,0.8289163511679406,4
25.022454,66.951387,72.99,134,1,1,0,15,45,27,7,0,31,0,0,0.0,72.99,72.99,1,0,0.5213943853132366,3
24.820235,67.125523,77.43,155,1,1,0,12,40,27,7,0,31,0,0,0.0,77.43,77.43,1,0,0.553110936495464,3
24.914755,66.982098,113.17,212,1,1,0,3,54,28,7,1,31,0,1,0.0,113.17,113.17,1,1,0.808414886777627,4
24.988354,66.943664,61.89,26,1,1,0,0,58,28,7,1,31,0,1,0.0,61.89,61.89,1,0,0.4421030073576684,3
24.753421,67.111806,56.64,24,1,1,0,1,43,28,7,1,31,0,1,0.0,56.64,56.64,1,0,0.40460032859489964,2
24.985187,67.161681,38.13,237,1,1,0,10,0,28,7,1,31,0,0,0.0,38.13,38.13,1,0,0.272376598328452,2
25.09058,67.07346,7.79,13,1,1,0,6,29,28,7,1,31,0,0,0.0,7.79,7.79,1,0,0.05564683191656546,1
24.919666,66.927295,45.8,280,1,1,0,11,25,27,7,0,31,0,0,0.0,45.8,45.8,1,0,0.3271662261590113,2
24.842748,67.264261,87.49,117,1,1,0,12,5,27,7,0,31,0,0,0.0,87.49,87.49,1,0,0.6249732123723122,3
24.985727,66.940565,77.67,263,1,1,0,16,39,27,7,0,31,0,0,0.0,77.67,77.67,1,0,0.5548253446674762,3
24.992181,67.135139,46.37,286,1,1,0,2,22,28,7,1,31,0,1,0.0,46.37,46.37,1,0,0.3312379455675405,2
24.807977,66.947752,47.7,241,1,1,0,5,17,28,7,1,31,0,1,0.0,47.7,47.7,1,0,0.34073862418744194,2
24.997663,67.276403,48.59,264,1,1,0,21,22,27,7,0,31,0,1,0.0,48.59,48.59,1,0,0.3470962211586542,2
24.806025,67.290832,42.41,355,1,1,0,15,8,27,7,0,31,0,0,0.0,42.41,42.41,1,0,0.30295021072933775,2
24.870908,67.020013,39.04,43,1,1,0,4,40,28,7,1,31,0,1,0.0,39.04,39.04,1,0,0.2788770626473319,2
24.928165,67.284693,92.76,106,1,1,0,9,58,28,7,1,31,0,0,0.0,92.76,92.76,1,0,0.6626187584827488,4
25.066205,67.01409,112.3,107,1,1,0,11,24,27,7,0,31,0,0,0.0,112.3,112.3,1,1,0.8022001571540823,4
25.015758,67.057743,136.71,160,1,1,0,7,50,28,7,1,31,0,0,0.0,136.71,136.71,1,1,0.9765697549824988,4
24.808172,67.157809,115.37,182,1,1,0,3,52,28,7,1,31,0,1,0.0,115.37,115.37,1,1,0.8241302950210729,4
24.981235,66.934278,60.46,316,1,1,0,0,35,28,7,1,31,0,1,0.0,60.46,60.46,1,0,0.4318879919994285,3
24.914838,67.004728,54.75,10,1,1,0,5,39,28,7,1,31,0,1,0.0,54.75,54.75,1,0,0.39109936424030284,2
24.991867,67.059331,81.64,214,1,1,0,16,35,27,7,0,31,0,0,0.0,81.64,81.64,1,0,0.5831845131795128,3
24.750078,67.013224,46.8,101,1,1,0,20,19,27,7,0,31,0,1,0.0,46.8,46.8,1,0,0.33430959354239587,2
24.964232,66.929764,114.84,97,1,1,0,9,38,28,7,1,31,0,0,0.0,114.84,114.84,1,1,0.8203443103078791,4
24.991529,66.905146,60.1,214,1,1,0,10,57,28,7,1,31,0,0,0.0,60.1,60.1,1,0,0.42931637974141007,3
24.866386,67.210911,119.93,324,1,1,0,20,49,27,7,0,31,0,1,0.0,119.93,119.93,1,1,0.8567040502893064,4
24.920622,67.095694,47.18,39,1,1,0,3,50,28,7,1,31,0,1,0.0,47.18,47.18,1,0,0.33702407314808197,2
24.97288,67.128401,118.74,71,1,1,0,7,3,28,7,1,31,0,0,0.0,118.74,118.74,1,1,0.8482034431030787,4
24.986058,66.919161,63.87,54,1,1,0,11,22,27,7,0,31,0,0,0.0,63.87,63.87,1,0,0.45624687477676973,3
24.997731,67.232908,85.01,35,1,1,0,22,45,27,7,0,31,0,1,0.0,85.01,85.01,1,0,0.6072576612615187,3
25.017038,67.064658,123.96,66,1,1,0,13,38,27,7,0,31,0,0,0.0,123.96,123.96,1,1,0.885491820844346,4
24.91596,67.014642,100.12,34,1,1,0,19,52,27,7,0,31,0,0,0.0,100.12,100.12,1,1,0.7151939424244589,4
25.02776,67.206354,13.3,300,1,1,0,17,8,27,7,0,31,0,0,0.0,13.3,13.3,1,0,0.09500678619901422,1
25.029871,67.183367,88.4,1,1,1,0,10,56,28,7,1,31,0,0,0.0,88.4,88.4,1,0,0.6314736766911923,3
25.091117,67.182539,91.96,92,1,1,0,0,13,28,7,1,31,0,1,0.0,91.96,91.96,1,0,0.6569040645760411,4
24.874921,67.129933,103.36,88,1,1,0,10,43,28,7,1,31,0,0,0.0,103.36,103.36,1,1,0.7383384527466247,4
24.795922,67.193631,31.98,301,1,1,0,16,58,27,7,0,31,0,0,0.0,31.98,31.98,1,0,0.2284448889206372,2
24.957385,66.94681,101.52,165,1,1,0,20,24,27,7,0,31,0,1,0.0,101.52,101.52,1,1,0.7251946567611971,4
24.987847,67.202891,125.87,283,1,1,0,10,25,28,7,1,31,0,0,0.0,125.87,125.87,1,1,0.8991356525466104,4
25.08063,67.187949,77.98,45,1,1,0,3,47,28,7,1,31,0,1,0.0,77.98,77.98,1,0,0.5570397885563254,3
24.808535,66.945735,35.7,135,1,1,0,9,52,28,7,1,31,0,0,0.0,35.7,35.7,1,0,0.25501821558682763,2
24.946953,67.12476,124.51,134,1,1,0,14,13,27,7,0,31,0,0,0.0,124.51,124.51,1,1,0.8894206729052075,4
24.943733,67.122028,52.24,63,1,1,0,9,49,28,7,1,31,0,0,0.0,52.24,52.24,1,0,0.3731695121080077,2
24.824376,67.163739,130.37,210,1,1,0,15,22,27,7,0,31,0,0,0.0,130.37,130.37,1,1,0.9312808057718408,4
24.977447,67.171668,22.67,173,1,1,0,13,57,27,7,0,31,0,0,0.0,22.67,22.67,1,0,0.16194013858132725,1
25.033203,67.204306,134.84,323,1,1,0,15,8,27,7,0,31,0,0,0.0,134.84,134.84,1,1,0.9632116579755696,4
24.937514,67.077588,119.12,166,1,1,0,12,29,27,7,0,31,0,0,0.0,119.12,119.12,1,1,0.8509179227087649,4
24.791766,67.214063,104.87,134,1,1,0,2,19,28,7,1,31,0,1,0.0,104.87,104.87,1,1,0.7491249374955353,4
24.949351,67.16821,46.19,295,1,1,0,21,39,27,7,0,31,0,1,0.0,46.19,46.19,1,0,0.3299521394385313,2
25.012523,66.954506,26.54,65,1,1,0,7,52,28,7,1,31,0,0,0.0,26.54,26.54,1,0,0.18958497035502533,1
25.080244,66.954445,63.39,299,1,1,0,7,23,28,7,1,31,0,0,0.0,63.39,63.39,1,0,0.4528180584327452,3
24.824923,67.07947,70.53,331,1,1,0,15,6,27,7,0,31,0,0,0.0,70.53,70.53,1,0,0.5038217015501107,3
25.016874,67.198865,134.87,217,1,1,0,1,58,28,7,1,31,0,1,0.0,134.87,134.87,1,1,0.9634259589970712,4
24.900666,67.163242,114.24,258,1,1,0,13,18,27,7,0,31,0,0,0.0,114.24,114.24,1,1,0.8160582898778483,4
24.909863,67.210394,77.23,111,1,1,0,14,9,27,7,0,31,0,0,0.0,77.23,77.23,1,0,0.5516822630187871,3
24.875162,66.911986,86.85,298,1,1,0,3,43,28,7,1,31,0,1,0.0,86.85,86.85,1,0,0.6204014572469462,3
24.891135,66.901812,105.77,267,1,1,0,13,11,27,7,0,31,0,0,0.0,105.77,105.77,1,1,0.7555539681405814,4
25.073803,67.010397,133.94,356,1,1,0,8,18,28,7,1,31,0,0,0.0,133.94,133.94,1,1,0.9567826273305235,4
24.996764,67.16865,122.25,90,1,1,0,9,12,28,7,1,31,0,0,0.0,122.25,122.25,1,1,0.8732766626187585,4
24.79404,66.99307,98.19,285,1,1,0,11,52,27,7,0,31,0,0,0.0,98.19,98.19,1,0,0.7014072433745266,4
24.844855,66.922906,42.58,358,1,1,0,0,12,28,7,1,31,0,1,0.0,42.58,42.58,1,0,0.30416458318451317,2
25.061603,67.099222,37.39,57,1,1,0,17,14,27,7,0,31,0,0,0.0,37.39,37.39,1,0,0.26709050646474747,2
25.076218,67.200259,57.78,10,1,1,0,8,1,28,7,1,31,0,0,0.0,57.78,57.78,1,0,0.41274376741195795,2
24.823103,66.92448,17.26,128,1,1,0,14,25,27,7,0,31,0,0,0.0,17.26,17.26,1,0,0.12329452103721694,1
25.017613,67.167193,41.94,80,1,1,0,16,45,27,7,0,31,0,0,0.0,41.94,41.94,1,0,0.29959282805914705,2
24.904454,67.083822,29.67,298,1,1,0,6,53,28,7,1,31,0,0,0.0,29.67,29.67,1,0,0.21194371026501893,1
24.983909,67.190758,125.59,305,1,1,0,3,15,28,7,1,31,0,1,0.0,125.59,125.59,1,1,0.8971355096792628,4
24.918393,67.209958,88.72,274,1,1,0,4,8,28,7,1,31,0,1,0.0,88.72,88.72,1,0,0.6337595542538752,3
25.005184,67.234604,94.8,266,1,1,0,11,27,27,7,0,31,0,0,0.0,94.8,94.8,1,0,0.6771912279448531,4
24.832787,67.208374,91.88,202,1,1,0,4,56,28,7,1,31,0,1,0.0,91.88,91.88,1,0,0.6563325951853703,4
24.750095,66.91248,10.87,25,1,1,0,10,56,28,7,1,31,0,0,0.0,10.87,10.87,1,0,0.0776484034573898,1
24.779349,67.236223,130.88,107,1,1,0,23,41,27,7,0,31,0,1,0.0,130.88,130.88,1,1,0.9349239231373668,4
24.83465,67.215117,26.96,110,1,1,0,12,53,27,7,0,31,0,0,0.0,26.96,26.96,1,0,0.19258518465604685,1
25.076303,67.270489,100.67,20,1,1,0,20,47,27,7,0,31,0,1,0.0,100.67,100.67,1,1,0.7191227944853203,4
25.044652,67.043327,12.45,241,1,1,0,12,18,27,7,0,31,0,0,0.0,12.45,12.45,1,0,0.08893492392313736,1
25.041481,67.079453,64.54,91,1,1,0,20,15,27,7,0,31,0,1,0.0,64.54,64.54,1,0,0.4610329309236374,3
24.800383,67.204844,102.4,100,1,1,0,7,57,28,7,1,31,0,0,0.0,102.4,102.4,1,1,0.7314808200585756,4
25.08108,66.95018,1.79,318,1,1,0,1,1,28,7,1,31,0,1,0.0,1.79,1.79,1,0,0.012786627616258303,1
24.858131,67.187358,42.14,28,1,1,0,18,51,27,7,0,31,0,0,0.0,42.14,42.14,1,0,0.30102150153582397,2
25.033921,66.907264,8.43,86,1,1,0,19,31,27,7,0,31,0,0,0.0,8.43,8.43,1,0,0.06021858704193156,1
25.063037,67.132654,35.29,229,1,1,0,12,37,27,7,0,31,0,0,0.0,35.29,35.29,1,0,0.2520894349596399,2
25.001972,66.921837,111.47,138,1,1,0,2,48,28,7,1,31,0,1,0.0,111.47,111.47,1,1,0.7962711622258732,4
24.853777,67.230494,1.21,294,1,1,0,16,31,27,7,0,31,0,0,0.0,1.21,1.21,1,0,0.008643474533895277,1
24.792394,67.226486,129.38,7,1,1,0,4,36,28,7,1,31,0,1,0.0,129.38,129.38,1,1,0.9242088720622901,4
24.984925,67.2434,102.63,196,1,1,0,15,24,27,7,0,31,0,0,0.0,102.63,102.63,1,1,0.733123794556754,4
24.825151,66.97486,95.65,143,1,1,0,19,6,27,7,0,31,0,0,0.0,95.65,95.65,1,0,0.6832630902207301,4
25.053304,66.992652,61.31,276,1,1,0,2,30,28,7,1,31,0,1,0.0,61.31,61.31,1,0,0.43795985427530537,3
24.859546,66.923973,47.45,253,1,1,0,2,29,28,7,1,31,0,1,0.0,47.45,47.45,1,0,0.3389527823415958,2
25.068581,67.063872,22.86,287,1,1,0,15,14,27,7,0,31,0,0,0.0,22.86,22.86,1,0,0.16329737838417027,1
24.863754,66.947547,78.06,77,1,1,0,16,57,27,7,0,31,0,0,0.0,78.06,78.06,1,0,0.5576112579469962,3
24.792779,67.176604,95.8,209,1,1,0,23,27,27,7,0,31,0,1,0.0,95.8,95.8,1,0,0.6843345953282377,4
24.755201,67.215994,92.55,121,1,1,0,13,54,27,7,0,31,0,0,0.0,92.55,92.55,1,0,0.6611186513322379,4
24.922248,67.193535,35.07,286,1,1,0,11,30,27,7,0,31,0,0,0.0,35.07,35.07,1,0,0.25051789413529535,2
24.805627,67.06661,12.37,198,1,1,0,22,44,27,7,0,31,0,1,0.0,12.37,12.37,1,0,0.08836345453246659,1
24.904174,67.084036,19.24,220,1,1,0,23,7,27,7,0,31,0,1,0.0,19.24,19.24,1,0,0.13743838845631828,1
25.045581,67.228378,13.97,171,1,1,0,20,32,27,7,0,31,0,1,0.0,13.97,13.97,1,0,0.09979284234588184,1
24.92315,67.029146,135.54,145,1,1,0,23,3,27,7,0,31,0,1,0.0,135.54,135.54,1,1,0.9682120151439387,4
24.860029,67.038938,38.96,84,1,1,0,7,2,28,7,1,31,0,0,0.0,38.96,38.96,1,0,0.27830559325666115,2
24.907956,66.997537,21.2,209,1,1,0,6,47,28,7,1,31,0,0,0.0,21.2,21.2,1,0,0.15143938852775196,1
24.811128,67.083432,50.51,87,1,1,0,12,48,27,7,0,31,0,0,0.0,50.51,50.51,1,0,0.3608114865347524,2
24.925448,67.298427,74.09,239,1,1,0,22,13,27,7,0,31,0,1,0.0,74.09,74.09,1,0,0.5292520894349596,3
24.923997,66.930022,33.79,307,1,1,0,10,13,28,7,1,31,0,0,0.0,33.79,33.79,1,0,0.24137438388456317,2
24.876906,67.07472,70.97,271,1,1,0,12,35,27,7,0,31,0,0,0.0,70.97,70.97,1,0,0.5069647831987999,3
24.92131,66.904523,93.22,65,1,1,0,5,7,28,7,1,31,0,1,0.0,93.22,93.22,1,0,0.6659047074791056,4
24.78598,67.076816,80.9,191,1,1,0,14,8,27,7,0,31,0,0,0.0,80.9,80.9,1,0,0.5778984213158083,3
24.990041,67.182302,135.15,149,1,1,0,16,10,27,7,0,31,0,0,0.0,135.15,135.15,1,1,0.9654261018644189,4
24.761094,67.242195,89.48,82,1,1,0,7,33,28,7,1,31,0,0,0.0,89.48,89.48,1,0,0.6391885134652475,3
24.812334,67.111601,76.02,160,1,1,0,7,47,28,7,1,31,0,0,0.0,76.02,76.02,1,0,0.5430387884848917,3
24.920565,67.147233,92.91,350,1,1,0,8,9,28,7,1,31,0,0,0.0,92.91,92.91,1,0,0.6636902635902564,4
24.751071,67.153605,12.46,2,1,1,0,17,2,27,7,0,31,0,0,0.0,12.46,12.46,1,0,0.08900635759697122,1
24.768945,67.109753,88.74,163,1,1,0,15,41,27,7,0,31,0,0,0.0,88.74,88.74,1,0,0.6339024216015429,3
24.862021,66.904215,76.01,0,1,1,0,14,53,27,7,0,31,0,0,0.0,76.01,76.01,1,0,0.542967354811058,3
24.982692,67.237519,107.37,230,1,1,0,3,1,28,7,1,31,0,1,0.0,107.37,107.37,1,1,0.7669833559539967,4
24.888751,67.105721,110.14,141,1,1,0,7,29,28,7,1,31,0,0,0.0,110.14,110.14,1,1,0.7867704836059718,4
25.010544,67.212843,61.29,12,1,1,0,4,37,28,7,1,31,0,1,0.0,61.29,61.29,1,0,0.43781698692763765,3
24.814725,66.902525,121.1,90,1,1,0,4,9,28,7,1,31,0,1,0.0,121.1,121.1,1,1,0.8650617901278662,4
24.94115,67.285064,14.06,354,1,1,0,4,15,28,7,1,31,0,1,0.0,14.06,14.06,1,0,0.10043574541038645,1
24.948347,67.241692,89.26,102,1,1,0,20,29,27,7,0,31,0,1,0.0,89.26,89.26,1,0,0.6376169726409029,3
25.017916,67.259875,41.83,307,1,1,0,20,38,27,7,0,31,0,1,0.0,41.83,41.83,1,0,0.29880705764697474,2
24.99331,67.244225,58.57,337,1,1,0,13,15,27,7,0,31,0,0,0.0,58.57,58.57,1,0,0.41838702764483177,2
24.775212,67.194184,103.75,250,1,1,0,11,32,27,7,0,31,0,0,0.0,103.75,103.75,1,1,0.7411243660261447,4
24.82104,67.186709,80.51,234,1,1,0,1,19,28,7,1,31,0,1,0.0,80.51,80.51,1,0,0.5751125080362883,3
24.939106,67.06384,22.92,267,1,1,0,0,46,28,7,1,31,0,1,0.0,22.92,22.92,1,0,0.16372598042717337,1
24.897721,67.126625,117.99,273,1,1,0,12,13,27,7,0,31,0,0,0.0,117.99,117.99,1,1,0.8428459175655403,4
24.982019,67.208445,69.82,182,1,1,0,16,21,27,7,0,31,0,0,0.0,69.82,69.82,1,0,0.49874991070790764,3
24.754743,67.255784,36.03,19,1,1,0,10,31,28,7,1,31,0,0,0.0,36.03,36.03,1,0,0.2573755268233445,2
24.907087,67.035217,120.86,149,1,1,0,9,28,28,7,1,31,0,0,0.0,120.86,120.86,1,1,0.8633473819558539,4
24.906736,66.929406,79.05,7,1,1,0,13,52,27,7,0,31,0,0,0.0,79.05,79.05,1,0,0.5646831916565468,3
25.097301,67.208296,85.35,350,1,1,0,9,20,28,7,1,31,0,0,0.0,85.35,85.35,1,0,0.6096864061718693,3
25.048327,67.02637,14.92,151,1,1,0,3,22,28,7,1,31,0,1,0.0,14.92,14.92,1,0,0.10657904136009715,1
24.836672,67.031139,100.01,298,1,1,0,4,20,28,7,1,31,0,1,0.0,100.01,100.01,1,1,0.7144081720122866,4
24.992739,67.215007,58.42,42,1,1,0,22,30,27,7,0,31,0,1,0.0,58.42,58.42,1,0,0.41731552253732407,2
25.075776,67.024757,14.06,215,1,1,0,7,58,28,7,1,31,0,0,0.0,14.06,14.06,1,0,0.10043574541038645,1
25.068792,66.973378,102.65,291,1,1,0,7,52,28,7,1,31,0,0,0.0,102.65,102.65,1,1,0.7332666619044217,4
24.799765,67.269563,7.81,255,1,1,0,18,33,27,7,0,31,0,0,0.0,7.81,7.81,1,0,0.055789699264233154,1
24.828272,66.967728,40.3,132,1,1,0,13,16,27,7,0,31,0,0,0.0,40.3,40.3,1,0,0.28787770555039643,2
24.96712,67.015733,68.65,311,1,1,0,16,23,27,7,0,31,0,0,0.0,68.65,68.65,1,0,0.49039217086934783,3
25.079888,67.013957,113.71,142,1,1,0,20,28,27,7,0,31,0,1,0.0,113.71,113.71,1,1,0.8122723051646545,4
24.999615,67.229926,14.26,252,1,1,0,1,56,28,7,1,31,0,1,0.0,14.26,14.26,1,0,0.10186441888706335,1
25.001656,66.971699,97.26,179,1,1,0,7,20,28,7,1,31,0,0,0.0,97.26,97.26,1,0,0.6947639117079791,4
24.987561,66.984719,32.81,91,1,1,0,4,49,28,7,1,31,0,1,0.0,32.81,32.81,1,0,0.23437388384884636,2
25.030091,67.045062,120.39,117,1,1,0,16,1,27,7,0,31,0,0,0.0,120.39,120.39,1,1,0.8599899992856632,4
24.771979,67.231821,82.5,213,1,1,0,18,28,27,7,0,31,0,0,0.0,82.5,82.5,1,0,0.5893278091292234,3
24.920676,67.03618,65.54,302,1,1,0,16,8,27,7,0,31,0,0,0.0,65.54,65.54,1,0,0.46817629830702195,3
24.79822,67.239438,90.59,224,1,1,0,20,12,27,7,0,31,0,1,0.0,90.59,90.59,1,0,0.6471176512608043,4
25.035226,67.073549,108.96,139,1,1,0,23,24,27,7,0,31,0,1,0.0,108.96,108.96,1,1,0.778341310093578,4
25.011501,67.231833,72.76,322,1,1,0,10,34,28,7,1,31,0,0,0.0,72.76,72.76,1,0,0.5197514108150583,3
24.949727,67.136677,33.56,344,1,1,0,21,9,27,7,0,31,0,1,0.0,33.56,33.56,1,0,0.23973140938638474,2
24.982725,67.051658,77.62,89,1,1,0,12,56,27,7,0,31,0,0,0.0,77.62,77.62,1,0,0.554468176298307,3
24.89851,67.105478,123.62,269,1,1,0,7,2,28,7,1,31,0,0,0.0,123.62,123.62,1,1,0.8830630759339952,4
24.978182,67.264966,8.18,264,1,1,0,4,41,28,7,1,31,0,1,0.0,8.18,8.18,1,0,0.05843274519608543,1
25.079962,67.294483,68.71,110,1,1,0,18,53,27,7,0,31,0,0,0.0,68.71,68.71,1,0,0.4908207729123508,3
25.020641,67.259209,106.83,345,1,1,0,19,53,27,7,0,31,0,0,0.0,106.83,106.83,1,1,0.763125937566969,4
25.077425,67.049643,124.42,281,1,1,0,8,15,28,7,1,31,0,0,0.0,124.42,124.42,1,1,0.8887777698407029,4
24.851455,67.149756,4.5,211,1,1,0,3,30,28,7,1,31,0,1,0.0,4.5,4.5,1,0,0.03214515322523037,1
24.81432,66.924459,14.81,95,1,1,0,14,30,27,7,0,31,0,0,0.0,14.81,14.81,1,0,0.10579327094792484,1
24.811294,67.002675,35.75,154,1,1,0,1,53,28,7,1,31,0,1,0.0,35.75,35.75,1,0,0.25537538395599685,2
25.019553,67.18705,132.12,264,1,1,0,8,49,28,7,1,31,0,0,0.0,132.12,132.12,1,1,0.9437816986927637,4
25.077939,67.239768,94.33,230,1,1,0,16,33,27,7,0,31,0,0,0.0,94.33,94.33,1,0,0.6738338452746624,4
24.79889,67.212296,54.49,130,1,1,0,2,1,28,7,1,31,0,1,0.0,54.49,54.49,1,0,0.3892420887206229,2
24.867876,67.136404,68.27,38,1,1,0,8,1,28,7,1,31,0,0,0.0,68.27,68.27,1,0,0.4876776912636616,3
24.821458,67.148142,137.35,200,1,1,0,7,26,28,7,1,31,0,0,0.0,137.35,137.35,1,1,0.9811415101078648,4
24.91288,67.138677,55.55,190,1,1,0,7,3,28,7,1,31,0,0,0.0,55.55,55.55,1,0,0.39681405814701043,2
25.099343,67.091348,72.62,192,1,1,0,23,55,27,7,0,31,0,1,0.0,72.62,72.62,1,0,0.5187513393813844,3
24.953889,67.240346,48.11,357,1,1,0,15,28,27,7,0,31,0,0,0.0,48.11,48.11,1,0,0.3436674048146296,2
24.898001,67.080544,28.64,295,1,1,0,21,28,27,7,0,31,0,1,0.0,28.64,28.64,1,0,0.20458604186013285,1
24.961261,67.117829,18.12,344,1,1,0,5,29,28,7,1,31,0,1,0.0,18.12,18.12,1,0,0.12943781698692763,1
25.09222,67.023717,121.96,83,1,1,0,11,48,27,7,0,31,0,0,0.0,121.96,121.96,1,1,0.8712050860775769,4
24.79377,67.101013,56.93,293,1,1,0,3,16,28,7,1,31,0,1,0.0,56.93,56.93,1,0,0.40667190513608115,2
25.088991,67.172875,25.95,256,1,1,0,12,18,27,7,0,31,0,0,0.0,25.95,25.95,1,0,0.18537038359882846,1
25.067535,67.106549,72.33,180,1,1,0,22,47,27,7,0,31,0,1,0.0,72.33,72.33,1,0,0.5166797628402028,3
24.752275,67.222328,82.5,357,1,1,0,19,57,27,7,0,31,0,0,0.0,82.5,82.5,1,0,0.5893278091292234,3
24.963873,67.215579,29.91,268,1,1,0,20,12,27,7,0,31,0,1,0.0,29.91,29.91,1,0,0.2136581184370312,1
24.758909,67.219771,128.82,15,1,1,0,13,30,27,7,0,31,0,0,0.0,128.82,128.82,1,1,0.9202085863275947,4
24.75108,67.248217,122.23,205,1,1,0,6,17,28,7,1,31,0,0,0.0,122.23,122.23,1,1,0.8731337952710908,4
24.955466,67.262839,135.61,351,1,1,0,6,46,28,7,1,31,0,0,0.0,135.61,135.61,1,1,0.9687120508607758,4
24.869724,67.281653,63.69,193,1,1,0,0,1,28,7,1,31,0,1,0.0,63.69,63.69,1,0,0.45496106864776054,3
24.984713,67.284864,132.76,200,1,1,0,16,24,27,7,0,31,0,0,0.0,132.76,132.76,1,1,0.9483534538181297,4
24.961892,67.277113,56.27,171,1,1,0,10,14,28,7,1,31,0,0,0.0,56.27,56.27,1,0,0.40195728266304737,2
24.815208,67.085246,102.13,99,1,1,0,6,59,28,7,1,31,0,0,0.0,102.13,102.13,1,1,0.7295521108650617,4
25.050398,67.273996,137.3,152,1,1,0,9,0,28,7,1,31,0,0,0.0,137.3,137.3,1,1,0.9807843417386957,4
24.86327,67.20026,92.73,238,1,1,0,9,1,28,7,1,31,0,0,0.0,92.73,92.73,1,0,0.6624044574612472,4
24.757038,67.241328,96.85,110,1,1,0,8,45,28,7,1,31,0,0,0.0,96.85,96.85,1,0,0.6918351310807914,4
24.846668,67.05321,34.46,31,1,1,0,12,37,27,7,0,31,0,0,0.0,34.46,34.46,1,0,0.2461604400314308,2
25.005834,67.089429,83.1,124,1,1,0,2,9,28,7,1,31,0,1,0.0,83.1,83.1,1,0,0.5936138295592541,3
24.835178,67.29868,85.69,189,1,1,0,5,26,28,7,1,31,0,1,0.0,85.69,85.69,1,0,0.6121151510822201,3
24.792208,67.244136,1.13,355,1,1,0,6,32,28,7,1,31,0,0,0.0,1.13,1.13,1,0,0.008072005143224514,1
24.900521,67.283756,6.75,121,1,1,0,17,27,27,7,0,31,0,0,0.0,6.75,6.75,1,0,0.04821772983784556,1
24.788806,67.088391,7.93,134,1,1,0,11,34,27,7,0,31,0,0,0.0,7.93,7.93,1,0,0.056646903350239294,1
25.043504,67.003811,82.2,15,1,1,0,9,2,28,7,1,31,0,0,0.0,82.2,82.2,1,0,0.5871847989142082,3
24.9368,67.006627,43.17,346,1,1,0,18,47,27,7,0,31,0,0,0.0,43.17,43.17,1,0,0.30837916994071,2
25.095902,67.030586,86.21,207,1,1,0,23,39,27,7,0,31,0,1,0.0,86.21,86.21,1,0,0.6158297021215801,3
24.761451,67.048212,57.14,227,1,1,0,19,9,27,7,0,31,0,0,0.0,57.14,57.14,1,0,0.4081720122865919,2
24.953076,66.970925,66.44,260,1,1,0,12,56,27,7,0,31,0,0,0.0,66.44,66.44,1,0,0.474605328952068,3
24.802604,67.283319,39.39,245,1,1,0,20,0,27,7,0,31,0,1,0.0,39.39,39.39,1,0,0.28137724123151653,2
24.82005,67.111152,113.83,97,1,1,0,13,31,27,7,0,31,0,0,0.0,113.83,113.83,1,1,0.8131295092506607,4
25.015544,67.012766,19.73,349,1,1,0,2,3,28,7,1,31,0,1,0.0,19.73,19.73,1,0,0.14093863847417673,1
24.979613,67.1941,78.84,205,1,1,0,0,12,28,7,1,31,0,1,0.0,78.84,78.84,1,0,0.5631830845060362,3
25.018014,67.199488,87.38,252,1,1,0,12,26,27,7,0,31,0,0,0.0,87.38,87.38,1,0,0.62418744196014,3
25.037084,67.22976,100.43,357,1,1,0,1,51,28,7,1,31,0,1,0.0,100.43,100.43,1,1,0.717408386313308,4
24.961623,67.254168,102.82,229,1,1,0,8,18,28,7,1,31,0,0,0.0,102.82,102.82,1,1,0.734481034359597,4
24.967354,67.147635,18.18,12,1,1,0,8,52,28,7,1,31,0,0,0.0,18.18,18.18,1,0,0.1298664190299307,1
24.990986,66.941034,80.59,220,1,1,0,3,35,28,7,1,31,0,1,0.0,80.59,80.59,1,0,0.5756839774269591,3
24.840919,67.044123,13.48,285,1,1,0,1,58,28,7,1,31,0,1,0.0,13.48,13.48,1,0,0.09629259232802342,1
25.024047,66.969409,107.77,239,1,1,0,21,36,27,7,0,31,0,1,0.0,107.77,107.77,1,1,0.7698407029073504,4
24.91615,67.179253,128.87,94,1,1,0,19,20,27,7,0,31,0,0,0.0,128.87,128.87,1,1,0.920565754696764,4
25.098734,66.995394,5.0,199,1,1,0,9,3,28,7,1,31,0,0,0.0,5.0,5.0,1,0,0.03571683691692264,1
25.035017,67.233864,33.35,104,1,1,0,16,2,27,7,0,31,0,0,0.0,33.35,33.35,1,0,0.238231302235874,2
24.864052,67.035349,106.8,215,1,1,0,18,43,27,7,0,31,0,0,0.0,106.8,106.8,1,1,0.7629116365454675,4
24.911806,67.280943,100.81,10,1,1,0,22,34,27,7,0,31,0,1,0.0,100.81,100.81,1,1,0.7201228659189942,4
25.078807,66.99902,137.79,301,1,1,0,18,16,27,7,0,31,0,0,0.0,137.79,137.79,1,1,0.9842845917565539,4
25.078412,67.000068,81.52,221,1,1,0,17,49,27,7,0,31,0,0,0.0,81.52,81.52,1,0,0.5823273090935066,3
24.817648,67.145627,122.44,1,1,1,0,23,18,27,7,0,31,0,1,0.0,122.44,122.44,1,1,0.8746339024216014,4
24.833799,67.014104,38.17,257,1,1,0,23,10,27,7,0,31,0,1,0.0,38.17,38.17,1,0,0.2726623330237874,2
25.062138,67.136709,45.82,76,1,1,0,14,27,27,7,0,31,0,0,0.0,45.82,45.82,1,0,0.327309093506679,2
25.037748,67.27521,20.06,346,1,1,0,6,31,28,7,1,31,0,0,0.0,20.06,20.06,1,0,0.1432959497106936,1
25.06631,67.160812,109.71,45,1,1,0,23,5,27,7,0,31,0,1,0.0,109.71,109.71,1,1,0.7836988356311164,4
24.904675,67.299116,133.89,279,1,1,0,19,15,27,7,0,31,0,0,0.0,133.89,133.89,1,1,0.9564254589613542,4
25.002855,67.063991,73.63,335,1,1,0,5,43,28,7,1,31,0,1,0.0,73.63,73.63,1,0,0.5259661404386027,3
24.857082,67.199037,80.57,294,1,1,0,13,31,27,7,0,31,0,0,0.0,80.57,80.57,1,0,0.5755411100792913,3
24.942836,67.023233,126.02,205,1,1,0,12,52,27,7,0,31,0,0,0.0,126.02,126.02,1,1,0.9002071576541181,4
24.980036,67.134071,102.59,327,1,1,0,0,18,28,7,1,31,0,1,0.0,102.59,102.59,1,1,0.7328380598614187,4
24.918266,67.216054,121.13,225,1,1,0,6,29,28,7,1,31,0,0,0.0,121.13,121.13,1,1,0.8652760911493678,4
24.764277,67.042608,139.33,287,1,1,0,17,41,27,7,0,31,0,0,0.0,139.33,139.33,1,1,0.9952853775269662,4
24.93099,67.097853,33.83,168,1,1,0,5,24,28,7,1,31,0,1,0.0,33.83,33.83,1,0,0.24166011857989853,2
24.93239,66.918003,70.62,169,1,1,0,0,3,28,7,1,31,0,1,0.0,70.62,70.62,1,0,0.5044646046146153,3
24.908043,67.292722,66.03,67,1,1,0,10,15,28,7,1,31,0,0,0.0,66.03,66.03,1,0,0.4716765483248803,3
24.758462,66.987458,44.45,133,1,1,0,7,6,28,7,1,31,0,0,0.0,44.45,44.45,1,0,0.31752268019144225,2
24.826458,66.947856,38.04,148,1,1,0,8,17,28,7,1,31,0,0,0.0,38.04,38.04,1,0,0.2717336952639474,2
24.890804,66.952683,90.86,2,1,1,0,8,15,28,7,1,31,0,0,0.0,90.86,90.86,1,0,0.6490463604543181,4
24.831366,66.909852,7.38,18,1,1,0,21,23,27,7,0,31,0,1,0.0,7.38,7.38,1,0,0.05271805128937781,1
24.755394,67.212394,94.91,288,1,1,0,17,59,27,7,0,31,0,0,0.0,94.91,94.91,1,0,0.6779769983570254,4
24.911882,66.911124,77.38,148,1,1,0,1,22,28,7,1,31,0,1,0.0,77.38,77.38,1,0,0.5527537681262946,3
24.975712,67.279835,124.94,218,1,1,0,1,51,28,7,1,31,0,1,0.0,124.94,124.94,1,1,0.8924923208800628,4
24.902536,66.929263,122.36,21,1,1,0,0,49,28,7,1,31,0,1,0.0,122.36,122.36,1,1,0.8740624330309307,4
24.960863,67.205367,5.33,282,1,1,0,22,31,27,7,0,31,0,1,0.0,5.33,5.33,1,0,0.03807414815343953,1
24.930051,67.243461,45.06,41,1,1,0,7,31,28,7,1,31,0,0,0.0,45.06,45.06,1,0,0.3218801342953068,2
24.840389,67.282113,51.38,298,1,1,0,9,1,28,7,1,31,0,0,0.0,51.38,51.38,1,0,0.367026216158297,2
24.867996,66.960464,51.41,253,1,1,0,12,37,27,7,0,31,0,0,0.0,51.41,51.41,1,0,0.3672405171797985,2
24.89085,67.114166,131.4,3,1,1,0,12,3,27,7,0,31,0,0,0.0,131.4,131.4,1,1,0.9386384741767269,4
24.882941,67.133177,44.45,291,1,1,0,12,2,27,7,0,31,0,0,0.0,44.45,44.45,1,0,0.31752268019144225,2
24.772179,67.059719,2.53,175,1,1,0,20,25,27,7,0,31,0,1,0.0,2.53,2.53,1,0,0.01807271947996285,1
24.803657,67.048587,80.05,191,1,1,0,0,18,28,7,1,31,0,1,0.0,80.05,80.05,1,0,0.5718265590399314,3
25.084076,67.023503,99.72,35,1,1,0,17,9,27,7,0,31,0,0,0.0,99.72,99.72,1,0,0.7123365954711051,4
24.846159,67.12602,9.67,274,1,1,0,11,33,27,7,0,31,0,0,0.0,9.67,9.67,1,0,0.06907636259732837,1
24.751558,66.985918,62.94,142,1,1,0,9,4,28,7,1,31,0,0,0.0,62.94,62.94,1,0,0.4496035431102221,3
24.795365,67.126993,0.81,167,1,1,0,21,24,27,7,0,31,0,1,0.0,0.81,0.81,1,0,0.005786127580541468,1
25.012609,66.986228,3.34,326,1,1,0,5,59,28,7,1,31,0,1,0.0,3.34,3.34,1,0,0.02385884706050432,1
24.912208,66.910736,42.55,1,1,1,0,5,44,28,7,1,31,0,1,0.0,42.55,42.55,1,0,0.3039502821630116,2
24.8183,67.031958,13.82,83,1,1,0,23,17,27,7,0,31,0,1,0.0,13.82,13.82,1,0,0.09872133723837416,1
24.804437,66.99536,63.61,0,1,1,0,2,54,28,7,1,31,0,1,0.0,63.61,63.61,1,0,0.45438959925708977,3
24.797123,67.15179,80.96,208,1,1,0,14,16,27,7,0,31,0,0,0.0,80.96,80.96,1,0,0.5783270233588113,3
24.823847,67.226969,67.63,241,1,1,0,6,58,28,7,1,31,0,0,0.0,67.63,67.63,1,0,0.48310593613829556,3
25.083805,67.107308,12.48,273,1,1,0,18,5,27,7,0,31,0,0,0.0,12.48,12.48,1,0,0.0891492249446389,1
25.099193,67.252666,131.76,33,1,1,0,7,2,28,7,1,31,0,0,0.0,131.76,131.76,1,1,0.9412100864347452,4
24.829369,66.97002,89.95,46,1,1,0,21,39,27,7,0,31,0,1,0.0,89.95,89.95,1,0,0.6425458961354382,3
24.7953,67.012759,60.06,191,1,1,0,6,41,28,7,1,31,0,0,0.0,60.06,60.06,1,0,0.4290306450460747,3
24.853758,67.109154,60.62,14,1,1,0,5,20,28,7,1,31,0,1,0.0,60.62,60.62,1,0,0.43303093078077,3
24.811009,66.97354,117.83,264,1,1,0,20,52,27,7,0,31,0,1,0.0,117.83,117.83,1,1,0.8417029787841988,4
25.034908,67.022075,131.83,44,1,1,0,0,13,28,7,1,31,0,1,0.0,131.83,131.83,1,1,0.9417101221515822,4
25.017162,67.076304,128.47,175,1,1,0,20,5,27,7,0,31,0,1,0.0,128.47,128.47,1,1,0.9177084077434102,4
24.751583,66.91503,20.69,104,1,1,0,16,59,27,7,0,31,0,0,0.0,20.69,20.69,1,0,0.14779627116222588,1
24.798254,67.053484,71.52,95,1,1,0,17,37,27,7,0,31,0,0,0.0,71.52,71.52,1,0,0.5108936352596614,3
24.75172,67.001667,49.26,62,1,1,0,11,42,27,7,0,31,0,0,0.0,49.26,49.26,1,0,0.3518822773055218,2
24.818794,66.995527,2.99,353,1,1,0,14,39,27,7,0,31,0,0,0.0,2.99,2.99,1,0,0.021358668476319738,1
24.953604,67.156374,82.94,244,1,1,0,8,23,28,7,1,31,0,0,0.0,82.94,82.94,1,0,0.5924708907779127,3
25.055978,66.937657,118.15,19,1,1,0,20,4,27,7,0,31,0,1,0.0,118.15,118.15,1,1,0.8439888563468819,4
24.991218,67.032264,105.98,230,1,1,0,1,57,28,7,1,31,0,1,0.0,105.98,105.98,1,1,0.7570540752910923,4
24.945307,67.275298,112.14,212,1,1,0,21,54,27,7,0,31,0,1,0.0,112.14,112.14,1,1,0.8010572183727409,4
24.777608,67.129466,131.59,111,1,1,0,8,50,28,7,1,31,0,0,0.0,131.59,131.59,1,1,0.9399957139795699,4
24.933403,67.155159,122.77,18,1,1,0,20,40,27,7,0,31,0,1,0.0,122.77,122.77,1,1,0.8769912136581184,4
25.030749,67.161582,111.09,125,1,1,0,21,24,27,7,0,31,0,1,0.0,111.09,111.09,1,1,0.7935566826201871,4
25.056189,67.179057,60.41,219,1,1,0,2,59,28,7,1,31,0,1,0.0,60.41,60.41,1,0,0.43153082363025924,3
24.864187,67.278611,116.61,338,1,1,0,10,39,28,7,1,31,0,0,0.0,116.61,116.61,1,1,0.8329880705764697,4
24.786396,66.971819,95.5,171,1,1,0,9,31,28,7,1,31,0,0,0.0,95.5,95.5,1,0,0.6821915851132223,4
25.088475,67.213162,3.73,296,1,1,0,14,19,27,7,0,31,0,0,0.0,3.73,3.73,1,0,0.026644760340024286,1
24.813924,67.199739,134.01,51,1,1,0,23,49,27,7,0,31,0,1,0.0,134.01,134.01,1,1,0.9572826630473604,4
24.845016,67.284662,133.28,275,1,1,0,8,27,28,7,1,31,0,0,0.0,133.28,133.28,1,1,0.9520680048574898,4
24.809755,67.071947,81.4,207,1,1,0,0,57,28,7,1,31,0,1,0.0,81.4,81.4,1,0,0.5814701050075005,3
24.855497,67.141082,86.41,102,1,1,0,6,15,28,7,1,31,0,0,0.0,86.41,86.41,1,0,0.6172583755982569,3
24.768889,67.110624,113.25,292,1,1,0,9,6,28,7,1,31,0,0,0.0,113.25,113.25,1,1,0.8089863561682977,4
24.910116,67.222491,17.63,106,1,1,0,17,15,27,7,0,31,0,0,0.0,17.63,17.63,1,0,0.12593756696906921,1
24.782801,67.016863,127.79,122,1,1,0,13,46,27,7,0,31,0,0,0.0,127.79,127.79,1,1,0.9128509179227088,4
25.021084,67.242782,99.42,305,1,1,0,17,43,27,7,0,31,0,0,0.0,99.42,99.42,1,0,0.7101935852560897,4
25.060228,67.175396,67.12,289,1,1,0,10,3,28,7,1,31,0,0,0.0,67.12,67.12,1,0,0.4794628187727695,3
24.925167,67.200033,96.33,217,1,1,0,2,35,28,7,1,31,0,1,0.0,96.33,96.33,1,0,0.6881205800414315,4
24.910977,66.959788,56.05,331,1,1,0,15,12,27,7,0,31,0,0,0.0,56.05,56.05,1,0,0.40038574183870274,2
24.815222,66.939495,53.98,111,1,1,0,14,39,27,7,0,31,0,0,0.0,53.98,53.98,1,0,0.38559897135509674,2
24.821163,66.936067,11.25,125,1,1,0,5,44,28,7,1,31,0,1,0.0,11.25,11.25,1,0,0.08036288306307593,1
24.786711,67.119674,87.34,259,1,1,0,15,11,27,7,0,31,0,0,0.0,87.34,87.34,1,0,0.6239017072648047,3
24.774358,66.987375,40.31,88,1,1,0,15,34,27,7,0,31,0,0,0.0,40.31,40.31,1,0,0.2879491392242303,2
25.054972,67.084305,21.87,169,1,1,0,7,29,28,7,1,31,0,0,0.0,21.87,21.87,1,0,0.1562254446746196,1
24.848733,67.18088,113.94,338,1,1,0,3,47,28,7,1,31,0,1,0.0,113.94,113.94,1,1,0.813915279662833,4
25.094795,66.905031,13.37,167,1,1,0,21,20,27,7,0,31,0,1,0.0,13.37,13.37,1,0,0.09550682191585112,1
24.821154,67.120458,9.48,226,1,1,0,5,21,28,7,1,31,0,1,0.0,9.48,9.48,1,0,0.06771912279448532,1
24.860266,67.167084,97.5,33,1,1,0,23,49,27,7,0,31,0,1,0.0,97.5,97.5,1,0,0.6964783198799914,4
24.986209,67.206842,3.3,70,1,1,0,16,22,27,7,0,31,0,0,0.0,3.3,3.3,1,0,0.023573112365168937,1
24.824286,67.033132,7.15,3,1,1,0,17,9,27,7,0,31,0,0,0.0,7.15,7.15,1,0,0.051075076791199374,1
24.962861,66.925653,12.1,36,1,1,0,17,2,27,7,0,31,0,0,0.0,12.1,12.1,1,0,0.08643474533895278,1
25.027433,67.072961,4.17,262,1,1,0,20,41,27,7,0,31,0,1,0.0,4.17,4.17,1,0,0.029787841988713478,1
25.066687,67.176063,84.71,307,1,1,0,8,3,28,7,1,31,0,0,0.0,84.71,84.71,1,0,0.6051146510465032,3
24.916166,67.091494,112.17,50,1,1,0,5,4,28,7,1,31,0,1,0.0,112.17,112.17,1,1,0.8012715193942425,4
24.931188,67.163071,40.75,74,1,1,0,9,15,28,7,1,31,0,0,0.0,40.75,40.75,1,0,0.29109222087291947,2
25.001839,67.021763,131.76,299,1,1,0,7,32,28,7,1,31,0,0,0.0,131.76,131.76,1,1,0.9412100864347452,4
24.787921,66.993529,115.14,12,1,1,0,12,47,27,7,0,31,0,0,0.0,115.14,115.14,1,1,0.8224873205228944,4
24.869236,67.116484,98.09,2,1,1,0,13,57,27,7,0,31,0,0,0.0,98.09,98.09,1,0,0.7006929066361883,4
24.969629,67.091654,43.7,187,1,1,0,6,51,28,7,1,31,0,0,0.0,43.7,43.7,1,0,0.3121651546539039,2
24.882676,67.232253,70.73,149,1,1,0,14,51,27,7,0,31,0,0,0.0,70.73,70.73,1,0,0.5052503750267876,3
24.804888,67.200386,24.16,284,1,1,0,10,13,28,7,1,31,0,0,0.0,24.16,24.16,1,0,0.17258375598257017,1
24.895714,66.959687,110.01,192,1,1,0,4,39,28,7,1,31,0,1,0.0,110.01,110.01,1,1,0.7858418458461318,4
25.047757,67.286591,9.15,98,1,1,0,10,48,28,7,1,31,0,0,0.0,9.15,9.15,1,0,0.06536181155796843,1
24.900902,67.292082,29.15,290,1,1,0,22,53,27,7,0,31,0,1,0.0,29.15,29.15,1,0,0.20822915922565896,1
25.015652,67.238756,53.04,289,1,1,0,21,41,27,7,0,31,0,1,0.0,53.04,53.04,1,0,0.3788842060147153,2
25.002883,66.967896,75.53,51,1,1,0,10,48,28,7,1,31,0,0,0.0,75.53,75.53,1,0,0.5395385384670334,3
24.817802,67.257711,102.99,14,1,1,0,9,4,28,7,1,31,0,0,0.0,102.99,102.99,1,1,0.7356954068147724,4
25.0893,66.980703,23.33,325,1,1,0,8,36,28,7,1,31,0,0,0.0,23.33,23.33,1,0,0.166654761054361,1
25.06969,66.912626,117.26,78,1,1,0,21,30,27,7,0,31,0,1,0.0,117.26,117.26,1,1,0.8376312593756696,4
24.96082,67.122423,22.79,330,1,1,0,16,7,27,7,0,31,0,0,0.0,22.79,22.79,1,0,0.16279734266733337,1
24.887829,67.226985,56.75,271,1,1,0,17,33,27,7,0,31,0,0,0.0,56.75,56.75,1,0,0.4053860990070719,2
24.820563,66.928681,1.01,251,1,1,0,16,53,27,7,0,31,0,0,0.0,1.01,1.01,1,0,0.007214801057218372,1
24.751836,67.146498,13.92,169,1,1,0,20,19,27,7,0,31,0,1,0.0,13.92,13.92,1,0,0.09943567397671262,1
24.769828,67.096834,135.53,292,1,1,0,15,21,27,7,0,31,0,0,0.0,135.53,135.53,1,1,0.968140581470105,4
24.872991,67.066255,118.05,212,1,1,0,18,20,27,7,0,31,0,0,0.0,118.05,118.05,1,1,0.8432745196085434,4
24.9451,67.206385,104.68,116,1,1,0,10,51,28,7,1,31,0,0,0.0,104.68,104.68,1,1,0.7477676976926924,4
25.040377,67.233949,98.52,134,1,1,0,14,17,27,7,0,31,0,0,0.0,98.52,98.52,1,0,0.7037645546110436,4
25.049926,66.966158,62.04,193,1,1,0,12,45,27,7,0,31,0,0,0.0,62.04,62.04,1,0,0.44317451246517603,3
25.026148,66.938967,100.53,130,1,1,0,4,52,28,7,1,31,0,1,0.0,100.53,100.53,1,1,0.7181227230516465,4
25.070707,67.105078,113.38,210,1,1,0,9,8,28,7,1,31,0,0,0.0,113.38,113.38,1,1,0.8099149939281376,4
24.885647,66.902606,69.47,221,1,1,0,0,51,28,7,1,31,0,1,0.0,69.47,69.47,1,0,0.4962497321237231,3
24.885016,67.29475,129.32,67,1,1,0,22,15,27,7,0,31,0,1,0.0,129.32,129.32,1,1,0.923780270019287,4
25.035012,67.12102,83.48,176,1,1,0,17,24,27,7,0,31,0,0,0.0,83.48,83.48,1,0,0.5963283091649404,3
25.051912,66.96694,44.19,173,1,1,0,17,48,27,7,0,31,0,0,0.0,44.19,44.19,1,0,0.31566540467176224,2
24.977609,67.010086,108.88,334,1,1,0,19,8,27,7,0,31,0,0,0.0,108.88,108.88,1,1,0.7777698407029072,4
24.86743,67.032598,99.4,210,1,1,0,13,37,27,7,0,31,0,0,0.0,99.4,99.4,1,0,0.710050717908422,4
25.004857,67.053633,14.76,215,1,1,0,9,0,28,7,1,31,0,0,0.0,14.76,14.76,1,0,0.10543610257875562,1
25.012741,67.158069,135.14,117,1,1,0,0,29,28,7,1,31,0,1,0.0,135.14,135.14,1,1,0.9653546681905849,4
25.033631,67.032112,98.44,223,1,1,0,20,39,27,7,0,31,0,1,0.0,98.44,98.44,1,0,0.7031930852203728,4
24.777443,67.040491,46.56,255,1,1,0,6,56,28,7,1,31,0,0,0.0,46.56,46.56,1,0,0.3325951853703836,2
24.815864,67.16034,67.68,47,1,1,0,20,6,27,7,0,31,0,1,0.0,67.68,67.68,1,0,0.4834631045074648,3
24.794136,66.991259,29.56,87,1,1,0,10,8,28,7,1,31,0,0,0.0,29.56,29.56,1,0,0.21115793985284662,1
24.819813,67.060781,97.44,308,1,1,0,14,46,27,7,0,31,0,0,0.0,97.44,97.44,1,0,0.6960497178369883,4
24.795997,66.956476,3.1,50,1,1,0,11,7,28,7,1,31,0,0,0.0,3.1,3.1,1,0,0.022144438888492036,1
25.016493,67.025712,72.0,238,1,1,0,7,20,28,7,1,31,0,0,0.0,72.0,72.0,1,0,0.514322451603686,3
25.067745,66.919952,31.23,351,1,1,0,6,4,28,7,1,31,0,0,0.0,31.23,31.23,1,0,0.22308736338309879,2
24.918933,66.926436,120.24,239,1,1,0,5,19,28,7,1,31,0,1,0.0,120.24,120.24,1,1,0.8589184941781555,4
24.943191,66.936544,5.63,97,1,1,0,9,2,28,7,1,31,0,0,0.0,5.63,5.63,1,0,0.04021715836845489,1
24.844365,67.288539,47.84,132,1,1,0,4,57,28,7,1,31,0,1,0.0,47.84,47.84,1,0,0.3417386956211158,2
24.999634,67.006579,13.72,199,1,1,0,2,46,28,7,1,31,0,1,0.0,13.72,13.72,1,0,0.09800700050003572,1
25.002256,67.138352,111.96,272,1,1,0,1,33,28,7,1,31,0,1,0.0,111.96,111.96,1,1,0.7997714122437316,4
24.926774,66.965896,113.59,319,1,1,0,18,54,27,7,0,31,0,0,0.0,113.59,113.59,1,1,0.8114151010786484,4
25.053413,67.08993,58.61,120,1,1,0,18,0,27,7,0,31,0,0,0.0,58.61,58.61,1,0,0.41867276234016715,2
25.022398,67.234386,125.49,226,1,1,0,5,3,28,7,1,31,0,1,0.0,125.49,125.49,1,1,0.8964211729409243,4
24.98509,67.000275,90.25,101,1,1,0,14,12,27,7,0,31,0,0,0.0,90.25,90.25,1,0,0.6446889063504536,4
24.900286,67.216431,102.2,126,1,1,0,1,16,28,7,1,31,0,1,0.0,102.2,102.2,1,1,0.7300521465818987,4
25.000046,67.249317,18.37,264,1,1,0,13,7,27,7,0,31,0,0,0.0,18.37,18.37,1,0,0.13122365883277376,1
24.769185,67.027042,76.95,46,1,1,0,13,0,27,7,0,31,0,0,0.0,76.95,76.95,1,0,0.5496821201514394,3
24.963955,67.280425,99.15,217,1,1,0,11,11,28,7,1,31,0,0,0.0,99.15,99.15,1,0,0.7082648760625759,4
24.855966,66.983093,126.86,124,1,1,0,14,1,27,7,0,31,0,0,0.0,126.86,126.86,1,1,0.906207586256161,4
25.066811,67.270421,123.3,357,1,1,0,15,36,27,7,0,31,0,0,0.0,123.3,123.3,1,1,0.8807771983713122,4
25.048318,67.132135,68.28,209,1,1,0,4,36,28,7,1,31,0,1,0.0,68.28,68.28,1,0,0.4877491249374955,3
25.011071,67.185664,86.28,359,1,1,0,15,53,27,7,0,31,0,0,0.0,86.28,86.28,1,0,0.616329737838417,3
25.023341,67.275508,55.36,300,1,1,0,16,23,27,7,0,31,0,0,0.0,55.36,55.36,1,0,0.3954568183441674,2
25.01755,67.127116,11.0,47,1,1,0,18,18,27,7,0,31,0,0,0.0,11.0,11.0,1,0,0.0785770412172298,1
24.914984,66.996467,6.41,170,1,1,0,17,23,27,7,0,31,0,0,0.0,6.41,6.41,1,0,0.04578898492749482,1
24.969828,66.96055,61.61,210,1,1,0,12,55,27,7,0,31,0,0,0.0,61.61,61.61,1,0,0.4401028644903207,3
25.086007,67.254913,115.92,60,1,1,0,6,9,28,7,1,31,0,0,0.0,115.92,115.92,1,1,0.8280591470819344,4
24.834674,67.143588,65.67,188,1,1,0,14,27,27,7,0,31,0,0,0.0,65.67,65.67,1,0,0.4691049360668619,3
25.065874,67.077373,3.05,65,1,1,0,8,0,28,7,1,31,0,0,0.0,3.05,3.05,1,0,0.021787270519322804,1
24.864406,67.053143,17.37,295,1,1,0,10,34,28,7,1,31,0,0,0.0,17.37,17.37,1,0,0.12408029144938924,1
25.030554,67.03731,0.35,106,1,1,0,1,28,28,7,1,31,0,1,0.0,0.35,0.35,1,0,0.0025001785841845844,1
25.088452,67.257703,80.1,321,1,1,0,20,33,27,7,0,31,0,1,0.0,80.1,80.1,1,0,0.5721837274091006,3
24.78682,67.132734,1.09,40,1,1,0,18,29,27,7,0,31,0,0,0.0,1.09,1.09,1,0,0.007786270447889135,1
25.002487,67.251587,137.81,146,1,1,0,6,31,28,7,1,31,0,0,0.0,137.81,137.81,1,1,0.9844274591042217,4
24.804751,66.974362,79.85,61,1,1,0,13,42,27,7,0,31,0,0,0.0,79.85,79.85,1,0,0.5703978855632544,3
24.971808,67.198044,16.3,190,1,1,0,20,18,27,7,0,31,0,1,0.0,16.3,16.3,1,0,0.1164368883491678,1
24.930668,67.020103,125.09,23,1,1,0,19,0,27,7,0,31,0,0,0.0,125.09,125.09,1,1,0.8935638259875706,4
24.839912,67.13845,67.46,303,1,1,0,1,40,28,7,1,31,0,1,0.0,67.46,67.46,1,0,0.48189156368312014,3
24.837853,66.987722,97.73,212,1,1,0,20,37,27,7,0,31,0,1,0.0,97.73,97.73,1,0,0.6981212943781698,4
24.900613,67.164101,7.45,0,1,1,0,9,32,28,7,1,31,0,0,0.0,7.45,7.45,1,0,0.05321808700621473,1
24.9828,67.104844,48.22,97,1,1,0,0,16,28,7,1,31,0,1,0.0,48.22,48.22,1,0,0.3444531752268019,2
24.772548,67.115663,38.44,84,1,1,0,23,45,27,7,0,31,0,1,0.0,38.44,38.44,1,0,0.2745910422173012,2
24.877125,67.122269,130.99,197,1,1,0,5,43,28,7,1,31,0,1,0.0,130.99,130.99,1,1,0.9357096935495393,4
25.050885,67.118648,36.63,16,1,1,0,19,40,27,7,0,31,0,0,0.0,36.63,36.63,1,0,0.26166154725337526,2
24.973707,66.941244,6.99,206,1,1,0,16,33,27,7,0,31,0,0,0.0,6.99,6.99,1,0,0.049932138009857845,1
24.972168,67.108411,130.01,345,1,1,0,8,15,28,7,1,31,0,0,0.0,130.01,130.01,1,1,0.9287091935138223,4
24.990101,67.099212,109.46,286,1,1,0,22,32,27,7,0,31,0,1,0.0,109.46,109.46,1,1,0.7819129937852702,4
25.08177,67.094258,136.15,323,1,1,0,11,36,27,7,0,31,0,0,0.0,136.15,136.15,1,1,0.9725694692478034,4
25.014171,67.148608,56.09,153,1,1,0,10,52,28,7,1,31,0,0,0.0,56.09,56.09,1,0,0.4006714765340381,2
24.852282,67.135505,107.7,309,1,1,0,22,18,27,7,0,31,0,1,0.0,107.7,107.7,1,1,0.7693406671905135,4
24.803001,67.1762,2.65,210,1,1,0,17,4,27,7,0,31,0,0,0.0,2.65,2.65,1,0,0.018929923565968995,1
24.849572,67.096077,20.17,42,1,1,0,19,9,27,7,0,31,0,0,0.0,20.17,20.17,1,0,0.1440817201228659,1
24.827504,67.122513,50.2,276,1,1,0,14,29,27,7,0,31,0,0,0.0,50.2,50.2,1,0,0.35859704264590325,2
24.780248,66.925373,112.61,74,1,1,0,22,53,27,7,0,31,0,1,0.0,112.61,112.61,1,1,0.8044146010429316,4
24.866352,67.223872,78.84,42,1,1,0,7,52,28,7,1,31,0,0,0.0,78.84,78.84,1,0,0.5631830845060362,3
24.87503,66.955513,134.06,260,1,1,0,20,17,27,7,0,31,0,1,0.0,134.06,134.06,1,1,0.9576398314165298,4
24.870768,67.134308,38.16,201,1,1,0,9,51,28,7,1,31,0,0,0.0,38.16,38.16,1,0,0.2725908993499535,2
24.921422,67.205955,29.87,257,1,1,0,5,8,28,7,1,31,0,1,0.0,29.87,29.87,1,0,0.21337238374169584,1
25.05039,66.987062,127.58,280,1,1,0,14,50,27,7,0,31,0,0,0.0,127.58,127.58,1,1,0.9113508107721979,4
24.980242,67.14525,105.5,265,1,1,0,3,10,28,7,1,31,0,1,0.0,105.5,105.5,1,1,0.7536252589470676,4
24.762078,67.225251,102.99,323,1,1,0,10,19,28,7,1,31,0,0,0.0,102.99,102.99,1,1,0.7356954068147724,4
25.00761,67.040121,76.49,230,1,1,0,21,21,27,7,0,31,0,1,0.0,76.49,76.49,1,0,0.5463961711550824,3
24.916092,67.124094,28.96,47,1,1,0,9,20,28,7,1,31,0,0,0.0,28.96,28.96,1,0,0.2068719194228159,1
24.781421,67.278884,114.64,166,1,1,0,15,53,27,7,0,31,0,0,0.0,114.64,114.64,1,1,0.8189156368312022,4
24.918725,66.929935,135.6,217,1,1,0,13,3,27,7,0,31,0,0,0.0,135.6,135.6,1,1,0.9686406171869418,4
24.955225,67.240811,82.2,148,1,1,0,5,28,28,7,1,31,0,1,0.0,82.2,82.2,1,0,0.5871847989142082,3
24.85993,67.274761,21.98,233,1,1,0,1,18,28,7,1,31,0,1,0.0,21.98,21.98,1,0,0.15701121508679192,1
24.885,67.240269,134.72,215,1,1,0,11,43,27,7,0,31,0,0,0.0,134.72,134.72,1,1,0.9623544538895634,4
24.751367,67.089295,1.21,213,1,1,0,10,23,28,7,1,31,0,0,0.0,1.21,1.21,1,0,0.008643474533895277,1
25.007181,67.246065,30.15,204,1,1,0,15,6,27,7,0,31,0,0,0.0,30.15,30.15,1,0,0.2153725266090435,2
24.812904,67.055854,40.33,219,1,1,0,7,30,28,7,1,31,0,0,0.0,40.33,40.33,1,0,0.288092006571898,2
24.975978,67.092598,128.26,321,1,1,0,18,34,27,7,0,31,0,0,0.0,128.26,128.26,1,1,0.9162083005928994,4
24.91573,66.952226,28.61,303,1,1,0,13,20,27,7,0,31,0,0,0.0,28.61,28.61,1,0,0.20437174083863133,1
24.796377,67.210879,67.89,225,1,1,0,6,54,28,7,1,31,0,0,0.0,67.89,67.89,1,0,0.48496321165797557,3
24.87099,66.959087,97.27,311,1,1,0,0,36,28,7,1,31,0,1,0.0,97.27,97.27,1,0,0.6948353453818129,4
25.014524,67.094045,54.23,127,1,1,0,9,15,28,7,1,31,0,0,0.0,54.23,54.23,1,0,0.38738481320094287,2
25.007255,67.201362,49.8,167,1,1,0,0,46,28,7,1,31,0,1,0.0,49.8,49.8,1,0,0.35573969569254943,2
24.777552,67.281647,59.34,62,1,1,0,15,43,27,7,0,31,0,0,0.0,59.34,59.34,1,0,0.42388742053003786,2
24.767214,67.284495,41.54,296,1,1,0,23,35,27,7,0,31,0,1,0.0,41.54,41.54,1,0,0.29673548110579323,2
24.950476,67.277036,56.4,215,1,1,0,12,36,27,7,0,31,0,0,0.0,56.4,56.4,1,0,0.4028859204228873,2
24.837892,67.263264,119.41,26,1,1,0,7,59,28,7,1,31,0,0,0.0,119.41,119.41,1,1,0.8529894992499464,4
25.016075,67.162204,27.62,90,1,1,0,12,29,27,7,0,31,0,0,0.0,27.62,27.62,1,0,0.19729980712908066,1
24.959687,67.224057,119.51,18,1,1,0,21,27,27,7,0,31,0,1,0.0,119.51,119.51,1,1,0.8537038359882848,4
24.762034,67.252232,40.61,345,1,1,0,11,24,27,7,0,31,0,0,0.0,40.61,40.61,1,0,0.29009214943924566,2
24.865813,67.011263,105.2,259,1,1,0,3,14,28,7,1,31,0,1,0.0,105.2,105.2,1,1,0.7514822487320523,4
24.993109,67.03733,132.45,311,1,1,0,21,52,27,7,0,31,0,1,0.0,132.45,132.45,1,1,0.9461390099292806,4
24.974588,67.037485,59.29,22,1,1,0,6,41,28,7,1,31,0,0,0.0,59.29,59.29,1,0,0.4235302521608686,2
24.845608,67.201977,67.99,58,1,1,0,22,47,27,7,0,31,0,1,0.0,67.99,67.99,1,0,0.48567754839631394,3
24.79683,66.945855,85.38,330,1,1,0,4,5,28,7,1,31,0,1,0.0,85.38,85.38,1,0,0.6099007071933709,3
24.903824,66.931139,139.47,344,1,1,0,12,18,27,7,0,31,0,0,0.0,139.47,139.47,1,1,0.99628544896064,4
24.998808,67.269651,53.82,324,1,1,0,21,14,27,7,0,31,0,1,0.0,53.82,53.82,1,0,0.38445603257375527,2
24.800634,67.029221,59.84,65,1,1,0,4,43,28,7,1,31,0,1,0.0,59.84,59.84,1,0,0.4274591042217301,2
25.033453,67.275496,84.97,130,1,1,0,19,25,27,7,0,31,0,0,0.0,84.97,84.97,1,0,0.6069719265661833,3
24.88654,67.268937,116.79,310,1,1,0,16,12,27,7,0,31,0,0,0.0,116.79,116.79,1,1,0.8342738767054789,4
24.758834,67.153888,62.7,278,1,1,0,8,25,28,7,1,31,0,0,0.0,62.7,62.7,1,0,0.44788913493820987,3
24.893004,66.942597,81.11,358,1,1,0,11,57,27,7,0,31,0,0,0.0,81.11,81.11,1,0,0.579398528466319,3
24.835684,67.22196,80.27,262,1,1,0,12,24,27,7,0,31,0,0,0.0,80.27,80.27,1,0,0.5733980998642759,3
24.913386,66.925252,35.48,196,1,1,0,4,17,28,7,1,31,0,1,0.0,35.48,35.48,1,0,0.253446674762483,2
24.764858,67.081185,64.88,126,1,1,0,9,23,28,7,1,31,0,0,0.0,64.88,64.88,1,0,0.46346167583398806,3
24.987099,67.020807,99.6,184,1,1,0,5,36,28,7,1,31,0,1,0.0,99.6,99.6,1,0,0.7114793913850989,4
24.926354,66.90875,58.66,306,1,1,0,1,22,28,7,1,31,0,1,0.0,58.66,58.66,1,0,0.4190299307093363,2
24.965402,67.110435,15.06,313,1,1,0,0,59,28,7,1,31,0,1,0.0,15.06,15.06,1,0,0.10757911279377098,1
24.954359,67.073303,37.68,33,1,1,0,13,14,27,7,0,31,0,0,0.0,37.68,37.68,1,0,0.269162083005929,2
24.960549,67.001018,78.5,332,1,1,0,5,24,28,7,1,31,0,1,0.0,78.5,78.5,1,0,0.5607543395956853,3
25.041792,67.19933,22.2,268,1,1,0,0,49,28,7,1,31,0,1,0.0,22.2,22.2,1,0,0.1585827559111365,1
24.896415,67.084534,40.59,262,1,1,0,14,46,27,7,0,31,0,0,0.0,40.59,40.59,1,0,0.289949282091578,2
24.835059,67.042774,46.16,188,1,1,0,22,48,27,7,0,31,0,1,0.0,46.16,46.16,1,0,0.32973783841702975,2
25.088216,67.242698,117.32,326,1,1,0,9,32,28,7,1,31,0,0,0.0,117.32,117.32,1,1,0.8380598614186726,4
25.095792,67.081994,85.77,78,1,1,0,18,48,27,7,0,31,0,0,0.0,85.77,85.77,1,0,0.6126866204728908,3
24.750381,67.186891,19.65,128,1,1,0,1,30,28,7,1,31,0,1,0.0,19.65,19.65,1,0,0.14036716908350594,1
25.085025,67.034638,47.64,47,1,1,0,21,31,27,7,0,31,0,1,0.0,47.64,47.64,1,0,0.3403100221444389,2
24.887228,67.024821,90.47,82,1,1,0,15,22,27,7,0,31,0,0,0.0,90.47,90.47,1,0,0.6462604471747981,4
24.941329,67.239128,67.63,34,1,1,0,21,13,27,7,0,31,0,1,0.0,67.63,67.63,1,0,0.48310593613829556,3
24.750162,66.911264,44.87,335,1,1,0,22,28,27,7,0,31,0,1,0.0,44.87,44.87,1,0,0.3205228944924637,2
24.845493,67.298039,139.46,336,1,1,0,18,40,27,7,0,31,0,0,0.0,139.46,139.46,1,1,0.9962140152868062,4
25.018359,67.062516,88.39,17,1,1,0,1,22,28,7,1,31,0,1,0.0,88.39,88.39,1,0,0.6314022430173584,3
24.846776,67.12963,42.05,117,1,1,0,4,7,28,7,1,31,0,1,0.0,42.05,42.05,1,0,0.3003785984713193,2
24.938075,67.192633,28.76,69,1,1,0,4,21,28,7,1,31,0,1,0.0,28.76,28.76,1,0,0.205443245946139,1
24.948387,67.249924,4.6,38,1,1,0,0,28,28,7,1,31,0,1,0.0,4.6,4.6,1,0,0.03285948996356882,1
24.90582,67.042147,24.63,187,1,1,0,23,53,27,7,0,31,0,1,0.0,24.63,24.63,1,0,0.1759411386527609,1
24.898134,66.964672,4.06,346,1,1,0,12,57,27,7,0,31,0,0,0.0,4.06,4.06,1,0,0.029002071576541177,1
25.084197,67.128247,62.87,101,1,1,0,2,33,28,7,1,31,0,1,0.0,62.87,62.87,1,0,0.44910350739338517,3
24.907551,67.104484,11.95,9,1,1,0,23,2,27,7,0,31,0,1,0.0,11.95,11.95,1,0,0.08536324023144509,1
25.038593,67.135507,23.59,130,1,1,0,11,3,28,7,1,31,0,0,0.0,23.59,23.59,1,0,0.16851203657404099,1
25.02993,66.942056,58.57,320,1,1,0,8,34,28,7,1,31,0,0,0.0,58.57,58.57,1,0,0.41838702764483177,2
24.851657,66.950274,38.81,336,1,1,0,18,15,27,7,0,31,0,0,0.0,38.81,38.81,1,0,0.2772340881491535,2
25.00272,66.935257,21.1,347,1,1,0,12,3,27,7,0,31,0,0,0.0,21.1,21.1,1,0,0.15072505178941353,1
24.914124,67.28261,101.91,295,1,1,0,15,0,27,7,0,31,0,0,0.0,101.91,101.91,1,1,0.7279805700407171,4
24.988168,67.138564,21.4,197,1,1,0,21,27,27,7,0,31,0,1,0.0,21.4,21.4,1,0,0.15286806200442887,1
25.058034,67.262287,10.51,229,1,1,0,19,59,27,7,0,31,0,0,0.0,10.51,10.51,1,0,0.07507679119937137,1
24.937367,67.223469,64.12,176,1,1,0,6,6,28,7,1,31,0,0,0.0,64.12,64.12,1,0,0.4580327166226159,3
25.03277,67.060008,83.55,280,1,1,0,13,42,27,7,0,31,0,0,0.0,83.55,83.55,1,0,0.5968283448817772,3
24.815517,66.974035,135.34,309,1,1,0,1,54,28,7,1,31,0,1,0.0,135.34,135.34,1,1,0.9667833416672619,4
24.828323,66.934929,48.39,290,1,1,0,7,6,28,7,1,31,0,0,0.0,48.39,48.39,1,0,0.34566754768197727,2
25.068107,67.177655,48.78,314,1,1,0,4,27,28,7,1,31,0,1,0.0,48.78,48.78,1,0,0.3484534609614972,2
24.936698,67.032516,10.13,315,1,1,0,21,34,27,7,0,31,0,1,0.0,10.13,10.13,1,0,0.07236231159368527,1
24.760429,66.987455,12.17,258,1,1,0,13,26,27,7,0,31,0,0,0.0,12.17,12.17,1,0,0.0869347810557897,1
25.06221,67.219163,3.1,53,1,1,0,12,51,27,7,0,31,0,0,0.0,3.1,3.1,1,0,0.022144438888492036,1
24.972452,67.133551,122.75,265,1,1,0,13,50,27,7,0,31,0,0,0.0,122.75,122.75,1,1,0.8768483463104507,4
24.926218,67.222726,24.46,172,1,1,0,19,40,27,7,0,31,0,0,0.0,24.46,24.46,1,0,0.17472676619758554,1
24.997497,67.298281,10.42,135,1,1,0,22,0,27,7,0,31,0,1,0.0,10.42,10.42,1,0,0.07443388813486677,1
24.816105,67.047885,55.47,304,1,1,0,7,43,28,7,1,31,0,0,0.0,55.47,55.47,1,0,0.3962425887563397,2
25.087425,67.03119,63.49,19,1,1,0,7,16,28,7,1,31,0,0,0.0,63.49,63.49,1,0,0.4535323951710836,3
24.991412,66.985737,103.0,303,1,1,0,0,18,28,7,1,31,0,1,0.0,103.0,103.0,1,1,0.7357668404886063,4
25.003048,67.056148,65.59,213,1,1,0,11,35,27,7,0,31,0,0,0.0,65.59,65.59,1,0,0.46853346667619117,3
24.775995,67.235732,72.14,328,1,1,0,20,44,27,7,0,31,0,1,0.0,72.14,72.14,1,0,0.5153225230373598,3
24.823616,67.244377,97.69,260,1,1,0,16,45,27,7,0,31,0,0,0.0,97.69,97.69,1,0,0.6978355596828344,4
24.921567,66.97858,13.57,86,1,1,0,8,41,28,7,1,31,0,0,0.0,13.57,13.57,1,0,0.09693549539252803,1
25.020328,67.269488,14.14,345,1,1,0,22,56,27,7,0,31,0,1,0.0,14.14,14.14,1,0,0.10100721480105722,1
25.003491,67.162881,23.68,181,1,1,0,10,10,28,7,1,31,0,0,0.0,23.68,23.68,1,0,0.1691549396385456,1
24.974513,67.276844,107.91,351,1,1,0,21,46,27,7,0,31,0,1,0.0,107.91,107.91,1,1,0.7708407743410243,4
24.927107,67.100326,64.45,3,1,1,0,17,20,27,7,0,31,0,0,0.0,64.45,64.45,1,0,0.4603900278591328,3
24.92904,67.234593,14.39,72,1,1,0,11,18,28,7,1,31,0,0,0.0,14.39,14.39,1,0,0.10279305664690334,1
24.858685,67.102448,2.23,328,1,1,0,14,56,27,7,0,31,0,0,0.0,2.23,2.23,1,0,0.015929709264947495,1
24.778233,67.289264,12.31,215,1,1,0,6,37,28,7,1,31,0,0,0.0,12.31,12.31,1,0,0.08793485248946353,1
24.964105,67.145915,55.0,28,1,1,0,7,3,28,7,1,31,0,0,0.0,55.0,55.0,1,0,0.39288520608614896,2
24.844434,66.976698,102.47,345,1,1,0,4,10,28,7,1,31,0,1,0.0,102.47,102.47,1,1,0.7319808557754125,4
24.848399,66.946008,102.09,134,1,1,0,2,20,28,7,1,31,0,1,0.0,102.09,102.09,1,1,0.7292663761697263,4
24.92152,67.179275,61.16,107,1,1,0,12,26,27,7,0,31,0,0,0.0,61.16,61.16,1,0,0.4368883491677977,3
24.925162,67.234077,107.09,273,1,1,0,18,24,27,7,0,31,0,0,0.0,107.09,107.09,1,1,0.7649832130866491,4
25.082645,67.268736,132.8,179,1,1,0,18,31,27,7,0,31,0,0,0.0,132.8,132.8,1,1,0.9486391885134653,4
24.753299,66.948192,46.01,105,1,1,0,19,25,27,7,0,31,0,0,0.0,46.01,46.01,1,0,0.32866633330952205,2
24.971414,66.981799,54.09,125,1,1,0,6,25,28,7,1,31,0,0,0.0,54.09,54.09,1,0,0.3863847417672691,2
24.913953,67.025276,117.84,328,1,1,0,20,36,27,7,0,31,0,1,0.0,117.84,117.84,1,1,0.8417744124580326,4
25.060508,67.211375,31.23,315,1,1,0,2,31,28,7,1,31,0,1,0.0,31.23,31.23,1,0,0.22308736338309879,2
24.802531,67.089896,27.84,132,1,1,0,11,44,27,7,0,31,0,0,0.0,27.84,27.84,1,0,0.19887134795342523,1
24.877548,67.256222,119.46,177,1,1,0,14,54,27,7,0,31,0,0,0.0,119.46,119.46,1,1,0.8533466676191156,4
24.921987,66.962388,53.36,51,1,1,0,22,27,27,7,0,31,0,1,0.0,53.36,53.36,1,0,0.38117008357739834,2
24.834339,67.147912,128.53,129,1,1,0,22,26,27,7,0,31,0,1,0.0,128.53,128.53,1,1,0.9181370097864132,4
25.083407,67.079918,29.58,50,1,1,0,20,20,27,7,0,31,0,1,0.0,29.58,29.58,1,0,0.2113008072005143,1
24.908418,66.936036,22.53,214,1,1,0,8,42,28,7,1,31,0,0,0.0,22.53,22.53,1,0,0.1609400671476534,1
24.922051,67.049483,16.26,292,1,1,0,18,18,27,7,0,31,0,0,0.0,16.26,16.26,1,0,0.11615115365383243,1
25.020559,66.978603,61.0,310,1,1,0,0,56,28,7,1,31,0,1,0.0,61.0,61.0,1,0,0.43574541038645614,3
24.908219,66.983753,43.88,86,1,1,0,14,22,27,7,0,31,0,0,0.0,43.88,43.88,1,0,0.31345096078291307,2
25.030933,67.133973,21.78,352,1,1,0,22,51,27,7,0,31,0,1,0.0,21.78,21.78,1,0,0.155582541610115,1
24.827963,67.167051,134.98,245,1,1,0,22,10,27,7,0,31,0,1,0.0,134.98,134.98,1,1,0.9642117294092434,4
25.023378,67.20139,11.33,318,1,1,0,1,42,28,7,1,31,0,1,0.0,11.33,11.33,1,0,0.0809343524537467,1
24.811495,67.05218,75.21,156,1,1,0,18,50,27,7,0,31,0,0,0.0,75.21,75.21,1,0,0.5372526609043502,3
24.99961,67.152465,92.93,180,1,1,0,16,36,27,7,0,31,0,0,0.0,92.93,92.93,1,0,0.6638331309379242,4
25.05951,67.246605,78.13,175,1,1,0,8,56,28,7,1,31,0,0,0.0,78.13,78.13,1,0,0.558111293663833,3
24.909822,67.146288,4.93,62,1,1,0,13,48,27,7,0,31,0,0,0.0,4.93,4.93,1,0,0.03521680120008572,1
24.984615,67.071111,9.48,233,1,1,0,22,3,27,7,0,31,0,1,0.0,9.48,9.48,1,0,0.06771912279448532,1
24.761379,67.059079,75.59,166,1,1,0,1,52,28,7,1,31,0,1,0.0,75.59,75.59,1,0,0.5399671405100365,3
25.054483,67.243245,28.95,339,1,1,0,2,30,28,7,1,31,0,1,0.0,28.95,28.95,1,0,0.20680048574898205,1
25.09331,67.296756,21.47,218,1,1,0,22,35,27,7,0,31,0,1,0.0,21.47,21.47,1,0,0.15336809772126578,1
24.86911,67.026665,94.25,68,1,1,0,19,48,27,7,0,31,0,0,0.0,94.25,94.25,1,0,0.6732623758839916,4
24.839408,67.118975,60.93,48,1,1,0,1,29,28,7,1,31,0,1,0.0,60.93,60.93,1,0,0.4352453746696192,3
24.929432,67.087693,108.99,169,1,1,0,20,1,27,7,0,31,0,1,0.0,108.99,108.99,1,1,0.7785556111150795,4
25.089873,67.242526,123.7,227,1,1,0,5,44,28,7,1,31,0,1,0.0,123.7,123.7,1,1,0.883634545324666,4
24.889508,66.974495,44.56,320,1,1,0,2,42,28,7,1,31,0,1,0.0,44.56,44.56,1,0,0.3183084506036145,2
24.966563,67.191598,48.48,191,1,1,0,4,11,28,7,1,31,0,1,0.0,48.48,48.48,1,0,0.34631045074648187,2
24.874413,67.130533,103.94,28,1,1,0,14,53,27,7,0,31,0,0,0.0,103.94,103.94,1,1,0.7424816058289877,4
25.032115,67.283942,2.98,61,1,1,0,7,30,28,7,1,31,0,0,0.0,2.98,2.98,1,0,0.02128723480248589,1
24.935419,66.90944,2.07,233,1,1,0,19,51,27,7,0,31,0,0,0.0,2.07,2.07,1,0,0.014786770483605969,1
25.089447,67.189062,123.13,332,1,1,0,11,27,27,7,0,31,0,0,0.0,123.13,123.13,1,1,0.8795628259161368,4
24.981883,67.0472,58.07,38,1,1,0,18,14,27,7,0,31,0,0,0.0,58.07,58.07,1,0,0.41481534395313946,2
24.900811,66.941637,101.11,128,1,1,0,8,21,28,7,1,31,0,0,0.0,101.11,101.11,1,1,0.7222658761340095,4
25.032978,67.201575,22.03,3,1,1,0,13,28,27,7,0,31,0,0,0.0,22.03,22.03,1,0,0.15736838345596113,1
24.942413,67.113072,37.88,123,1,1,0,9,31,28,7,1,31,0,0,0.0,37.88,37.88,1,0,0.2705907564826059,2
24.817547,66.903745,17.47,10,1,1,0,1,6,28,7,1,31,0,1,0.0,17.47,17.47,1,0,0.12479462818772769,1
25.018078,67.126211,5.25,69,1,1,0,18,18,27,7,0,31,0,0,0.0,5.25,5.25,1,0,0.03750267876276877,1
24.995543,67.275192,43.07,60,1,1,0,16,36,27,7,0,31,0,0,0.0,43.07,43.07,1,0,0.3076648332023716,2
24.787173,67.19085,116.15,123,1,1,0,21,28,27,7,0,31,0,1,0.0,116.15,116.15,1,1,0.8297021215801128,4
24.799578,67.000733,137.6,70,1,1,0,20,5,27,7,0,31,0,1,0.0,137.6,137.6,1,1,0.9829273519537108,4
24.975217,66.984607,23.18,95,1,1,0,5,37,28,7,1,31,0,1,0.0,23.18,23.18,1,0,0.16558325594685333,1
25.046648,67.220516,139.13,45,1,1,0,15,36,27,7,0,31,0,0,0.0,139.13,139.13,1,1,0.9938567040502893,4
25.023183,67.06397,23.96,100,1,1,0,11,40,27,7,0,31,0,0,0.0,23.96,23.96,1,0,0.17115508250589329,1
24.983614,66.934283,8.63,176,1,1,0,15,38,27,7,0,31,0,0,0.0,8.63,8.63,1,0,0.06164726051860847,1
24.964921,67.040398,34.63,281,1,1,0,1,35,28,7,1,31,0,1,0.0,34.63,34.63,1,0,0.2473748124866062,2
24.757234,67.188765,104.23,6,1,1,0,23,45,27,7,0,31,0,1,0.0,104.23,104.23,1,1,0.7445531823701693,4
25.071169,67.011788,85.35,1,1,1,0,2,39,28,7,1,31,0,1,0.0,85.35,85.35,1,0,0.6096864061718693,3
25.026524,66.992575,119.23,13,1,1,0,11,8,28,7,1,31,0,0,0.0,119.23,119.23,1,1,0.8517036931209372,4
25.001714,67.071476,109.99,348,1,1,0,7,1,28,7,1,31,0,0,0.0,109.99,109.99,1,1,0.785698978498464,4
24.912408,66.968908,74.57,50,1,1,0,21,23,27,7,0,31,0,1,0.0,74.57,74.57,1,0,0.5326809057789841,3
24.828689,67.009964,5.84,59,1,1,0,13,58,27,7,0,31,0,0,0.0,5.84,5.84,1,0,0.04171726551896564,1
24.834802,67.019112,20.33,23,1,1,0,6,4,28,7,1,31,0,0,0.0,20.33,20.33,1,0,0.1452246589042074,1
24.990875,66.969183,78.32,264,1,1,0,19,33,27,7,0,31,0,0,0.0,78.32,78.32,1,0,0.5594685334666761,3
24.872338,66.973282,124.12,317,1,1,0,0,39,28,7,1,31,0,1,0.0,124.12,124.12,1,1,0.8866347596256875,4
25.069237,67.277604,104.21,317,1,1,0,19,13,27,7,0,31,0,0,0.0,104.21,104.21,1,1,0.7444103150225015,4
25.016922,66.926118,107.67,232,1,1,0,22,41,27,7,0,31,0,1,0.0,107.67,107.67,1,1,0.7691263661690121,4
24.807232,67.004059,10.74,105,1,1,0,15,43,27,7,0,31,0,0,0.0,10.74,10.74,1,0,0.07671976569754982,1
25.041078,66.912392,72.6,248,1,1,0,19,49,27,7,0,31,0,0,0.0,72.6,72.6,1,0,0.5186084720337166,3
25.000809,67.279069,55.42,180,1,1,0,22,6,27,7,0,31,0,1,0.0,55.42,55.42,1,0,0.3958854203871705,2
24.785351,67.222998,57.02,76,1,1,0,10,29,28,7,1,31,0,0,0.0,57.02,57.02,1,0,0.40731480820058574,2
24.783541,67.200785,41.29,119,1,1,0,13,31,27,7,0,31,0,0,0.0,41.29,41.29,1,0,0.2949496392599471,2
24.918501,67.237213,53.95,249,1,1,0,22,46,27,7,0,31,0,1,0.0,53.95,53.95,1,0,0.38538467033359525,2
24.993463,66.945968,48.73,113,1,1,0,4,16,28,7,1,31,0,1,0.0,48.73,48.73,1,0,0.348096292592328,2
24.76147,66.904782,98.47,345,1,1,0,5,5,28,7,1,31,0,1,0.0,98.47,98.47,1,0,0.7034073862418744,4
24.854858,67.174704,87.8,78,1,1,0,9,2,28,7,1,31,0,0,0.0,87.8,87.8,1,0,0.6271876562611615,3
24.848298,66.962567,12.93,185,1,1,0,11,23,27,7,0,31,0,0,0.0,12.93,12.93,1,0,0.09236374026716193,1
25.060325,67.291859,64.22,357,1,1,0,7,31,28,7,1,31,0,0,0.0,64.22,64.22,1,0,0.45874705336095434,3
25.002992,66.987092,123.82,104,1,1,0,0,28,28,7,1,31,0,1,0.0,123.82,123.82,1,1,0.8844917494106721,4
25.078002,66.915215,48.5,81,1,1,0,19,33,27,7,0,31,0,0,0.0,48.5,48.5,1,0,0.3464533180941496,2
24.890628,67.257135,2.67,105,1,1,0,16,26,27,7,0,31,0,0,0.0,2.67,2.67,1,0,0.019072790913636686,1
24.860596,67.066297,102.84,32,1,1,0,12,0,27,7,0,31,0,0,0.0,102.84,102.84,1,1,0.7346239017072648,4
24.947204,67.101964,35.67,150,1,1,0,5,53,28,7,1,31,0,1,0.0,35.67,35.67,1,0,0.2548039145653261,2
24.844416,67.218263,65.16,15,1,1,0,20,52,27,7,0,31,0,1,0.0,65.16,65.16,1,0,0.46546181870133574,3
25.022064,66.92063,73.32,136,1,1,0,12,42,27,7,0,31,0,0,0.0,73.32,73.32,1,0,0.5237516965497535,3
25.028695,66.982979,48.57,358,1,1,0,17,0,27,7,0,31,0,0,0.0,48.57,48.57,1,0,0.34695335381098646,2
25.000074,66.955484,89.34,233,1,1,0,4,40,28,7,1,31,0,1,0.0,89.34,89.34,1,0,0.6381884420315737,3
24.851664,67.115686,60.07,255,1,1,0,0,9,28,7,1,31,0,1,0.0,60.07,60.07,1,0,0.4291020787199085,3
25.055981,67.186628,81.18,250,1,1,0,3,45,28,7,1,31,0,1,0.0,81.18,81.18,1,0,0.579898564183156,3
25.037594,67.154739,42.47,140,1,1,0,5,49,28,7,1,31,0,1,0.0,42.47,42.47,1,0,0.30337881277234086,2
24.8967,67.042891,100.34,346,1,1,0,18,18,27,7,0,31,0,0,0.0,100.34,100.34,1,1,0.7167654832488035,4
24.769975,67.095066,117.74,318,1,1,0,8,32,28,7,1,31,0,0,0.0,117.74,117.74,1,1,0.8410600757196942,4
24.77583,66.928165,11.64,299,1,1,0,18,36,27,7,0,31,0,0,0.0,11.64,11.64,1,0,0.0831487963425959,1
25.063519,67.084076,114.17,316,1,1,0,13,44,27,7,0,31,0,0,0.0,114.17,114.17,1,1,0.8155582541610115,4
24.750065,66.95869,126.46,76,1,1,0,18,51,27,7,0,31,0,0,0.0,126.46,126.46,1,1,0.9033502393028072,4
24.949832,66.955056,64.49,345,1,1,0,4,11,28,7,1,31,0,1,0.0,64.49,64.49,1,0,0.4606757625544681,3
24.921136,67.140927,89.28,175,1,1,0,12,41,27,7,0,31,0,0,0.0,89.28,89.28,1,0,0.6377598399885706,3
25.033098,67.089353,114.63,174,1,1,0,7,42,28,7,1,31,0,0,0.0,114.63,114.63,1,1,0.8188442031573683,4
24.922511,66.956856,102.51,166,1,1,0,15,37,27,7,0,31,0,0,0.0,102.51,102.51,1,1,0.7322665904707479,4
24.921075,67.078441,95.36,242,1,1,0,13,59,27,7,0,31,0,0,0.0,95.36,95.36,1,0,0.6811915136795484,4
24.969141,67.126739,50.53,129,1,1,0,3,27,28,7,1,31,0,1,0.0,50.53,50.53,1,0,0.36095435388242014,2
24.89694,67.219026,129.25,143,1,1,0,11,0,28,7,1,31,0,0,0.0,129.25,129.25,1,1,0.9232802343024501,4
25.012898,67.049706,54.34,265,1,1,0,18,26,27,7,0,31,0,0,0.0,54.34,54.34,1,0,0.38817058361311524,2
25.009117,67.25863,118.32,33,1,1,0,16,34,27,7,0,31,0,0,0.0,118.32,118.32,1,1,0.8452032288020572,4
25.073621,66.913153,86.51,5,1,1,0,3,52,28,7,1,31,0,1,0.0,86.51,86.51,1,0,0.6179727123365955,3
25.049065,66.922538,14.94,54,1,1,0,15,52,27,7,0,31,0,0,0.0,14.94,14.94,1,0,0.10672190870776482,1
25.088278,67.156678,36.03,251,1,1,0,18,34,27,7,0,31,0,0,0.0,36.03,36.03,1,0,0.2573755268233445,2
24.799695,67.057138,51.08,170,1,1,0,1,44,28,7,1,31,0,1,0.0,51.08,51.08,1,0,0.3648832059432816,2
24.942096,67.218093,17.58,104,1,1,0,2,44,28,7,1,31,0,1,0.0,17.58,17.58,1,0,0.12558039859989997,1
24.820089,67.119277,79.46,181,1,1,0,0,40,28,7,1,31,0,1,0.0,79.46,79.46,1,0,0.5676119722837345,3
24.860103,67.0804,68.55,27,1,1,0,22,16,27,7,0,31,0,1,0.0,68.55,68.55,1,0,0.4896778341310093,3
24.758059,67.206022,119.08,105,1,1,0,17,27,27,7,0,31,0,0,0.0,119.08,119.08,1,1,0.8506321880134294,4
24.819339,66.902412,61.87,151,1,1,0,7,15,28,7,1,31,0,0,0.0,61.87,61.87,1,0,0.44196014001000067,3
25.002797,67.105196,30.29,51,1,1,0,15,47,27,7,0,31,0,0,0.0,30.29,30.29,1,0,0.21637259804271733,2
24.939089,67.145645,50.05,276,1,1,0,15,32,27,7,0,31,0,0,0.0,50.05,50.05,1,0,0.35752553753839555,2
24.828696,67.104146,18.02,206,1,1,0,19,27,27,7,0,31,0,0,0.0,18.02,18.02,1,0,0.12872348024858918,1
24.90781,66.971551,18.94,302,1,1,0,4,0,28,7,1,31,0,1,0.0,18.94,18.94,1,0,0.13529537824130294,1
24.839685,67.047558,132.69,310,1,1,0,13,14,27,7,0,31,0,0,0.0,132.69,132.69,1,1,0.9478534181012929,4
24.870445,67.221521,0.07,111,1,1,0,6,22,28,7,1,31,0,0,0.0,0.07,0.07,1,0,0.0005000357168369169,1
24.78224,67.175343,49.87,196,1,1,0,20,37,27,7,0,31,0,1,0.0,49.87,49.87,1,0,0.35623973140938636,2
25.03883,67.201431,20.44,57,1,1,0,5,12,28,7,1,31,0,1,0.0,20.44,20.44,1,0,0.14601042931637975,1
24.910467,67.203505,2.87,80,1,1,0,23,11,27,7,0,31,0,1,0.0,2.87,2.87,1,0,0.020501464390313594,1
24.881126,66.927409,70.68,293,1,1,0,1,15,28,7,1,31,0,1,0.0,70.68,70.68,1,0,0.5048932066576184,3
24.934639,67.098098,118.26,32,1,1,0,0,43,28,7,1,31,0,1,0.0,118.26,118.26,1,1,0.8447746267590542,4
25.080205,67.202886,14.07,342,1,1,0,19,15,27,7,0,31,0,0,0.0,14.07,14.07,1,0,0.1005071790842203,1
24.966065,67.118216,104.54,295,1,1,0,11,56,27,7,0,31,0,0,0.0,104.54,104.54,1,1,0.7467676262590185,4
25.082021,67.122949,138.86,289,1,1,0,23,13,27,7,0,31,0,1,0.0,138.86,138.86,1,1,0.9919279948567755,4
24.849479,67.01032,95.98,260,1,1,0,4,18,28,7,1,31,0,1,0.0,95.98,95.98,1,0,0.6856204014572469,4
24.996819,66.977656,62.35,92,1,1,0,8,18,28,7,1,31,0,0,0.0,62.35,62.35,1,0,0.44538895635402526,3
24.805657,67.09295,33.4,33,1,1,0,22,56,27,7,0,31,0,1,0.0,33.4,33.4,1,0,0.23858847060504318,2
25.053378,67.215043,59.08,314,1,1,0,0,51,28,7,1,31,0,1,0.0,59.08,59.08,1,0,0.42203014501035785,2
24.861215,67.087091,115.52,279,1,1,0,14,28,27,7,0,31,0,0,0.0,115.52,115.52,1,1,0.8252018001285806,4
25.067969,66.940305,29.68,94,1,1,0,2,10,28,7,1,31,0,1,0.0,29.68,29.68,1,0,0.21201514393885276,1
24.876068,67.262749,114.6,28,1,1,0,0,1,28,7,1,31,0,1,0.0,114.6,114.6,1,1,0.8186299021358667,4
25.041411,67.096227,38.93,111,1,1,0,22,47,27,7,0,31,0,1,0.0,38.93,38.93,1,0,0.27809129223515966,2
24.961021,67.166176,133.52,253,1,1,0,15,41,27,7,0,31,0,0,0.0,133.52,133.52,1,1,0.9537824130295021,4
24.933294,67.259027,8.97,89,1,1,0,1,47,28,7,1,31,0,1,0.0,8.97,8.97,1,0,0.0640760054289592,1
24.882099,66.914864,30.17,221,1,1,0,18,23,27,7,0,31,0,0,0.0,30.17,30.17,1,0,0.21551539395671118,2
25.000504,67.041287,58.83,148,1,1,0,20,53,27,7,0,31,0,1,0.0,58.83,58.83,1,0,0.4202443031645117,2
25.093967,66.970472,84.02,42,1,1,0,5,28,28,7,1,31,0,1,0.0,84.02,84.02,1,0,0.600185727551968,3
25.077671,67.270832,35.17,69,1,1,0,5,22,28,7,1,31,0,1,0.0,35.17,35.17,1,0,0.25123223087363383,2
24.875835,67.258201,76.11,274,1,1,0,13,43,27,7,0,31,0,0,0.0,76.11,76.11,1,0,0.5436816915493964,3
24.884668,67.265732,127.57,46,1,1,0,13,35,27,7,0,31,0,0,0.0,127.57,127.57,1,1,0.911279377098364,4
24.920955,67.169029,116.77,306,1,1,0,9,39,28,7,1,31,0,0,0.0,116.77,116.77,1,1,0.8341310093578111,4
24.957873,66.919184,107.97,55,1,1,0,11,33,27,7,0,31,0,0,0.0,107.97,107.97,1,1,0.7712693763840274,4
24.885368,67.264096,54.05,121,1,1,0,17,29,27,7,0,31,0,0,0.0,54.05,54.05,1,0,0.3860990070719337,2
24.974608,67.042449,123.51,207,1,1,0,5,12,28,7,1,31,0,1,0.0,123.51,123.51,1,1,0.8822773055218229,4
24.993994,67.120012,68.91,20,1,1,0,4,3,28,7,1,31,0,1,0.0,68.91,68.91,1,0,0.49224944638902773,3
25.023252,67.071729,68.58,300,1,1,0,6,3,28,7,1,31,0,0,0.0,68.58,68.58,1,0,0.48989213515251084,3
24.937544,67.255965,27.93,235,1,1,0,11,10,28,7,1,31,0,0,0.0,27.93,27.93,1,0,0.19951425101792983,1
24.780982,67.208126,88.67,201,1,1,0,5,8,28,7,1,31,0,1,0.0,88.67,88.67,1,0,0.633402385884706,3
24.778923,67.095687,51.43,342,1,1,0,16,47,27,7,0,31,0,0,0.0,51.43,51.43,1,0,0.3673833845274662,2
24.915892,67.194163,80.91,55,1,1,0,13,38,27,7,0,31,0,0,0.0,80.91,80.91,1,0,0.577969854989642,3
24.779416,66.937829,103.42,74,1,1,0,12,18,27,7,0,31,0,0,0.0,103.42,103.42,1,1,0.7387670547896278,4
24.806794,67.229696,122.69,200,1,1,0,14,3,27,7,0,31,0,0,0.0,122.69,122.69,1,1,0.8764197442674476,4
25.011965,67.141948,52.02,76,1,1,0,22,29,27,7,0,31,0,1,0.0,52.02,52.02,1,0,0.3715979712836631,2
24.801858,67.013369,64.95,61,1,1,0,14,48,27,7,0,31,0,0,0.0,64.95,64.95,1,0,0.46396171155082505,3
24.917059,67.083233,38.42,180,1,1,0,16,56,27,7,0,31,0,0,0.0,38.42,38.42,1,0,0.2744481748696335,2
24.818479,67.160495,29.37,185,1,1,0,14,23,27,7,0,31,0,0,0.0,29.37,29.37,1,0,0.20980070005000356,1
24.953684,67.247563,63.66,47,1,1,0,18,39,27,7,0,31,0,0,0.0,63.66,63.66,1,0,0.454746767626259,3
24.851837,67.055768,12.19,339,1,1,0,6,22,28,7,1,31,0,0,0.0,12.19,12.19,1,0,0.08707764840345739,1
24.966934,67.165164,72.35,4,1,1,0,19,35,27,7,0,31,0,0,0.0,72.35,72.35,1,0,0.5168226301878704,3
25.09824,67.01078,39.12,39,1,1,0,5,52,28,7,1,31,0,1,0.0,39.12,39.12,1,0,0.2794485320380027,2
25.093487,67.207641,109.17,1,1,1,0,22,42,27,7,0,31,0,1,0.0,109.17,109.17,1,1,0.7798414172440888,4
24.921881,67.092505,73.54,318,1,1,0,12,1,27,7,0,31,0,0,0.0,73.54,73.54,1,0,0.5253232373740981,3
24.772018,66.934957,26.19,300,1,1,0,19,5,27,7,0,31,0,0,0.0,26.19,26.19,1,0,0.18708479177084078,1
25.013957,67.297626,125.44,341,1,1,0,5,59,28,7,1,31,0,1,0.0,125.44,125.44,1,1,0.8960640045717551,4
25.025842,67.266042,7.32,83,1,1,0,23,27,27,7,0,31,0,1,0.0,7.32,7.32,1,0,0.05228944924637474,1
24.860037,67.091144,83.02,240,1,1,0,13,28,27,7,0,31,0,0,0.0,83.02,83.02,1,0,0.5930423601685834,3
25.026312,67.03316,19.1,125,1,1,0,3,24,28,7,1,31,0,1,0.0,19.1,19.1,1,0,0.13643831702264447,1
24.905116,67.198965,69.08,262,1,1,0,3,15,28,7,1,31,0,1,0.0,69.08,69.08,1,0,0.4934638188442031,3
24.82642,67.275693,68.99,212,1,1,0,16,55,27,7,0,31,0,0,0.0,68.99,68.99,1,0,0.4928209157796985,3
24.889449,67.271432,97.98,244,1,1,0,10,19,28,7,1,31,0,0,0.0,97.98,97.98,1,0,0.699907136224016,4
24.941295,66.92865,110.53,203,1,1,0,7,24,28,7,1,31,0,0,0.0,110.53,110.53,1,1,0.7895563968854917,4
24.938453,67.291749,80.76,145,1,1,0,22,25,27,7,0,31,0,1,0.0,80.76,80.76,1,0,0.5768983498821344,3
24.814985,67.059891,46.66,152,1,1,0,13,9,27,7,0,31,0,0,0.0,46.66,46.66,1,0,0.333309522108722,2
24.937091,67.246401,3.59,115,1,1,0,23,52,27,7,0,31,0,1,0.0,3.59,3.59,1,0,0.025644688906350452,1
24.837531,67.084108,108.83,310,1,1,0,10,40,28,7,1,31,0,0,0.0,108.83,108.83,1,1,0.777412672333738,4
24.908312,67.26187,65.83,319,1,1,0,20,20,27,7,0,31,0,1,0.0,65.83,65.83,1,0,0.4702478748482034,3
24.940646,67.06873,63.97,332,1,1,0,21,34,27,7,0,31,0,1,0.0,63.97,63.97,1,0,0.45696121151510816,3
24.911177,67.201257,117.8,20,1,1,0,21,24,27,7,0,31,0,1,0.0,117.8,117.8,1,1,0.8414886777626973,4
24.882426,67.050815,41.13,2,1,1,0,19,14,27,7,0,31,0,0,0.0,41.13,41.13,1,0,0.29380670047860563,2
24.833339,67.028034,112.06,49,1,1,0,21,4,27,7,0,31,0,1,0.0,112.06,112.06,1,1,0.8004857489820701,4
24.754162,67.161636,115.06,76,1,1,0,20,52,27,7,0,31,0,1,0.0,115.06,115.06,1,1,0.8219158511322237,4
24.900715,67.033282,57.27,245,1,1,0,5,47,28,7,1,31,0,1,0.0,57.27,57.27,1,0,0.40910065004643187,2
25.07922,66.912396,76.46,160,1,1,0,20,16,27,7,0,31,0,1,0.0,76.46,76.46,1,0,0.5461818701335809,3
24.972498,67.025586,113.91,153,1,1,0,21,27,27,7,0,31,0,1,0.0,113.91,113.91,1,1,0.8137009786413314,4
24.991857,66.959622,15.66,18,1,1,0,21,54,27,7,0,31,0,1,0.0,15.66,15.66,1,0,0.11186513322380169,1
25.01725,66.983668,106.26,95,1,1,0,12,40,27,7,0,31,0,0,0.0,106.26,106.26,1,1,0.7590542181584399,4
24.851598,67.246031,117.14,47,1,1,0,8,17,28,7,1,31,0,0,0.0,117.14,117.14,1,1,0.8367740552896635,4
24.886104,67.038074,63.31,195,1,1,0,10,36,28,7,1,31,0,0,0.0,63.31,63.31,1,0,0.45224658904207443,3
24.99376,67.081833,85.72,328,1,1,0,6,55,28,7,1,31,0,0,0.0,85.72,85.72,1,0,0.6123294521037217,3
25.008682,67.241026,127.09,352,1,1,0,2,39,28,7,1,31,0,1,0.0,127.09,127.09,1,1,0.9078505607543396,4
24.771335,67.279408,30.95,89,1,1,0,12,33,27,7,0,31,0,0,0.0,30.95,30.95,1,0,0.2210872205157511,2
24.850281,66.935366,100.18,188,1,1,0,18,44,27,7,0,31,0,0,0.0,100.18,100.18,1,1,0.715622544467462,4
24.895056,67.157096,16.56,17,1,1,0,10,12,28,7,1,31,0,0,0.0,16.56,16.56,1,0,0.11829416386884775,1
25.094819,66.969547,56.53,332,1,1,0,11,40,27,7,0,31,0,0,0.0,56.53,56.53,1,0,0.4038145581827273,2
24.900841,67.226092,94.86,227,1,1,0,11,10,28,7,1,31,0,0,0.0,94.86,94.86,1,0,0.6776198299878562,4
24.967607,67.246303,135.76,337,1,1,0,21,13,27,7,0,31,0,1,0.0,135.76,135.76,1,1,0.9697835559682834,4
24.935781,66.937901,72.31,337,1,1,0,18,49,27,7,0,31,0,0,0.0,72.31,72.31,1,0,0.5165368954925351,3
25.035757,67.19156,40.62,235,1,1,0,8,35,28,7,1,31,0,0,0.0,40.62,40.62,1,0,0.2901635831130795,2
24.993702,67.126476,47.8,237,1,1,0,8,8,28,7,1,31,0,0,0.0,47.8,47.8,1,0,0.34145296092578037,2
25.003822,67.071701,112.61,118,1,1,0,14,31,27,7,0,31,0,0,0.0,112.61,112.61,1,1,0.8044146010429316,4
24.886479,67.028017,3.8,211,1,1,0,23,32,27,7,0,31,0,1,0.0,3.8,3.8,1,0,0.027144796056861202,1
24.8258,67.056605,10.29,233,1,1,0,10,55,28,7,1,31,0,0,0.0,10.29,10.29,1,0,0.07350525037502678,1
24.888156,67.04999,128.38,192,1,1,0,19,35,27,7,0,31,0,0,0.0,128.38,128.38,1,1,0.9170655046789056,4
24.952844,67.113296,49.33,126,1,1,0,15,39,27,7,0,31,0,0,0.0,49.33,49.33,1,0,0.35238231302235873,2
24.816028,67.178999,63.75,292,1,1,0,21,24,27,7,0,31,0,1,0.0,63.75,63.75,1,0,0.4553896706907636,3
25.026748,67.069197,111.84,5,1,1,0,0,29,28,7,1,31,0,1,0.0,111.84,111.84,1,1,0.7989142081577255,4
25.019239,67.039806,3.28,134,1,1,0,19,5,27,7,0,31,0,0,0.0,3.28,3.28,1,0,0.023430245017501246,1
25.018922,67.225861,29.84,192,1,1,0,3,52,28,7,1,31,0,1,0.0,29.84,29.84,1,0,0.2131580827201943,1
25.012705,67.222972,66.28,19,1,1,0,21,53,27,7,0,31,0,1,0.0,66.28,66.28,1,0,0.47346239017072644,3
24.98189,67.263144,84.94,332,1,1,0,2,28,28,7,1,31,0,1,0.0,84.94,84.94,1,0,0.6067576255446817,3
24.947177,66.962342,38.26,205,1,1,0,14,24,27,7,0,31,0,0,0.0,38.26,38.26,1,0,0.273305236088292,2
24.974034,66.965298,92.57,104,1,1,0,20,31,27,7,0,31,0,1,0.0,92.57,92.57,1,0,0.6612615186799056,4
24.810511,67.13821,17.9,183,1,1,0,19,11,27,7,0,31,0,0,0.0,17.9,17.9,1,0,0.12786627616258303,1
25.080226,67.0026,25.67,348,1,1,0,20,51,27,7,0,31,0,1,0.0,25.67,25.67,1,0,0.1833702407314808,1
24.995265,67.036293,14.84,231,1,1,0,22,41,27,7,0,31,0,1,0.0,14.84,14.84,1,0,0.10600757196942638,1
25.008571,66.923734,129.23,35,1,1,0,22,49,27,7,0,31,0,1,0.0,129.23,129.23,1,1,0.9231373669547823,4
24.897363,67.005378,104.2,282,1,1,0,8,52,28,7,1,31,0,0,0.0,104.2,104.2,1,1,0.7443388813486678,4
24.856729,67.121186,117.8,62,1,1,0,21,47,27,7,0,31,0,1,0.0,117.8,117.8,1,1,0.8414886777626973,4
24.953959,66.902861,82.55,359,1,1,0,8,25,28,7,1,31,0,0,0.0,82.55,82.55,1,0,0.5896849774983927,3
25.055179,67.272712,12.66,307,1,1,0,8,59,28,7,1,31,0,0,0.0,12.66,12.66,1,0,0.09043503107364811,1
24.894306,67.016507,24.64,201,1,1,0,6,41,28,7,1,31,0,0,0.0,24.64,24.64,1,0,0.17601257232659476,1
24.979258,66.920645,42.28,239,1,1,0,8,8,28,7,1,31,0,0,0.0,42.28,42.28,1,0,0.30202157296949783,2
25.015219,67.25426,13.59,113,1,1,0,2,31,28,7,1,31,0,1,0.0,13.59,13.59,1,0,0.09707836274019573,1
24.859161,67.120798,5.89,17,1,1,0,12,1,27,7,0,31,0,0,0.0,5.89,5.89,1,0,0.04207443388813486,1
24.952745,67.187456,107.85,222,1,1,0,20,25,27,7,0,31,0,1,0.0,107.85,107.85,1,1,0.7704121722980212,4
24.956946,67.087591,97.78,249,1,1,0,23,21,27,7,0,31,0,1,0.0,97.78,97.78,1,0,0.698478462747339,4
24.853198,66.967044,103.95,98,1,1,0,22,0,27,7,0,31,0,1,0.0,103.95,103.95,1,1,0.7425530395028216,4
24.892548,66.96824,82.12,80,1,1,0,3,30,28,7,1,31,0,1,0.0,82.12,82.12,1,0,0.5866133295235374,3
25.079173,67.088437,121.3,211,1,1,0,23,14,27,7,0,31,0,1,0.0,121.3,121.3,1,1,0.8664904636045431,4
24.916495,67.160215,91.4,147,1,1,0,23,39,27,7,0,31,0,1,0.0,91.4,91.4,1,0,0.6529037788413458,4
24.916509,66.931357,121.04,55,1,1,0,1,39,28,7,1,31,0,1,0.0,121.04,121.04,1,1,0.8646331880848632,4
24.824165,67.236929,65.18,266,1,1,0,18,26,27,7,0,31,0,0,0.0,65.18,65.18,1,0,0.4656046860490035,3
24.837995,67.12129,83.42,5,1,1,0,7,10,28,7,1,31,0,0,0.0,83.42,83.42,1,0,0.5958997071219373,3
24.764111,67.251323,67.92,286,1,1,0,7,29,28,7,1,31,0,0,0.0,67.92,67.92,1,0,0.48517751267947706,3
24.959917,67.032458,97.27,296,1,1,0,14,44,27,7,0,31,0,0,0.0,97.27,97.27,1,0,0.6948353453818129,4
24.871135,67.032511,48.93,109,1,1,0,2,36,28,7,1,31,0,1,0.0,48.93,48.93,1,0,0.3495249660690049,2
24.98064,67.130416,52.71,259,1,1,0,11,21,27,7,0,31,0,0,0.0,52.71,52.71,1,0,0.37652689477819845,2
24.971509,67.231377,45.93,37,1,1,0,17,23,27,7,0,31,0,0,0.0,45.93,45.93,1,0,0.32809486391885134,2
24.966741,66.937355,39.73,120,1,1,0,0,3,28,7,1,31,0,1,0.0,39.73,39.73,1,0,0.28380598614186725,2
25.01889,66.905225,34.98,158,1,1,0,21,18,27,7,0,31,0,1,0.0,34.98,34.98,1,0,0.24987499107079073,2
25.092222,67.070021,95.69,264,1,1,0,6,51,28,7,1,31,0,0,0.0,95.69,95.69,1,0,0.6835488249160654,4
24.821407,67.029859,34.72,5,1,1,0,6,53,28,7,1,31,0,0,0.0,34.72,34.72,1,0,0.24801771555111077,2
24.883952,67.225347,51.46,68,1,1,0,11,59,27,7,0,31,0,0,0.0,51.46,51.46,1,0,0.36759768554896777,2
25.095242,67.166748,0.8,58,1,1,0,8,46,28,7,1,31,0,0,0.0,0.8,0.8,1,0,0.005714693906707622,1
24.933552,66.949797,9.45,293,1,1,0,17,33,27,7,0,31,0,0,0.0,9.45,9.45,1,0,0.06750482177298378,1
25.027622,67.133685,62.02,223,1,1,0,11,31,27,7,0,31,0,0,0.0,62.02,62.02,1,0,0.44303164511750837,3
24.828407,67.276247,84.21,128,1,1,0,21,8,27,7,0,31,0,1,0.0,84.21,84.21,1,0,0.6015429673548109,3
24.801719,67.296227,133.76,264,1,1,0,15,23,27,7,0,31,0,0,0.0,133.76,133.76,1,1,0.9554968212015142,4
24.98086,66.956003,17.04,73,1,1,0,15,14,27,7,0,31,0,0,0.0,17.04,17.04,1,0,0.12172298021287234,1
24.8549,67.025276,60.78,78,1,1,0,10,17,28,7,1,31,0,0,0.0,60.78,60.78,1,0,0.43417386956211157,3
25.072672,67.106812,30.56,323,1,1,0,4,33,28,7,1,31,0,1,0.0,30.56,30.56,1,0,0.21830130723623115,2
24.874154,66.955721,62.23,234,1,1,0,1,16,28,7,1,31,0,1,0.0,62.23,62.23,1,0,0.4445317522680191,3
24.977012,67.006605,32.67,12,1,1,0,6,33,28,7,1,31,0,0,0.0,32.67,32.67,1,0,0.23337381241517252,2
24.928237,66.959892,102.48,344,1,1,0,5,20,28,7,1,31,0,1,0.0,102.48,102.48,1,1,0.7320522894492464,4
24.882101,67.101432,24.06,11,1,1,0,19,58,27,7,0,31,0,0,0.0,24.06,24.06,1,0,0.1718694192442317,1
24.927794,66.912104,46.66,14,1,1,0,17,17,27,7,0,31,0,0,0.0,46.66,46.66,1,0,0.333309522108722,2
24.911315,67.172536,11.22,172,1,1,0,10,15,28,7,1,31,0,0,0.0,11.22,11.22,1,0,0.08014858204157439,1
24.913708,67.288626,99.21,226,1,1,0,2,14,28,7,1,31,0,1,0.0,99.21,99.21,1,0,0.7086934781055789,4
24.915424,66.941011,133.32,269,1,1,0,21,28,27,7,0,31,0,1,0.0,133.32,133.32,1,1,0.9523537395528251,4
24.844179,67.063803,90.63,10,1,1,0,11,1,28,7,1,31,0,0,0.0,90.63,90.63,1,0,0.6474033859561397,4
24.986265,66.986467,30.33,356,1,1,0,9,36,28,7,1,31,0,0,0.0,30.33,30.33,1,0,0.21665833273805268,2
25.05488,67.055496,60.05,52,1,1,0,17,59,27,7,0,31,0,0,0.0,60.05,60.05,1,0,0.4289592113722408,3
25.016738,67.086653,91.82,308,1,1,0,10,15,28,7,1,31,0,0,0.0,91.82,91.82,1,0,0.6559039931423672,4
25.081996,67.247254,104.55,48,1,1,0,19,37,27,7,0,31,0,0,0.0,104.55,104.55,1,1,0.7468390599328523,4
24.928815,67.023908,63.71,7,1,1,0,18,9,27,7,0,31,0,0,0.0,63.71,63.71,1,0,0.4551039359954282,3
24.902302,67.093619,61.97,13,1,1,0,22,16,27,7,0,31,0,1,0.0,61.97,61.97,1,0,0.44267447674833915,3
24.889656,66.903151,19.19,97,1,1,0,0,7,28,7,1,31,0,1,0.0,19.19,19.19,1,0,0.13708122008714907,1
25.0216,66.991619,95.85,16,1,1,0,23,52,27,7,0,31,0,1,0.0,95.85,95.85,1,0,0.6846917636974069,4
24.868993,67.115443,83.83,97,1,1,0,11,16,28,7,1,31,0,0,0.0,83.83,83.83,1,0,0.5988284877491249,3
24.766409,67.037766,95.03,329,1,1,0,21,28,27,7,0,31,0,1,0.0,95.03,95.03,1,0,0.6788342024430316,4
24.930344,66.963589,121.41,159,1,1,0,16,54,27,7,0,31,0,0,0.0,121.41,121.41,1,1,0.8672762340167154,4
25.022306,67.105295,104.39,55,1,1,0,18,53,27,7,0,31,0,0,0.0,104.39,104.39,1,1,0.7456961211515107,4
24.900958,66.982642,104.5,110,1,1,0,1,2,28,7,1,31,0,1,0.0,104.5,104.5,1,1,0.746481891563683,4
24.809758,67.240394,18.56,138,1,1,0,7,55,28,7,1,31,0,0,0.0,18.56,18.56,1,0,0.1325808986356168,1
24.77959,67.196752,46.1,356,1,1,0,18,1,27,7,0,31,0,0,0.0,46.1,46.1,1,0,0.3293092363740267,2
24.98747,67.094653,60.19,341,1,1,0,0,7,28,7,1,31,0,1,0.0,60.19,60.19,1,0,0.42995928280591467,3
25.018745,67.047653,31.04,174,1,1,0,17,5,27,7,0,31,0,0,0.0,31.04,31.04,1,0,0.2217301235802557,2
24.791481,67.010974,28.46,64,1,1,0,10,12,28,7,1,31,0,0,0.0,28.46,28.46,1,0,0.20330023573112366,1
25.000811,67.196079,37.29,334,1,1,0,0,11,28,7,1,31,0,1,0.0,37.29,37.29,1,0,0.266376169726409,2
25.016843,67.268615,4.05,179,1,1,0,11,7,28,7,1,31,0,0,0.0,4.05,4.05,1,0,0.028930637902707335,1
24.817724,67.079526,27.51,349,1,1,0,8,38,28,7,1,31,0,0,0.0,27.51,27.51,1,0,0.19651403671690834,1
24.871019,67.273508,93.78,137,1,1,0,20,8,27,7,0,31,0,1,0.0,93.78,93.78,1,0,0.6699049932138009,4
24.834253,67.11825,115.66,192,1,1,0,15,19,27,7,0,31,0,0,0.0,115.66,115.66,1,1,0.8262018715622543,4
24.82176,67.110344,19.79,279,1,1,0,11,43,27,7,0,31,0,0,0.0,19.79,19.79,1,0,0.14136724051717978,1
25.075895,67.108883,111.43,64,1,1,0,16,1,27,7,0,31,0,0,0.0,111.43,111.43,1,1,0.7959854275305379,4
24.939376,67.162919,6.18,356,1,1,0,11,7,28,7,1,31,0,0,0.0,6.18,6.18,1,0,0.044146010429316374,1
25.079912,67.11728,64.15,95,1,1,0,0,52,28,7,1,31,0,1,0.0,64.15,64.15,1,0,0.45824701764411746,3
25.002866,67.212893,90.2,28,1,1,0,8,17,28,7,1,31,0,0,0.0,90.2,90.2,1,0,0.6443317379812844,4
24.851072,67.299154,50.6,354,1,1,0,15,22,27,7,0,31,0,0,0.0,50.6,50.6,1,0,0.3614543895992571,2
24.870663,67.144109,57.15,302,1,1,0,13,28,27,7,0,31,0,0,0.0,57.15,57.15,1,0,0.4082434459604257,2
25.086741,67.196883,80.76,239,1,1,0,1,35,28,7,1,31,0,1,0.0,80.76,80.76,1,0,0.5768983498821344,3
24.755697,67.176666,32.2,197,1,1,0,18,33,27,7,0,31,0,0,0.0,32.2,32.2,1,0,0.2300164297449818,2
25.054946,67.104598,133.89,134,1,1,0,13,52,27,7,0,31,0,0,0.0,133.89,133.89,1,1,0.9564254589613542,4
24.984907,67.15131,45.66,4,1,1,0,19,10,27,7,0,31,0,0,0.0,45.66,45.66,1,0,0.3261661547253375,2
24.911,66.940256,50.62,322,1,1,0,11,15,28,7,1,31,0,0,0.0,50.62,50.62,1,0,0.36159725694692474,2
24.84008,66.903534,119.53,98,1,1,0,11,27,27,7,0,31,0,0,0.0,119.53,119.53,1,1,0.8538467033359525,4
25.096002,67.16045,4.57,72,1,1,0,14,37,27,7,0,31,0,0,0.0,4.57,4.57,1,0,0.03264518894206729,1
24.818857,67.084762,125.57,14,1,1,0,2,26,28,7,1,31,0,1,0.0,125.57,125.57,1,1,0.896992642331595,4
25.075597,67.166493,62.77,306,1,1,0,17,50,27,7,0,31,0,0,0.0,62.77,62.77,1,0,0.4483891706550468,3
24.831542,67.208878,66.3,53,1,1,0,17,29,27,7,0,31,0,0,0.0,66.3,66.3,1,0,0.4736052575183941,3
24.791116,67.246553,29.19,321,1,1,0,13,10,27,7,0,31,0,0,0.0,29.19,29.19,1,0,0.20851489392099434,1
25.059176,67.243965,38.93,38,1,1,0,14,27,27,7,0,31,0,0,0.0,38.93,38.93,1,0,0.27809129223515966,2
24.954014,67.143042,91.06,257,1,1,0,7,14,28,7,1,31,0,0,0.0,91.06,91.06,1,0,0.650475033930995,4
25.00852,67.062748,50.93,13,1,1,0,0,58,28,7,1,31,0,1,0.0,50.93,50.93,1,0,0.36381170083577397,2
24.941882,67.067232,70.49,62,1,1,0,16,8,27,7,0,31,0,0,0.0,70.49,70.49,1,0,0.5035359668547753,3
24.960002,67.206153,115.43,256,1,1,0,14,40,27,7,0,31,0,0,0.0,115.43,115.43,1,1,0.824558897064076,4
25.02976,67.183913,4.04,159,1,1,0,15,17,27,7,0,31,0,0,0.0,4.04,4.04,1,0,0.02885920422887349,1
24.758643,67.142787,59.71,184,1,1,0,23,9,27,7,0,31,0,1,0.0,59.71,59.71,1,0,0.42653046646189013,2
24.898497,67.112014,78.0,228,1,1,0,15,31,27,7,0,31,0,0,0.0,78.0,78.0,1,0,0.5571826559039931,3
24.803843,67.262306,119.66,83,1,1,0,10,14,28,7,1,31,0,0,0.0,119.66,119.66,1,1,0.8547753410957925,4
24.79142,67.196172,50.76,255,1,1,0,9,32,28,7,1,31,0,0,0.0,50.76,50.76,1,0,0.36259732838059855,2
24.911626,66.992467,85.83,231,1,1,0,4,44,28,7,1,31,0,1,0.0,85.83,85.83,1,0,0.6131152225158939,3
24.810825,67.243553,109.14,253,1,1,0,17,18,27,7,0,31,0,0,0.0,109.14,109.14,1,1,0.7796271162225873,4
24.951747,66.914092,11.95,135,1,1,0,20,59,27,7,0,31,0,1,0.0,11.95,11.95,1,0,0.08536324023144509,1
25.03665,66.967521,64.57,135,1,1,0,16,38,27,7,0,31,0,0,0.0,64.57,64.57,1,0,0.46124723194513884,3
25.066564,67.140026,36.99,146,1,1,0,4,11,28,7,1,31,0,1,0.0,36.99,36.99,1,0,0.26423315951139364,2
25.089473,67.07579,20.2,130,1,1,0,13,53,27,7,0,31,0,0,0.0,20.2,20.2,1,0,0.14429602114436743,1
24.972605,67.271957,0.28,152,1,1,0,6,23,28,7,1,31,0,0,0.0,0.28,0.28,1,0,0.0020001428673476675,1
25.063235,67.071414,25.77,152,1,1,0,5,21,28,7,1,31,0,1,0.0,25.77,25.77,1,0,0.18408457746981927,1
25.036484,67.152902,39.39,297,1,1,0,0,38,28,7,1,31,0,1,0.0,39.39,39.39,1,0,0.28137724123151653,2
24.81206,67.22318,92.33,129,1,1,0,17,27,27,7,0,31,0,0,0.0,92.33,92.33,1,0,0.6595471105078934,4
25.047308,67.014587,82.38,312,1,1,0,5,20,28,7,1,31,0,1,0.0,82.38,82.38,1,0,0.5884706050432174,3
25.082292,67.093677,60.6,338,1,1,0,21,15,27,7,0,31,0,1,0.0,60.6,60.6,1,0,0.4328880634331023,3
24.989095,67.045906,130.69,296,1,1,0,7,25,28,7,1,31,0,0,0.0,130.69,130.69,1,1,0.9335666833345239,4
25.06561,67.019094,13.61,124,1,1,0,15,11,27,7,0,31,0,0,0.0,13.61,13.61,1,0,0.0972212300878634,1
25.046737,67.157457,29.94,29,1,1,0,9,28,28,7,1,31,0,0,0.0,29.94,29.94,1,0,0.21387241945853275,1
25.003357,66.907937,78.82,87,1,1,0,13,59,27,7,0,31,0,0,0.0,78.82,78.82,1,0,0.5630402171583684,3
24.981704,67.230163,11.3,131,1,1,0,19,5,27,7,0,31,0,0,0.0,11.3,11.3,1,0,0.08072005143224516,1
24.906999,67.206581,124.65,13,1,1,0,11,11,28,7,1,31,0,0,0.0,124.65,124.65,1,1,0.8904207443388813,4
25.008561,67.103974,21.05,338,1,1,0,0,34,28,7,1,31,0,1,0.0,21.05,21.05,1,0,0.1503678834202443,1
24.879924,67.273717,7.31,264,1,1,0,6,48,28,7,1,31,0,0,0.0,7.31,7.31,1,0,0.05221801557254089,1
25.062849,67.292871,73.02,224,1,1,0,15,27,27,7,0,31,0,0,0.0,73.02,73.02,1,0,0.5216086863347381,3
24.833999,66.934177,137.34,311,1,1,0,4,33,28,7,1,31,0,1,0.0,137.34,137.34,1,1,0.981070076434031,4
24.903201,67.069351,125.95,113,1,1,0,20,1,27,7,0,31,0,1,0.0,125.95,125.95,1,1,0.8997071219372812,4
25.077311,67.140439,46.88,248,1,1,0,14,55,27,7,0,31,0,0,0.0,46.88,46.88,1,0,0.33488106293306663,2
24.95946,67.24098,5.0,62,1,1,0,16,4,27,7,0,31,0,0,0.0,5.0,5.0,1,0,0.03571683691692264,1
24.751129,67.009505,104.56,179,1,1,0,7,3,28,7,1,31,0,0,0.0,104.56,104.56,1,1,0.7469104936066862,4
24.978064,67.057874,124.6,314,1,1,0,16,17,27,7,0,31,0,0,0.0,124.6,124.6,1,1,0.890063575969712,4
24.848345,66.944359,92.27,350,1,1,0,20,8,27,7,0,31,0,1,0.0,92.27,92.27,1,0,0.6591185084648903,4
24.973665,66.974017,74.63,287,1,1,0,18,7,27,7,0,31,0,0,0.0,74.63,74.63,1,0,0.5331095078219872,3
24.881951,67.126226,79.92,74,1,1,0,3,40,28,7,1,31,0,1,0.0,79.92,79.92,1,0,0.5708979212800914,3
24.837388,67.074047,114.19,31,1,1,0,16,20,27,7,0,31,0,0,0.0,114.19,114.19,1,1,0.8157011215086791,4
24.771508,66.96037,111.95,350,1,1,0,16,46,27,7,0,31,0,0,0.0,111.95,111.95,1,1,0.7996999785698978,4
24.959352,67.144973,137.35,41,1,1,0,15,16,27,7,0,31,0,0,0.0,137.35,137.35,1,1,0.9811415101078648,4
25.00802,67.173268,110.15,160,1,1,0,2,11,28,7,1,31,0,1,0.0,110.15,110.15,1,1,0.7868419172798057,4
24.988463,67.025783,20.19,3,1,1,0,13,9,27,7,0,31,0,0,0.0,20.19,20.19,1,0,0.1442245874705336,1
24.952628,67.250963,74.78,116,1,1,0,2,37,28,7,1,31,0,1,0.0,74.78,74.78,1,0,0.5341810129294949,3
24.801687,67.232978,34.03,147,1,1,0,10,51,28,7,1,31,0,0,0.0,34.03,34.03,1,0,0.24308879205657546,2
24.947923,67.005817,39.94,300,1,1,0,2,25,28,7,1,31,0,1,0.0,39.94,39.94,1,0,0.285306093292378,2
24.779043,66.945893,18.76,263,1,1,0,22,4,27,7,0,31,0,1,0.0,18.76,18.76,1,0,0.13400957211229375,1
25.05959,66.984322,111.48,29,1,1,0,1,0,28,7,1,31,0,1,0.0,111.48,111.48,1,1,0.7963425958997071,4
24.788836,66.966874,110.93,35,1,1,0,18,5,27,7,0,31,0,0,0.0,110.93,110.93,1,1,0.7924137438388457,4
24.850523,67.013378,28.54,90,1,1,0,19,50,27,7,0,31,0,0,0.0,28.54,28.54,1,0,0.2038717051217944,1
24.860745,67.176048,67.79,352,1,1,0,19,34,27,7,0,31,0,0,0.0,67.79,67.79,1,0,0.48424887491963714,3
24.986937,67.28581,66.94,190,1,1,0,23,7,27,7,0,31,0,1,0.0,66.94,66.94,1,0,0.4781770126437602,3
24.887535,66.933316,25.14,152,1,1,0,23,55,27,7,0,31,0,1,0.0,25.14,25.14,1,0,0.179584256018287,1
24.839063,67.161129,4.4,146,1,1,0,11,36,27,7,0,31,0,0,0.0,4.4,4.4,1,0,0.03143081648689192,1
24.911292,67.208398,103.27,266,1,1,0,3,45,28,7,1,31,0,1,0.0,103.27,103.27,1,1,0.73769554968212,4
24.79855,67.267201,85.76,41,1,1,0,4,35,28,7,1,31,0,1,0.0,85.76,85.76,1,0,0.612615186799057,3
24.950408,66.941241,76.47,207,1,1,0,5,21,28,7,1,31,0,1,0.0,76.47,76.47,1,0,0.5462533038074148,3
25.00923,66.947777,43.3,70,1,1,0,10,56,28,7,1,31,0,0,0.0,43.3,43.3,1,0,0.30930780770055,2
24.876805,67.009078,64.13,77,1,1,0,17,51,27,7,0,31,0,0,0.0,64.13,64.13,1,0,0.4581041502964497,3
24.876482,66.932927,17.2,191,1,1,0,2,21,28,7,1,31,0,1,0.0,17.2,17.2,1,0,0.12286591899421385,1
25.019408,67.131387,134.87,40,1,1,0,22,48,27,7,0,31,0,1,0.0,134.87,134.87,1,1,0.9634259589970712,4
24.876252,66.992373,95.04,131,1,1,0,13,59,27,7,0,31,0,0,0.0,95.04,95.04,1,0,0.6789056361168655,4
24.862529,66.958744,93.01,315,1,1,0,6,39,28,7,1,31,0,0,0.0,93.01,93.01,1,0,0.6644046003285949,4
25.099317,67.182067,18.3,305,1,1,0,18,56,27,7,0,31,0,0,0.0,18.3,18.3,1,0,0.13072362311593685,1
24.854309,67.276849,48.0,216,1,1,0,17,41,27,7,0,31,0,0,0.0,48.0,48.0,1,0,0.3428816344024573,2
25.038831,67.116787,33.86,49,1,1,0,4,23,28,7,1,31,0,1,0.0,33.86,33.86,1,0,0.24187441960140008,2
24.923214,67.150881,123.35,286,1,1,0,18,36,27,7,0,31,0,0,0.0,123.35,123.35,1,1,0.8811343667404814,4
24.777134,66.949848,3.63,56,1,1,0,15,23,27,7,0,31,0,0,0.0,3.63,3.63,1,0,0.02593042360168583,1
24.948728,66.977818,49.85,284,1,1,0,18,51,27,7,0,31,0,0,0.0,49.85,49.85,1,0,0.3560968640617187,2
25.079144,66.974789,110.57,90,1,1,0,10,7,28,7,1,31,0,0,0.0,110.57,110.57,1,1,0.7898421315808271,4
24.867195,66.972546,21.15,217,1,1,0,5,52,28,7,1,31,0,1,0.0,21.15,21.15,1,0,0.15108222015858275,1
24.900217,66.960257,100.89,58,1,1,0,0,59,28,7,1,31,0,1,0.0,100.89,100.89,1,1,0.720694335309665,4
25.072602,66.953771,38.9,65,1,1,0,6,29,28,7,1,31,0,0,0.0,38.9,38.9,1,0,0.2778769912136581,2
24.974513,67.261004,106.29,29,1,1,0,12,21,27,7,0,31,0,0,0.0,106.29,106.29,1,1,0.7592685191799414,4
25.078019,66.90718,115.11,267,1,1,0,11,25,27,7,0,31,0,0,0.0,115.11,115.11,1,1,0.8222730195013929,4
25.079247,67.173975,117.69,357,1,1,0,0,6,28,7,1,31,0,1,0.0,117.69,117.69,1,1,0.840702907350525,4
24.977852,67.000438,102.61,311,1,1,0,1,36,28,7,1,31,0,1,0.0,102.61,102.61,1,1,0.7329809272090864,4
25.07545,66.953929,84.04,251,1,1,0,6,49,28,7,1,31,0,0,0.0,84.04,84.04,1,0,0.6003285948996357,3
24.915541,67.062824,80.67,48,1,1,0,7,49,28,7,1,31,0,0,0.0,80.67,80.67,1,0,0.5762554468176299,3
24.97475,66.953269,31.96,246,1,1,0,16,13,27,7,0,31,0,0,0.0,31.96,31.96,1,0,0.2283020215729695,2
25.095363,67.249456,76.4,113,1,1,0,5,58,28,7,1,31,0,1,0.0,76.4,76.4,1,0,0.5457532680905779,3
25.085334,67.001225,62.92,209,1,1,0,0,40,28,7,1,31,0,1,0.0,62.92,62.92,1,0,0.44946067576255444,3
25.052635,67.098487,29.48,7,1,1,0,16,1,27,7,0,31,0,0,0.0,29.48,29.48,1,0,0.21058647046217585,1
25.03217,67.088004,58.0,118,1,1,0,2,5,28,7,1,31,0,1,0.0,58.0,58.0,1,0,0.4143153082363026,2
24.926489,67.205762,77.45,143,1,1,0,12,39,27,7,0,31,0,0,0.0,77.45,77.45,1,0,0.5532538038431316,3
24.878203,67.106126,20.96,85,1,1,0,21,55,27,7,0,31,0,1,0.0,20.96,20.96,1,0,0.1497249803557397,1
24.885755,67.232166,109.36,140,1,1,0,3,47,28,7,1,31,0,1,0.0,109.36,109.36,1,1,0.7811986570469319,4
25.022255,67.135986,44.73,93,1,1,0,22,43,27,7,0,31,0,1,0.0,44.73,44.73,1,0,0.3195228230587899,2
25.031698,67.164944,34.32,182,1,1,0,12,15,27,7,0,31,0,0,0.0,34.32,34.32,1,0,0.24516036859775697,2
24.988921,67.018407,49.57,352,1,1,0,23,18,27,7,0,31,0,1,0.0,49.57,49.57,1,0,0.354096721194371,2
24.927792,67.06252,114.4,282,1,1,0,15,50,27,7,0,31,0,0,0.0,114.4,114.4,1,1,0.81720122865919,4
24.876043,67.099844,10.79,290,1,1,0,5,16,28,7,1,31,0,1,0.0,10.79,10.79,1,0,0.07707693406671905,1
24.86731,67.209224,54.57,57,1,1,0,8,19,28,7,1,31,0,0,0.0,54.57,54.57,1,0,0.38981355811129365,2
24.856281,66.917238,47.43,316,1,1,0,19,24,27,7,0,31,0,0,0.0,47.43,47.43,1,0,0.3388099149939281,2
24.846578,67.059773,136.59,342,1,1,0,20,57,27,7,0,31,0,1,0.0,136.59,136.59,1,1,0.9757125508964926,4
24.872933,66.986968,72.78,128,1,1,0,14,13,27,7,0,31,0,0,0.0,72.78,72.78,1,0,0.5198942781627259,3
25.090371,67.104149,25.34,158,1,1,0,13,0,27,7,0,31,0,0,0.0,25.34,25.34,1,0,0.18101292949496392,1
25.009117,66.91716,84.12,141,1,1,0,10,17,28,7,1,31,0,0,0.0,84.12,84.12,1,0,0.6009000642903064,3
24.980541,67.242139,43.05,212,1,1,0,15,35,27,7,0,31,0,0,0.0,43.05,43.05,1,0,0.30752196585470387,2
24.783286,66.976275,78.36,264,1,1,0,23,53,27,7,0,31,0,1,0.0,78.36,78.36,1,0,0.5597542681620116,3
24.808732,67.067254,5.5,209,1,1,0,8,4,28,7,1,31,0,0,0.0,5.5,5.5,1,0,0.0392885206086149,1
24.974375,67.158792,18.1,219,1,1,0,1,40,28,7,1,31,0,1,0.0,18.1,18.1,1,0,0.12929494963925994,1
24.781685,67.285119,15.3,358,1,1,0,16,29,27,7,0,31,0,0,0.0,15.3,15.3,1,0,0.10929352096578326,1
25.076002,67.158933,122.51,146,1,1,0,8,15,28,7,1,31,0,0,0.0,122.51,122.51,1,1,0.8751339381384384,4
24.802026,67.071183,4.4,146,1,1,0,21,8,27,7,0,31,0,1,0.0,4.4,4.4,1,0,0.03143081648689192,1
24.879108,67.261152,26.76,2,1,1,0,9,26,28,7,1,31,0,0,0.0,26.76,26.76,1,0,0.19115651117936996,1
25.081726,67.271125,130.35,79,1,1,0,11,11,28,7,1,31,0,0,0.0,130.35,130.35,1,1,0.931137938424173,4
24.875703,67.155726,75.25,287,1,1,0,17,22,27,7,0,31,0,0,0.0,75.25,75.25,1,0,0.5375383955996856,3
24.906303,66.993074,40.77,254,1,1,0,16,59,27,7,0,31,0,0,0.0,40.77,40.77,1,0,0.2912350882205872,2
24.851464,67.020817,114.3,9,1,1,0,0,15,28,7,1,31,0,1,0.0,114.3,114.3,1,1,0.8164868919208514,4
24.887164,67.226765,92.33,290,1,1,0,3,42,28,7,1,31,0,1,0.0,92.33,92.33,1,0,0.6595471105078934,4
24.788963,67.293216,20.53,101,1,1,0,20,24,27,7,0,31,0,1,0.0,20.53,20.53,1,0,0.14665333238088435,1
25.064784,67.002937,79.78,170,1,1,0,13,51,27,7,0,31,0,0,0.0,79.78,79.78,1,0,0.5698978498464176,3
24.785071,66.942254,81.57,51,1,1,0,0,56,28,7,1,31,0,1,0.0,81.57,81.57,1,0,0.5826844774626758,3
24.849143,67.243604,35.2,340,1,1,0,14,56,27,7,0,31,0,0,0.0,35.2,35.2,1,0,0.2514465318951354,2
24.856134,67.220934,47.41,81,1,1,0,5,49,28,7,1,31,0,1,0.0,47.41,47.41,1,0,0.3386670476462604,2
25.042341,67.011322,106.29,1,1,1,0,20,27,27,7,0,31,0,1,0.0,106.29,106.29,1,1,0.7592685191799414,4
24.946719,66.975819,15.08,106,1,1,0,15,37,27,7,0,31,0,0,0.0,15.08,15.08,1,0,0.10772198014143866,1
25.062149,67.231212,0.03,26,1,1,0,14,12,27,7,0,31,0,0,0.0,0.03,0.03,1,0,0.00021430102150153582,1
24.886597,66.913539,21.19,266,1,1,0,23,39,27,7,0,31,0,1,0.0,21.19,21.19,1,0,0.15136795485391813,1
24.860399,67.070188,61.07,91,1,1,0,4,38,28,7,1,31,0,1,0.0,61.07,61.07,1,0,0.4362454461032931,3
25.063319,67.060661,49.97,199,1,1,0,17,57,27,7,0,31,0,0,0.0,49.97,49.97,1,0,0.3569540681477248,2
25.072887,66.968917,102.52,38,1,1,0,17,4,27,7,0,31,0,0,0.0,102.52,102.52,1,1,0.7323380241445817,4
24.871862,67.204722,82.65,331,1,1,0,13,30,27,7,0,31,0,0,0.0,82.65,82.65,1,0,0.5903993142367312,3
24.906988,67.266846,52.42,193,1,1,0,21,40,27,7,0,31,0,1,0.0,52.42,52.42,1,0,0.37445531823701694,2
24.983759,67.28028,80.0,291,1,1,0,11,49,27,7,0,31,0,0,0.0,80.0,80.0,1,0,0.5714693906707622,3
25.068352,67.052556,125.8,102,1,1,0,10,53,28,7,1,31,0,0,0.0,125.8,125.8,1,1,0.8986356168297734,4
24.853043,66.935922,2.34,263,1,1,0,4,32,28,7,1,31,0,1,0.0,2.34,2.34,1,0,0.016715479677119793,1
25.085228,66.963086,110.65,288,1,1,0,11,26,27,7,0,31,0,0,0.0,110.65,110.65,1,1,0.7904136009714979,4
25.079617,67.100382,94.3,245,1,1,0,13,49,27,7,0,31,0,0,0.0,94.3,94.3,1,0,0.6736195442531608,4
24.933354,66.905248,76.96,352,1,1,0,21,36,27,7,0,31,0,1,0.0,76.96,76.96,1,0,0.5497535538252731,3
24.957234,67.232229,131.81,124,1,1,0,7,38,28,7,1,31,0,0,0.0,131.81,131.81,1,1,0.9415672548039146,4
24.937853,67.285809,47.23,288,1,1,0,16,5,27,7,0,31,0,0,0.0,47.23,47.23,1,0,0.3373812415172512,2
24.880568,67.062411,37.43,289,1,1,0,2,29,28,7,1,31,0,1,0.0,37.43,37.43,1,0,0.26737624116008285,2
24.831162,66.984295,39.7,125,1,1,0,12,14,27,7,0,31,0,0,0.0,39.7,39.7,1,0,0.28359168512036576,2
24.947784,66.953983,84.35,295,1,1,0,2,48,28,7,1,31,0,1,0.0,84.35,84.35,1,0,0.6025430387884848,3
24.834689,67.114012,38.95,89,1,1,0,5,41,28,7,1,31,0,1,0.0,38.95,38.95,1,0,0.2782341595828273,2
24.911093,67.284715,10.72,236,1,1,0,8,10,28,7,1,31,0,0,0.0,10.72,10.72,1,0,0.07657689834988213,1
24.971922,67.178412,94.51,192,1,1,0,22,25,27,7,0,31,0,1,0.0,94.51,94.51,1,0,0.6751196514036717,4
24.876326,67.131966,50.26,167,1,1,0,20,21,27,7,0,31,0,1,0.0,50.26,50.26,1,0,0.3590256446889063,2
24.887008,66.963796,39.28,74,1,1,0,12,8,27,7,0,31,0,0,0.0,39.28,39.28,1,0,0.2805914708193442,2
24.829475,67.07561,34.23,249,1,1,0,20,48,27,7,0,31,0,1,0.0,34.23,34.23,1,0,0.24451746553325235,2
24.933252,67.046876,101.35,275,1,1,0,6,30,28,7,1,31,0,0,0.0,101.35,101.35,1,1,0.7239802843060218,4
24.912555,67.036077,22.13,73,1,1,0,23,58,27,7,0,31,0,1,0.0,22.13,22.13,1,0,0.1580827201942996,1
24.86883,67.033227,55.41,86,1,1,0,8,34,28,7,1,31,0,0,0.0,55.41,55.41,1,0,0.3958139867133366,2
25.013828,67.038794,131.06,297,1,1,0,3,33,28,7,1,31,0,1,0.0,131.06,131.06,1,1,0.9362097292663761,4
24.806007,67.066596,76.58,253,1,1,0,3,29,28,7,1,31,0,1,0.0,76.58,76.58,1,0,0.5470390742195871,3
24.79309,67.198502,58.19,212,1,1,0,20,17,27,7,0,31,0,1,0.0,58.19,58.19,1,0,0.4156725480391456,2
25.021961,67.214066,49.9,91,1,1,0,8,40,28,7,1,31,0,0,0.0,49.9,49.9,1,0,0.3564540324308879,2
25.087865,67.053327,88.69,19,1,1,0,15,55,27,7,0,31,0,0,0.0,88.69,88.69,1,0,0.6335452532323737,3
24.772948,66.905955,82.32,93,1,1,0,13,40,27,7,0,31,0,0,0.0,82.32,82.32,1,0,0.5880420030002143,3
24.960289,67.180952,40.86,46,1,1,0,16,46,27,7,0,31,0,0,0.0,40.86,40.86,1,0,0.2918779912850918,2
24.824566,67.276053,77.69,326,1,1,0,22,44,27,7,0,31,0,1,0.0,77.69,77.69,1,0,0.5549682120151439,3
25.008337,67.043513,33.12,302,1,1,0,10,19,28,7,1,31,0,0,0.0,33.12,33.12,1,0,0.2365883277376955,2
24.908608,67.117817,102.79,190,1,1,0,3,20,28,7,1,31,0,1,0.0,102.79,102.79,1,1,0.7342667333380956,4
24.88494,66.930437,71.2,36,1,1,0,10,21,28,7,1,31,0,0,0.0,71.2,71.2,1,0,0.5086077576969783,3
25.001917,66.959221,64.09,178,1,1,0,7,56,28,7,1,31,0,0,0.0,64.09,64.09,1,0,0.45781841560111436,3
24.802689,66.98894,75.21,225,1,1,0,19,59,27,7,0,31,0,0,0.0,75.21,75.21,1,0,0.5372526609043502,3
24.965028,67.214199,71.51,182,1,1,0,8,0,28,7,1,31,0,0,0.0,71.51,71.51,1,0,0.5108222015858276,3
24.866965,67.199426,131.36,102,1,1,0,23,13,27,7,0,31,0,1,0.0,131.36,131.36,1,1,0.9383527394813915,4
25.010609,67.11023,108.63,77,1,1,0,14,51,27,7,0,31,0,0,0.0,108.63,108.63,1,1,0.7759839988570612,4
25.06315,67.191733,55.96,13,1,1,0,8,22,28,7,1,31,0,0,0.0,55.96,55.96,1,0,0.39974283877419814,2
24.871376,66.969585,20.4,205,1,1,0,21,48,27,7,0,31,0,1,0.0,20.4,20.4,1,0,0.14572469462104434,1
24.758849,67.160654,36.54,215,1,1,0,8,29,28,7,1,31,0,0,0.0,36.54,36.54,1,0,0.2610186441888706,2
24.895066,67.002905,43.82,154,1,1,0,16,24,27,7,0,31,0,0,0.0,43.82,43.82,1,0,0.31302235873990997,2
24.949457,67.062028,25.57,30,1,1,0,2,15,28,7,1,31,0,1,0.0,25.57,25.57,1,0,0.18265590399314235,1
25.008356,66.989947,15.22,236,1,1,0,5,35,28,7,1,31,0,1,0.0,15.22,15.22,1,0,0.1087220515751125,1
24.815265,66.947722,22.82,304,1,1,0,11,27,27,7,0,31,0,0,0.0,22.82,22.82,1,0,0.16301164368883492,1
24.877562,67.178443,5.09,292,1,1,0,15,16,27,7,0,31,0,0,0.0,5.09,5.09,1,0,0.03635973998142724,1
24.892191,67.214852,46.85,36,1,1,0,22,18,27,7,0,31,0,1,0.0,46.85,46.85,1,0,0.3346667619115651,2
25.074175,67.219321,44.2,10,1,1,0,4,12,28,7,1,31,0,1,0.0,44.2,44.2,1,0,0.3157368383455961,2
24.77327,67.133823,105.23,182,1,1,0,11,56,27,7,0,31,0,0,0.0,105.23,105.23,1,1,0.7516965497535538,4
24.811194,66.908114,115.36,87,1,1,0,22,11,27,7,0,31,0,1,0.0,115.36,115.36,1,1,0.824058861347239,4
25.061028,66.968607,47.54,166,1,1,0,4,11,28,7,1,31,0,1,0.0,47.54,47.54,1,0,0.3395956854061004,2
25.012158,66.920834,116.89,179,1,1,0,3,11,28,7,1,31,0,1,0.0,116.89,116.89,1,1,0.8349882134438174,4
24.780558,67.056273,26.37,91,1,1,0,0,51,28,7,1,31,0,1,0.0,26.37,26.37,1,0,0.18837059789984997,1
24.889377,66.919851,62.57,105,1,1,0,13,16,27,7,0,31,0,0,0.0,62.57,62.57,1,0,0.44696049717836983,3
24.969324,67.281504,36.04,356,1,1,0,16,20,27,7,0,31,0,0,0.0,36.04,36.04,1,0,0.25744696049717836,2
25.093609,67.150258,81.16,199,1,1,0,11,40,27,7,0,31,0,0,0.0,81.16,81.16,1,0,0.5797556968354882,3
24.989229,66.991707,104.74,174,1,1,0,20,18,27,7,0,31,0,1,0.0,104.74,104.74,1,1,0.7481962997356953,4
24.925114,66.968191,15.53,99,1,1,0,14,45,27,7,0,31,0,0,0.0,15.53,15.53,1,0,0.1109364954639617,1
25.027382,66.967993,74.36,40,1,1,0,13,9,27,7,0,31,0,0,0.0,74.36,74.36,1,0,0.5311807986284734,3
24.896653,67.136567,54.77,127,1,1,0,22,35,27,7,0,31,0,1,0.0,54.77,54.77,1,0,0.39124223158797056,2
25.056865,67.124713,84.52,212,1,1,0,2,3,28,7,1,31,0,1,0.0,84.52,84.52,1,0,0.6037574112436602,3
24.772288,67.256867,48.46,346,1,1,0,2,51,28,7,1,31,0,1,0.0,48.46,48.46,1,0,0.3461675833988142,2
24.989848,67.11137,85.24,178,1,1,0,20,10,27,7,0,31,0,1,0.0,85.24,85.24,1,0,0.608900635759697,3
25.00004,67.013656,36.37,328,1,1,0,2,18,28,7,1,31,0,1,0.0,36.37,36.37,1,0,0.25980427173369525,2
24.759957,67.04315,19.86,85,1,1,0,5,17,28,7,1,31,0,1,0.0,19.86,19.86,1,0,0.1418672762340167,1
24.907359,67.154296,60.76,304,1,1,0,22,10,27,7,0,31,0,1,0.0,60.76,60.76,1,0,0.43403100221444385,3
24.756521,67.102871,10.7,15,1,1,0,14,9,27,7,0,31,0,0,0.0,10.7,10.7,1,0,0.07643403100221444,1
24.752748,67.20656,23.12,231,1,1,0,17,12,27,7,0,31,0,0,0.0,23.12,23.12,1,0,0.16515465390385028,1
24.78499,67.298526,23.13,42,1,1,0,9,54,28,7,1,31,0,0,0.0,23.13,23.13,1,0,0.1652260875776841,1
24.890521,66.930102,19.97,235,1,1,0,0,6,28,7,1,31,0,1,0.0,19.97,19.97,1,0,0.142653046646189,1
25.057547,67.20156,7.51,280,1,1,0,5,48,28,7,1,31,0,1,0.0,7.51,7.51,1,0,0.053646689049217794,1
24.861734,67.259156,60.81,246,1,1,0,10,40,28,7,1,31,0,0,0.0,60.81,60.81,1,0,0.4343881705836131,3
24.77928,67.01327,35.49,322,1,1,0,1,17,28,7,1,31,0,1,0.0,35.49,35.49,1,0,0.2535181084363169,2
25.00984,67.108297,18.33,286,1,1,0,17,21,27,7,0,31,0,0,0.0,18.33,18.33,1,0,0.13093792413743838,1
25.013827,67.124122,132.7,123,1,1,0,15,27,27,7,0,31,0,0,0.0,132.7,132.7,1,1,0.9479248517751266,4
24.905108,67.127086,80.54,318,1,1,0,21,15,27,7,0,31,0,1,0.0,80.54,80.54,1,0,0.5753268090577899,3
24.788198,67.01773,102.44,148,1,1,0,16,17,27,7,0,31,0,0,0.0,102.44,102.44,1,1,0.731766554753911,4
25.064583,67.081766,93.75,25,1,1,0,17,42,27,7,0,31,0,0,0.0,93.75,93.75,1,0,0.6696906921922994,4
24.865999,67.047316,19.14,338,1,1,0,0,16,28,7,1,31,0,1,0.0,19.14,19.14,1,0,0.13672405171797986,1
24.897866,67.03895,8.29,203,1,1,0,14,39,27,7,0,31,0,0,0.0,8.29,8.29,1,0,0.05921851560825772,1
24.867127,67.031876,7.33,285,1,1,0,21,16,27,7,0,31,0,1,0.0,7.33,7.33,1,0,0.05236088292020858,1
24.92033,67.016315,136.01,46,1,1,0,6,19,28,7,1,31,0,0,0.0,136.01,136.01,1,1,0.9715693978141294,4
24.919531,66.974148,96.53,75,1,1,0,7,38,28,7,1,31,0,0,0.0,96.53,96.53,1,0,0.6895492535181084,4
24.848801,67.055159,107.86,337,1,1,0,6,10,28,7,1,31,0,0,0.0,107.86,107.86,1,1,0.7704836059718551,4
24.901985,67.215761,32.99,245,1,1,0,5,5,28,7,1,31,0,1,0.0,32.99,32.99,1,0,0.23565968997785555,2
24.943056,66.9458,29.66,240,1,1,0,6,49,28,7,1,31,0,0,0.0,29.66,29.66,1,0,0.21187227659118507,1
24.910696,67.222528,76.07,13,1,1,0,17,0,27,7,0,31,0,0,0.0,76.07,76.07,1,0,0.543395956854061,3
24.841982,67.075945,138.98,143,1,1,0,11,29,27,7,0,31,0,0,0.0,138.98,138.98,1,1,0.9927851989427815,4
24.807718,67.222198,6.13,121,1,1,0,12,5,27,7,0,31,0,0,0.0,6.13,6.13,1,0,0.04378884206014715,1
24.96336,66.937637,67.1,16,1,1,0,4,2,28,7,1,31,0,1,0.0,67.1,67.1,1,0,0.4793199514251017,3
24.955716,67.286543,120.29,324,1,1,0,9,26,28,7,1,31,0,0,0.0,120.29,120.29,1,1,0.8592756625473248,4
24.833793,67.094937,120.51,95,1,1,0,22,21,27,7,0,31,0,1,0.0,120.51,120.51,1,1,0.8608472033716694,4
24.806387,66.939931,41.92,290,1,1,0,1,17,28,7,1,31,0,1,0.0,41.92,41.92,1,0,0.2994499607114794,2
25.017457,67.174639,116.51,287,1,1,0,20,36,27,7,0,31,0,1,0.0,116.51,116.51,1,1,0.8322737338381313,4
24.862452,67.246827,32.21,231,1,1,0,0,5,28,7,1,31,0,1,0.0,32.21,32.21,1,0,0.23008786341881562,2
24.939006,67.158371,5.7,337,1,1,0,4,41,28,7,1,31,0,1,0.0,5.7,5.7,1,0,0.04071719408529181,1
25.021117,67.085279,34.28,139,1,1,0,12,50,27,7,0,31,0,0,0.0,34.28,34.28,1,0,0.2448746339024216,2
24.902981,66.91692,139.89,333,1,1,0,9,30,28,7,1,31,0,0,0.0,139.89,139.89,1,1,0.9992856632616613,4
24.808089,67.124543,130.45,129,1,1,0,12,51,27,7,0,31,0,0,0.0,130.45,130.45,1,1,0.9318522751625115,4
24.882618,67.245095,87.88,16,1,1,0,23,30,27,7,0,31,0,1,0.0,87.88,87.88,1,0,0.6277591256518322,3
24.81027,67.06119,80.08,316,1,1,0,13,11,27,7,0,31,0,0,0.0,80.08,80.08,1,0,0.572040860061433,3
25.083423,67.0321,129.1,322,1,1,0,13,23,27,7,0,31,0,0,0.0,129.1,129.1,1,1,0.9222087291949423,4
24.768827,67.194801,111.52,273,1,1,0,7,13,28,7,1,31,0,0,0.0,111.52,111.52,1,1,0.7966283305950425,4
25.035013,67.188885,123.35,132,1,1,0,15,27,27,7,0,31,0,0,0.0,123.35,123.35,1,1,0.8811343667404814,4
24.867288,67.213596,124.89,211,1,1,0,9,18,28,7,1,31,0,0,0.0,124.89,124.89,1,1,0.8921351525108936,4
25.014693,67.035967,59.3,14,1,1,0,14,33,27,7,0,31,0,0,0.0,59.3,59.3,1,0,0.4236016858347024,2
24.905022,66.990099,71.56,46,1,1,0,3,22,28,7,1,31,0,1,0.0,71.56,71.56,1,0,0.5111793699549968,3
24.768219,66.927499,92.11,301,1,1,0,11,12,28,7,1,31,0,0,0.0,92.11,92.11,1,0,0.6579755696835488,4
25.038227,67.102051,98.65,325,1,1,0,6,50,28,7,1,31,0,0,0.0,98.65,98.65,1,0,0.7046931923708837,4
24.97962,66.902218,69.21,54,1,1,0,19,52,27,7,0,31,0,0,0.0,69.21,69.21,1,0,0.4943924566040431,3
24.769289,67.24592,82.84,300,1,1,0,5,53,28,7,1,31,0,1,0.0,82.84,82.84,1,0,0.5917565540395743,3
25.044642,67.001463,114.4,175,1,1,0,0,24,28,7,1,31,0,1,0.0,114.4,114.4,1,1,0.81720122865919,4
24.80162,67.245721,21.07,58,1,1,0,20,33,27,7,0,31,0,1,0.0,21.07,21.07,1,0,0.15051075076791198,1
24.798411,67.21751,0.61,77,1,1,0,10,22,28,7,1,31,0,0,0.0,0.61,0.61,1,0,0.004357454103864561,1
24.985288,67.252293,66.47,254,1,1,0,9,9,28,7,1,31,0,0,0.0,66.47,66.47,1,0,0.4748196299735695,3
24.931916,67.180339,128.98,190,1,1,0,18,39,27,7,0,31,0,0,0.0,128.98,128.98,1,1,0.9213515251089363,4
24.765902,67.167534,59.5,187,1,1,0,20,42,27,7,0,31,0,1,0.0,59.5,59.5,1,0,0.42503035931137934,2
25.034947,66.925004,30.92,179,1,1,0,6,54,28,7,1,31,0,0,0.0,30.92,30.92,1,0,0.2208729194942496,2
24.774723,67.098904,121.52,36,1,1,0,12,20,27,7,0,31,0,0,0.0,121.52,121.52,1,1,0.8680620044288877,4
24.782823,67.070629,106.27,184,1,1,0,5,39,28,7,1,31,0,1,0.0,106.27,106.27,1,1,0.7591256518322737,4
24.888458,66.940413,52.3,154,1,1,0,23,36,27,7,0,31,0,1,0.0,52.3,52.3,1,0,0.37359811415101074,2
25.019776,67.019861,2.57,91,1,1,0,19,36,27,7,0,31,0,0,0.0,2.57,2.57,1,0,0.018358454175298234,1
24.792037,66.96633,57.64,258,1,1,0,0,14,28,7,1,31,0,1,0.0,57.64,57.64,1,0,0.41174369597828414,2
24.868868,67.285789,96.49,180,1,1,0,9,3,28,7,1,31,0,0,0.0,96.49,96.49,1,0,0.6892635188227729,4
25.085414,67.101557,137.39,355,1,1,0,12,9,27,7,0,31,0,0,0.0,137.39,137.39,1,1,0.9814272448032001,4
24.969845,66.947991,31.39,345,1,1,0,16,41,27,7,0,31,0,0,0.0,31.39,31.39,1,0,0.22423030216444031,2
24.775994,67.152938,31.9,25,1,1,0,6,35,28,7,1,31,0,0,0.0,31.9,31.9,1,0,0.2278734195299664,2
24.968758,67.145771,133.89,47,1,1,0,17,3,27,7,0,31,0,0,0.0,133.89,133.89,1,1,0.9564254589613542,4
24.906387,67.181363,120.32,305,1,1,0,2,6,28,7,1,31,0,1,0.0,120.32,120.32,1,1,0.8594899635688262,4
24.760121,67.198583,43.62,232,1,1,0,23,5,27,7,0,31,0,1,0.0,43.62,43.62,1,0,0.31159368526323306,2
24.787075,67.250388,27.02,15,1,1,0,8,51,28,7,1,31,0,0,0.0,27.02,27.02,1,0,0.19301378669904992,1
24.857635,67.247046,52.65,109,1,1,0,15,15,27,7,0,31,0,0,0.0,52.65,52.65,1,0,0.37609829273519535,2
24.885741,67.094434,117.53,155,1,1,0,16,12,27,7,0,31,0,0,0.0,117.53,117.53,1,1,0.8395599685691835,4
25.042271,67.293324,29.72,226,1,1,0,17,38,27,7,0,31,0,0,0.0,29.72,29.72,1,0,0.21230087863418814,1
24.809404,67.085657,111.6,25,1,1,0,12,22,27,7,0,31,0,0,0.0,111.6,111.6,1,1,0.7971997999857132,4
24.776973,67.127673,51.13,213,1,1,0,5,54,28,7,1,31,0,1,0.0,51.13,51.13,1,0,0.3652403743124509,2
24.98527,67.048263,84.28,52,1,1,0,3,40,28,7,1,31,0,1,0.0,84.28,84.28,1,0,0.6020430030716479,3
24.911588,67.118746,60.54,44,1,1,0,4,35,28,7,1,31,0,1,0.0,60.54,60.54,1,0,0.4324594613900993,3
24.867153,66.93174,45.56,182,1,1,0,12,11,27,7,0,31,0,0,0.0,45.56,45.56,1,0,0.32545181798699907,2
24.869602,67.073767,4.16,274,1,1,0,7,11,28,7,1,31,0,0,0.0,4.16,4.16,1,0,0.029716408314879632,1
24.78651,67.121163,125.26,16,1,1,0,13,23,27,7,0,31,0,0,0.0,125.26,125.26,1,1,0.8947781984427459,4
25.022806,67.174062,65.98,248,1,1,0,7,36,28,7,1,31,0,0,0.0,65.98,65.98,1,0,0.4713193799557111,3
25.076532,67.05117,9.42,338,1,1,0,19,20,27,7,0,31,0,0,0.0,9.42,9.42,1,0,0.06729052075148224,1
24.845887,66.929771,86.46,82,1,1,0,23,30,27,7,0,31,0,1,0.0,86.46,86.46,1,0,0.6176155439674261,3
24.818015,67.110485,135.76,300,1,1,0,23,52,27,7,0,31,0,1,0.0,135.76,135.76,1,1,0.9697835559682834,4
24.820555,67.143047,71.52,171,1,1,0,4,13,28,7,1,31,0,1,0.0,71.52,71.52,1,0,0.5108936352596614,3
24.88009,67.274099,112.13,346,1,1,0,7,12,28,7,1,31,0,0,0.0,112.13,112.13,1,1,0.800985784698907,4
24.93682,67.11299,58.61,117,1,1,0,21,20,27,7,0,31,0,1,0.0,58.61,58.61,1,0,0.41867276234016715,2
24.935872,67.231211,120.61,172,1,1,0,0,53,28,7,1,31,0,1,0.0,120.61,120.61,1,1,0.8615615401100079,4
24.858916,67.279168,1.09,305,1,1,0,3,55,28,7,1,31,0,1,0.0,1.09,1.09,1,0,0.007786270447889135,1
24.804898,67.260028,21.71,311,1,1,0,5,48,28,7,1,31,0,1,0.0,21.71,21.71,1,0,0.1550825058932781,1
24.805558,67.065758,34.01,171,1,1,0,13,28,27,7,0,31,0,0,0.0,34.01,34.01,1,0,0.24294592470890775,2
24.880805,67.020941,70.97,252,1,1,0,9,43,28,7,1,31,0,0,0.0,70.97,70.97,1,0,0.5069647831987999,3
24.81967,67.103649,131.45,256,1,1,0,9,53,28,7,1,31,0,0,0.0,131.45,131.45,1,1,0.938995642545896,4
24.870442,66.90546,110.98,350,1,1,0,2,44,28,7,1,31,0,1,0.0,110.98,110.98,1,1,0.7927709122080149,4
24.968715,67.082516,18.69,325,1,1,0,4,58,28,7,1,31,0,1,0.0,18.69,18.69,1,0,0.13350953639545682,1
24.983672,66.938939,78.16,338,1,1,0,12,45,27,7,0,31,0,0,0.0,78.16,78.16,1,0,0.5583255946853346,3
24.929566,66.969799,126.36,77,1,1,0,22,32,27,7,0,31,0,1,0.0,126.36,126.36,1,1,0.9026359025644688,4
25.000165,66.977745,115.74,197,1,1,0,13,11,27,7,0,31,0,0,0.0,115.74,115.74,1,1,0.8267733409529251,4
24.924545,67.122313,31.16,359,1,1,0,3,38,28,7,1,31,0,1,0.0,31.16,31.16,1,0,0.22258732766626185,2
25.091279,67.057561,95.26,173,1,1,0,15,2,27,7,0,31,0,0,0.0,95.26,95.26,1,0,0.6804771769412101,4
24.807481,67.014269,85.56,82,1,1,0,7,45,28,7,1,31,0,0,0.0,85.56,85.56,1,0,0.6111865133223802,3
25.091714,67.129802,71.73,150,1,1,0,10,27,28,7,1,31,0,0,0.0,71.73,71.73,1,0,0.5123937424101721,3
24.834197,67.257639,122.67,95,1,1,0,1,38,28,7,1,31,0,1,0.0,122.67,122.67,1,1,0.87627687691978,4
24.922419,66.938877,132.48,275,1,1,0,6,24,28,7,1,31,0,0,0.0,132.48,132.48,1,1,0.946353310950782,4
24.953226,66.96848,89.74,319,1,1,0,13,19,27,7,0,31,0,0,0.0,89.74,89.74,1,0,0.6410457889849274,3
24.78596,66.989606,118.03,5,1,1,0,6,18,28,7,1,31,0,0,0.0,118.03,118.03,1,1,0.8431316522608757,4
24.912875,67.044816,118.67,215,1,1,0,11,3,28,7,1,31,0,0,0.0,118.67,118.67,1,1,0.8477034073862418,4
24.944863,67.073963,109.97,254,1,1,0,20,24,27,7,0,31,0,1,0.0,109.97,109.97,1,1,0.7855561111507964,4
25.00779,67.296756,124.3,23,1,1,0,16,13,27,7,0,31,0,0,0.0,124.3,124.3,1,1,0.8879205657546967,4
24.795521,67.266679,118.69,197,1,1,0,18,52,27,7,0,31,0,0,0.0,118.69,118.69,1,1,0.8478462747339095,4
25.008504,66.951432,108.71,88,1,1,0,23,26,27,7,0,31,0,1,0.0,108.71,108.71,1,1,0.7765554682477319,4
24.832616,66.912611,76.57,281,1,1,0,4,10,28,7,1,31,0,1,0.0,76.57,76.57,1,0,0.5469676405457532,3
24.922972,67.092515,107.45,211,1,1,0,13,26,27,7,0,31,0,0,0.0,107.45,107.45,1,1,0.7675548253446675,4
25.064023,67.197462,116.28,243,1,1,0,18,57,27,7,0,31,0,0,0.0,116.28,116.28,1,1,0.8306307593399528,4
25.050972,67.132254,127.61,149,1,1,0,21,20,27,7,0,31,0,1,0.0,127.61,127.61,1,1,0.9115651117936995,4
24.987619,66.955035,120.9,327,1,1,0,4,11,28,7,1,31,0,1,0.0,120.9,120.9,1,1,0.8636331166511894,4
24.83077,66.921104,11.71,90,1,1,0,17,24,27,7,0,31,0,0,0.0,11.71,11.71,1,0,0.08364883205943281,1
24.821914,66.957806,54.31,39,1,1,0,13,28,27,7,0,31,0,0,0.0,54.31,54.31,1,0,0.3879562825916137,2
24.977644,67.057081,101.65,337,1,1,0,0,38,28,7,1,31,0,1,0.0,101.65,101.65,1,1,0.7261232945210372,4
25.041674,67.052895,48.21,121,1,1,0,9,50,28,7,1,31,0,0,0.0,48.21,48.21,1,0,0.3443817415529681,2
24.965728,66.925174,136.53,322,1,1,0,1,35,28,7,1,31,0,1,0.0,136.53,136.53,1,1,0.9752839488534895,4
25.01734,67.241748,48.06,282,1,1,0,6,47,28,7,1,31,0,0,0.0,48.06,48.06,1,0,0.3433102364454604,2
24.802954,66.975259,61.4,157,1,1,0,10,9,28,7,1,31,0,0,0.0,61.4,61.4,1,0,0.43860275733980997,3
24.922098,67.021787,94.13,225,1,1,0,20,26,27,7,0,31,0,1,0.0,94.13,94.13,1,0,0.6724051717979855,4
25.033935,66.98844,97.26,293,1,1,0,21,44,27,7,0,31,0,1,0.0,97.26,97.26,1,0,0.6947639117079791,4
24.800362,66.990191,98.33,243,1,1,0,12,16,27,7,0,31,0,0,0.0,98.33,98.33,1,0,0.7024073148082005,4
24.880731,66.916694,73.77,261,1,1,0,16,37,27,7,0,31,0,0,0.0,73.77,73.77,1,0,0.5269662118722765,3
24.852387,67.106541,64.29,50,1,1,0,19,12,27,7,0,31,0,0,0.0,64.29,64.29,1,0,0.45924708907779127,3
24.955719,66.90438,117.24,110,1,1,0,13,59,27,7,0,31,0,0,0.0,117.24,117.24,1,1,0.837488392028002,4
24.973159,66.946111,92.81,250,1,1,0,8,55,28,7,1,31,0,0,0.0,92.81,92.81,1,0,0.662975926851918,4
24.811435,67.135266,94.1,33,1,1,0,6,42,28,7,1,31,0,0,0.0,94.1,94.1,1,0,0.672190870776484,4
24.918321,67.09931,6.7,173,1,1,0,18,34,27,7,0,31,0,0,0.0,6.7,6.7,1,0,0.04786056146867633,1
24.98046,67.282476,108.1,68,1,1,0,17,11,27,7,0,31,0,0,0.0,108.1,108.1,1,1,0.7721980141438674,4
24.950777,67.260792,83.31,9,1,1,0,8,55,28,7,1,31,0,0,0.0,83.31,83.31,1,0,0.595113936709765,3
24.888527,67.251583,95.31,353,1,1,0,2,42,28,7,1,31,0,1,0.0,95.31,95.31,1,0,0.6808343453103792,4
24.948948,67.020887,132.95,18,1,1,0,2,18,28,7,1,31,0,1,0.0,132.95,132.95,1,1,0.9497106936209728,4
24.822583,66.975837,46.6,182,1,1,0,11,55,27,7,0,31,0,0,0.0,46.6,46.6,1,0,0.33288092006571895,2
24.897483,66.91089,95.88,129,1,1,0,20,42,27,7,0,31,0,1,0.0,95.88,95.88,1,0,0.6849060647189085,4
25.04801,67.051996,83.92,106,1,1,0,6,44,28,7,1,31,0,0,0.0,83.92,83.92,1,0,0.5994713908136295,3
24.903977,67.074252,49.23,261,1,1,0,15,6,27,7,0,31,0,0,0.0,49.23,49.23,1,0,0.35166797628402025,2
24.79482,67.252869,48.66,250,1,1,0,13,28,27,7,0,31,0,0,0.0,48.66,48.66,1,0,0.34759625687549106,2
24.799037,66.965897,30.45,185,1,1,0,23,30,27,7,0,31,0,1,0.0,30.45,30.45,1,0,0.21751553682405883,2
24.771972,67.250406,121.26,353,1,1,0,16,30,27,7,0,31,0,0,0.0,121.26,121.26,1,1,0.8662047289092077,4
25.061371,67.184504,66.98,97,1,1,0,6,59,28,7,1,31,0,0,0.0,66.98,66.98,1,0,0.47846274733909566,3
24.961238,67.250661,70.65,351,1,1,0,23,19,27,7,0,31,0,1,0.0,70.65,70.65,1,0,0.5046789056361168,3
25.099468,67.10842,91.48,141,1,1,0,14,17,27,7,0,31,0,0,0.0,91.48,91.48,1,0,0.6534752482320165,4
24.975823,66.904675,75.03,358,1,1,0,13,9,27,7,0,31,0,0,0.0,75.03,75.03,1,0,0.5359668547753411,3
25.081054,67.120107,21.03,333,1,1,0,0,34,28,7,1,31,0,1,0.0,21.03,21.03,1,0,0.1502250160725766,1
24.921371,67.00514,51.21,197,1,1,0,15,0,27,7,0,31,0,0,0.0,51.21,51.21,1,0,0.36581184370312164,2
24.765277,67.197882,32.7,195,1,1,0,21,17,27,7,0,31,0,1,0.0,32.7,32.7,1,0,0.23358811343667404,2
24.865133,67.182437,76.61,159,1,1,0,7,0,28,7,1,31,0,0,0.0,76.61,76.61,1,0,0.5472533752410886,3
25.00923,67.188326,126.72,332,1,1,0,2,59,28,7,1,31,0,1,0.0,126.72,126.72,1,1,0.9052075148224873,4
25.047226,67.096515,42.38,72,1,1,0,11,12,28,7,1,31,0,0,0.0,42.38,42.38,1,0,0.30273590970783626,2
25.064207,67.292025,6.96,298,1,1,0,22,36,27,7,0,31,0,1,0.0,6.96,6.96,1,0,0.04971783698835631,1
24.850478,67.140563,4.28,214,1,1,0,22,27,27,7,0,31,0,1,0.0,4.28,4.28,1,0,0.030573612400885776,1
25.078677,67.152307,119.96,28,1,1,0,7,33,28,7,1,31,0,0,0.0,119.96,119.96,1,1,0.8569183513108078,4
25.01764,67.155451,43.02,182,1,1,0,6,12,28,7,1,31,0,0,0.0,43.02,43.02,1,0,0.3073076648332024,2
24.991022,67.207433,71.86,65,1,1,0,6,39,28,7,1,31,0,0,0.0,71.86,71.86,1,0,0.5133223801700121,3
24.928254,66.99876,41.34,239,1,1,0,15,2,27,7,0,31,0,0,0.0,41.34,41.34,1,0,0.2953068076291164,2
25.099035,67.017187,75.1,299,1,1,0,15,55,27,7,0,31,0,0,0.0,75.1,75.1,1,0,0.5364668904921779,3
24.915057,67.174589,123.57,2,1,1,0,9,53,28,7,1,31,0,0,0.0,123.57,123.57,1,1,0.8827059075648259,4
24.822326,66.981489,96.89,121,1,1,0,22,52,27,7,0,31,0,1,0.0,96.89,96.89,1,0,0.6921208657761269,4
24.783145,67.208636,41.25,71,1,1,0,15,16,27,7,0,31,0,0,0.0,41.25,41.25,1,0,0.2946639045646117,2
25.001753,67.028871,96.35,358,1,1,0,13,40,27,7,0,31,0,0,0.0,96.35,96.35,1,0,0.6882634473890992,4
25.030256,67.141115,43.66,45,1,1,0,22,52,27,7,0,31,0,1,0.0,43.66,43.66,1,0,0.31187941995856844,2
24.87882,66.992316,32.47,257,1,1,0,0,30,28,7,1,31,0,1,0.0,32.47,32.47,1,0,0.23194513893849558,2
25.075666,67.151813,43.34,302,1,1,0,7,33,28,7,1,31,0,0,0.0,43.34,43.34,1,0,0.30959354239588543,2
24.985912,67.259456,105.79,228,1,1,0,10,54,28,7,1,31,0,0,0.0,105.79,105.79,1,1,0.7556968354882492,4
24.785923,67.23777,8.09,82,1,1,0,12,45,27,7,0,31,0,0,0.0,8.09,8.09,1,0,0.057789842131580824,1
24.902643,67.165783,5.82,43,1,1,0,16,5,27,7,0,31,0,0,0.0,5.82,5.82,1,0,0.04157439817129795,1
24.811317,67.107586,80.67,226,1,1,0,1,13,28,7,1,31,0,1,0.0,80.67,80.67,1,0,0.5762554468176299,3
24.963828,67.126629,130.05,14,1,1,0,6,12,28,7,1,31,0,0,0.0,130.05,130.05,1,1,0.9289949282091579,4
24.84527,67.141835,33.28,105,1,1,0,1,24,28,7,1,31,0,1,0.0,33.28,33.28,1,0,0.23773126651903706,2
24.885659,67.091502,103.28,292,1,1,0,8,43,28,7,1,31,0,0,0.0,103.28,103.28,1,1,0.7377669833559539,4
24.822299,67.116192,28.39,77,1,1,0,2,27,28,7,1,31,0,1,0.0,28.39,28.39,1,0,0.20280020001428672,1
25.028939,66.936364,82.84,154,1,1,0,6,0,28,7,1,31,0,0,0.0,82.84,82.84,1,0,0.5917565540395743,3
24.762326,66.916251,98.33,17,1,1,0,1,53,28,7,1,31,0,1,0.0,98.33,98.33,1,0,0.7024073148082005,4
24.998775,67.15491,10.6,115,1,1,0,2,39,28,7,1,31,0,1,0.0,10.6,10.6,1,0,0.07571969426387598,1
24.815459,67.239042,85.37,46,1,1,0,19,54,27,7,0,31,0,0,0.0,85.37,85.37,1,0,0.6098292735195371,3
24.766604,67.095995,79.11,215,1,1,0,22,48,27,7,0,31,0,1,0.0,79.11,79.11,1,0,0.5651117936995499,3
24.906123,66.943419,88.36,248,1,1,0,10,37,28,7,1,31,0,0,0.0,88.36,88.36,1,0,0.6311879419958568,3
25.059895,67.161969,82.23,250,1,1,0,12,56,27,7,0,31,0,0,0.0,82.23,82.23,1,0,0.5873990999357097,3
25.027537,67.168806,13.1,221,1,1,0,21,22,27,7,0,31,0,1,0.0,13.1,13.1,1,0,0.0935781127223373,1
24.885945,67.083645,79.04,7,1,1,0,16,7,27,7,0,31,0,0,0.0,79.04,79.04,1,0,0.564611757982713,3
24.949961,67.15726,2.13,215,1,1,0,9,39,28,7,1,31,0,0,0.0,2.13,2.13,1,0,0.015215372526609042,1
25.004478,67.206174,44.46,211,1,1,0,20,22,27,7,0,31,0,1,0.0,44.46,44.46,1,0,0.3175941138652761,2
24.988023,66.955477,71.26,225,1,1,0,21,3,27,7,0,31,0,1,0.0,71.26,71.26,1,0,0.5090363597399814,3
25.005415,67.171312,84.65,233,1,1,0,8,5,28,7,1,31,0,0,0.0,84.65,84.65,1,0,0.6046860490035002,3
24.90202,66.958027,48.54,30,1,1,0,12,17,27,7,0,31,0,0,0.0,48.54,48.54,1,0,0.3467390527894849,2
24.790537,67.085894,45.56,163,1,1,0,7,13,28,7,1,31,0,0,0.0,45.56,45.56,1,0,0.32545181798699907,2
24.913245,67.242187,120.64,292,1,1,0,8,29,28,7,1,31,0,0,0.0,120.64,120.64,1,1,0.8617758411315093,4
25.059057,67.165428,51.62,184,1,1,0,21,8,27,7,0,31,0,1,0.0,51.62,51.62,1,0,0.36874062433030924,2
24.946858,67.177598,98.73,230,1,1,0,0,52,28,7,1,31,0,1,0.0,98.73,98.73,1,0,0.7052646617615543,4
24.765868,67.168555,10.87,323,1,1,0,16,15,27,7,0,31,0,0,0.0,10.87,10.87,1,0,0.0776484034573898,1
25.092836,66.905729,88.46,324,1,1,0,10,6,28,7,1,31,0,0,0.0,88.46,88.46,1,0,0.6319022787341952,3
24.896959,66.92653,48.81,243,1,1,0,18,26,27,7,0,31,0,0,0.0,48.81,48.81,1,0,0.34866776198299876,2
24.92843,67.250983,53.88,241,1,1,0,6,53,28,7,1,31,0,0,0.0,53.88,53.88,1,0,0.3848846346167583,2
25.046538,67.22125,44.51,31,1,1,0,5,40,28,7,1,31,0,1,0.0,44.51,44.51,1,0,0.3179512822344453,2
24.927808,67.172892,64.99,353,1,1,0,7,51,28,7,1,31,0,0,0.0,64.99,64.99,1,0,0.4642474462461604,3
25.053941,66.912353,5.62,348,1,1,0,1,47,28,7,1,31,0,1,0.0,5.62,5.62,1,0,0.04014572469462104,1
25.037462,67.093821,46.76,3,1,1,0,8,23,28,7,1,31,0,0,0.0,46.76,46.76,1,0,0.3340238588470605,2
24.816868,67.18206,122.44,32,1,1,0,22,28,27,7,0,31,0,1,0.0,122.44,122.44,1,1,0.8746339024216014,4
24.822353,67.264832,17.39,19,1,1,0,6,36,28,7,1,31,0,0,0.0,17.39,17.39,1,0,0.12422315879705693,1
24.782784,67.076482,6.27,345,1,1,0,19,7,27,7,0,31,0,0,0.0,6.27,6.27,1,0,0.044788913493820984,1
24.810516,67.230282,101.3,353,1,1,0,14,22,27,7,0,31,0,0,0.0,101.3,101.3,1,1,0.7236231159368526,4
24.955148,66.987778,122.23,75,1,1,0,13,53,27,7,0,31,0,0,0.0,122.23,122.23,1,1,0.8731337952710908,4
24.976128,67.256983,24.85,13,1,1,0,16,45,27,7,0,31,0,0,0.0,24.85,24.85,1,0,0.1775126794771055,1
25.015758,67.012179,112.03,210,1,1,0,18,47,27,7,0,31,0,0,0.0,112.03,112.03,1,1,0.8002714479605686,4
24.81436,66.90924,135.17,120,1,1,0,2,11,28,7,1,31,0,1,0.0,135.17,135.17,1,1,0.9655689692120865,4
24.865073,67.159387,131.6,122,1,1,0,23,36,27,7,0,31,0,1,0.0,131.6,131.6,1,1,0.9400671476534037,4
24.808247,66.957455,100.37,156,1,1,0,1,55,28,7,1,31,0,1,0.0,100.37,100.37,1,1,0.716979784270305,4
24.968539,67.154498,110.11,269,1,1,0,4,37,28,7,1,31,0,1,0.0,110.11,110.11,1,1,0.7865561825844702,4
24.968685,67.161248,132.95,230,1,1,0,15,45,27,7,0,31,0,0,0.0,132.95,132.95,1,1,0.9497106936209728,4
25.051053,67.257433,19.21,356,1,1,0,13,20,27,7,0,31,0,0,0.0,19.21,19.21,1,0,0.13722408743481676,1
25.006121,67.068783,106.67,68,1,1,0,2,47,28,7,1,31,0,1,0.0,106.67,106.67,1,1,0.7619829987856275,4
25.009769,67.154816,11.71,41,1,1,0,8,20,28,7,1,31,0,0,0.0,11.71,11.71,1,0,0.08364883205943281,1
25.087784,66.923888,82.35,312,1,1,0,21,22,27,7,0,31,0,1,0.0,82.35,82.35,1,0,0.5882563040217158,3
24.873623,67.023141,132.13,35,1,1,0,12,41,27,7,0,31,0,0,0.0,132.13,132.13,1,1,0.9438531323665975,4
24.931053,67.073447,13.97,114,1,1,0,20,16,27,7,0,31,0,1,0.0,13.97,13.97,1,0,0.09979284234588184,1
24.907109,67.109374,115.55,273,1,1,0,16,4,27,7,0,31,0,0,0.0,115.55,115.55,1,1,0.8254161011500821,4
24.98451,67.059263,111.7,149,1,1,0,12,3,27,7,0,31,0,0,0.0,111.7,111.7,1,1,0.7979141367240516,4
25.055055,66.950499,42.18,261,1,1,0,7,52,28,7,1,31,0,0,0.0,42.18,42.18,1,0,0.30130723623115935,2
25.083194,67.055896,57.01,259,1,1,0,4,40,28,7,1,31,0,1,0.0,57.01,57.01,1,0,0.40724337452675186,2
24.969862,66.987176,11.33,251,1,1,0,12,30,27,7,0,31,0,0,0.0,11.33,11.33,1,0,0.0809343524537467,1
25.067364,67.030661,127.01,41,1,1,0,5,6,28,7,1,31,0,1,0.0,127.01,127.01,1,1,0.9072790913636688,4
24.871461,66.902736,88.17,91,1,1,0,13,29,27,7,0,31,0,0,0.0,88.17,88.17,1,0,0.6298307021930137,3
25.030968,67.258634,129.86,23,1,1,0,20,35,27,7,0,31,0,1,0.0,129.86,129.86,1,1,0.9276376884063148,4
24.94053,67.106741,22.66,343,1,1,0,22,1,27,7,0,31,0,1,0.0,22.66,22.66,1,0,0.1618687049074934,1
24.786026,66.955621,102.89,74,1,1,0,18,37,27,7,0,31,0,0,0.0,102.89,102.89,1,1,0.734981070076434,4
25.077483,67.011171,81.68,11,1,1,0,8,18,28,7,1,31,0,0,0.0,81.68,81.68,1,0,0.5834702478748482,3
24.95317,67.004117,135.53,257,1,1,0,17,24,27,7,0,31,0,0,0.0,135.53,135.53,1,1,0.968140581470105,4
25.096989,66.965373,104.64,205,1,1,0,1,18,28,7,1,31,0,1,0.0,104.64,104.64,1,1,0.7474819629973569,4
25.047914,67.117928,129.48,356,1,1,0,20,0,27,7,0,31,0,1,0.0,129.48,129.48,1,1,0.9249232088006285,4
24.945326,67.06647,11.93,305,1,1,0,12,50,27,7,0,31,0,0,0.0,11.93,11.93,1,0,0.0852203728837774,1
24.772296,66.956072,126.48,248,1,1,0,0,44,28,7,1,31,0,1,0.0,126.48,126.48,1,1,0.903493106650475,4
24.905952,67.124413,48.29,110,1,1,0,19,10,27,7,0,31,0,0,0.0,48.29,48.29,1,0,0.3449532109436388,2
25.049652,67.16454,110.12,180,1,1,0,11,30,27,7,0,31,0,0,0.0,110.12,110.12,1,1,0.7866276162583041,4
24.945807,66.921843,33.23,176,1,1,0,4,14,28,7,1,31,0,1,0.0,33.23,33.23,1,0,0.23737409814986782,2
24.95132,67.280315,134.67,344,1,1,0,1,32,28,7,1,31,0,1,0.0,134.67,134.67,1,1,0.9619972855203942,4
24.872822,67.165249,44.84,94,1,1,0,21,2,27,7,0,31,0,1,0.0,44.84,44.84,1,0,0.3203085934709622,2
24.830804,66.902778,110.31,44,1,1,0,7,58,28,7,1,31,0,0,0.0,110.31,110.31,1,1,0.7879848560611472,4
24.929224,67.114992,86.59,255,1,1,0,10,11,28,7,1,31,0,0,0.0,86.59,86.59,1,0,0.6185441817272662,3
24.855478,67.19846,23.46,272,1,1,0,2,50,28,7,1,31,0,1,0.0,23.46,23.46,1,0,0.167583398814201,1
24.957918,66.926127,122.6,94,1,1,0,1,9,28,7,1,31,0,1,0.0,122.6,122.6,1,1,0.875776841202943,4
24.848052,66.955916,19.92,21,1,1,0,14,15,27,7,0,31,0,0,0.0,19.92,19.92,1,0,0.14229587827701978,1
25.087708,67.044846,55.65,64,1,1,0,13,20,27,7,0,31,0,0,0.0,55.65,55.65,1,0,0.3975283948853489,2
25.046827,67.118184,69.93,153,1,1,0,20,52,27,7,0,31,0,1,0.0,69.93,69.93,1,0,0.49953568112008,3
24.977923,67.06939,109.97,132,1,1,0,14,26,27,7,0,31,0,0,0.0,109.97,109.97,1,1,0.7855561111507964,4
24.848805,67.146006,104.05,127,1,1,0,3,6,28,7,1,31,0,1,0.0,104.05,104.05,1,1,0.74326737624116,4
25.055189,67.14503,36.49,208,1,1,0,20,44,27,7,0,31,0,1,0.0,36.49,36.49,1,0,0.2606614758197014,2
25.082608,67.147312,46.35,243,1,1,0,14,54,27,7,0,31,0,0,0.0,46.35,46.35,1,0,0.33109507821987283,2
24.955249,67.00269,64.89,194,1,1,0,9,19,28,7,1,31,0,0,0.0,64.89,64.89,1,0,0.46353310950782195,3
25.018723,67.118775,0.8,90,1,1,0,13,12,27,7,0,31,0,0,0.0,0.8,0.8,1,0,0.005714693906707622,1
24.763768,67.077192,13.53,208,1,1,0,21,44,27,7,0,31,0,1,0.0,13.53,13.53,1,0,0.09664976069719265,1
24.944604,66.903649,111.91,143,1,1,0,17,48,27,7,0,31,0,0,0.0,111.91,111.91,1,1,0.7994142438745624,4
25.096123,67.266862,106.0,190,1,1,0,6,5,28,7,1,31,0,0,0.0,106.0,106.0,1,1,0.7571969426387598,4
24.980504,66.94693,105.49,306,1,1,0,4,48,28,7,1,31,0,1,0.0,105.49,105.49,1,1,0.7535538252732337,4
24.788526,67.176803,86.31,160,1,1,0,22,19,27,7,0,31,0,1,0.0,86.31,86.31,1,0,0.6165440388599186,3
25.002235,67.295993,102.87,99,1,1,0,4,49,28,7,1,31,0,1,0.0,102.87,102.87,1,1,0.7348382027287663,4
25.054455,67.238204,65.41,39,1,1,0,7,17,28,7,1,31,0,0,0.0,65.41,65.41,1,0,0.46724766054718186,3
24.786901,67.268636,105.21,225,1,1,0,3,20,28,7,1,31,0,1,0.0,105.21,105.21,1,1,0.751553682405886,4
24.78989,67.158729,46.96,318,1,1,0,11,40,27,7,0,31,0,0,0.0,46.96,46.96,1,0,0.3354525323237374,2
24.760457,67.112092,50.89,308,1,1,0,23,27,27,7,0,31,0,1,0.0,50.89,50.89,1,0,0.3635259661404386,2
24.937709,67.229655,137.94,330,1,1,0,4,30,28,7,1,31,0,1,0.0,137.94,137.94,1,1,0.9853560968640617,4
24.77758,67.017271,17.48,321,1,1,0,12,49,27,7,0,31,0,0,0.0,17.48,17.48,1,0,0.12486606186156153,1
24.894894,67.23411,39.05,139,1,1,0,4,5,28,7,1,31,0,1,0.0,39.05,39.05,1,0,0.27894849632116575,2
25.012182,67.193725,54.76,301,1,1,0,4,15,28,7,1,31,0,1,0.0,54.76,54.76,1,0,0.39117079791413667,2
24.789317,67.139936,59.22,197,1,1,0,7,20,28,7,1,31,0,0,0.0,59.22,59.22,1,0,0.42303021644403166,2
25.014634,67.024142,129.58,34,1,1,0,6,48,28,7,1,31,0,0,0.0,129.58,129.58,1,1,0.925637545538967,4
24.918836,67.107509,106.83,92,1,1,0,20,33,27,7,0,31,0,1,0.0,106.83,106.83,1,1,0.763125937566969,4
24.98521,67.215236,47.69,81,1,1,0,2,56,28,7,1,31,0,1,0.0,47.69,47.69,1,0,0.34066719051360805,2
25.043934,67.2371,124.0,120,1,1,0,7,16,28,7,1,31,0,0,0.0,124.0,124.0,1,1,0.8857775555396813,4
25.083893,67.001584,51.55,148,1,1,0,12,53,27,7,0,31,0,0,0.0,51.55,51.55,1,0,0.36824058861347236,2
24.885978,66.916252,59.54,11,1,1,0,13,37,27,7,0,31,0,0,0.0,59.54,59.54,1,0,0.4253160940067147,2
24.865363,67.202938,28.59,31,1,1,0,2,46,28,7,1,31,0,1,0.0,28.59,28.59,1,0,0.20422887349096364,1
24.752142,67.261775,89.52,274,1,1,0,10,48,28,7,1,31,0,0,0.0,89.52,89.52,1,0,0.6394742481605828,3
24.856035,67.164317,37.97,35,1,1,0,6,54,28,7,1,31,0,0,0.0,37.97,37.97,1,0,0.2712336595471105,2
25.061702,66.900388,50.17,270,1,1,0,23,9,27,7,0,31,0,1,0.0,50.17,50.17,1,0,0.35838274162440176,2
24.973348,67.178925,56.77,195,1,1,0,11,2,28,7,1,31,0,0,0.0,56.77,56.77,1,0,0.4055289663547396,2
24.817845,67.281926,50.32,327,1,1,0,7,25,28,7,1,31,0,0,0.0,50.32,50.32,1,0,0.3594542467319094,2
24.942711,66.970114,102.59,328,1,1,0,16,47,27,7,0,31,0,0,0.0,102.59,102.59,1,1,0.7328380598614187,4
24.845119,67.073357,118.01,158,1,1,0,16,27,27,7,0,31,0,0,0.0,118.01,118.01,1,1,0.8429887849132081,4
24.893563,67.023281,70.88,35,1,1,0,7,1,28,7,1,31,0,0,0.0,70.88,70.88,1,0,0.5063218801342952,3
24.95215,67.241125,35.53,225,1,1,0,5,31,28,7,1,31,0,1,0.0,35.53,35.53,1,0,0.2538038431316523,2
24.961105,67.091011,37.28,262,1,1,0,13,57,27,7,0,31,0,0,0.0,37.28,37.28,1,0,0.26630473605257515,2
25.036948,66.933048,45.67,269,1,1,0,0,57,28,7,1,31,0,1,0.0,45.67,45.67,1,0,0.3262375883991714,2
25.033401,67.178661,59.6,50,1,1,0,18,52,27,7,0,31,0,0,0.0,59.6,59.6,1,0,0.4257446960497178,2
25.056535,67.289064,137.21,214,1,1,0,20,42,27,7,0,31,0,1,0.0,137.21,137.21,1,1,0.980141438674191,4
24.995302,67.287327,74.16,214,1,1,0,23,18,27,7,0,31,0,1,0.0,74.16,74.16,1,0,0.5297521251517965,3
25.079841,67.257688,20.08,271,1,1,0,11,51,27,7,0,31,0,0,0.0,20.08,20.08,1,0,0.14343881705836128,1
24.790165,67.272224,105.89,75,1,1,0,3,2,28,7,1,31,0,1,0.0,105.89,105.89,1,1,0.7564111722265876,4
24.984397,67.237166,121.99,58,1,1,0,0,36,28,7,1,31,0,1,0.0,121.99,121.99,1,1,0.8714193870990784,4
24.781925,66.999288,117.03,182,1,1,0,20,55,27,7,0,31,0,1,0.0,117.03,117.03,1,1,0.8359882848774912,4
25.038484,67.122452,121.0,228,1,1,0,16,19,27,7,0,31,0,0,0.0,121.0,121.0,1,1,0.8643474533895278,4
24.75503,67.225512,136.04,8,1,1,0,0,21,28,7,1,31,0,1,0.0,136.04,136.04,1,1,0.971783698835631,4
24.917192,67.104799,131.94,147,1,1,0,20,57,27,7,0,31,0,1,0.0,131.94,131.94,1,1,0.9424958925637544,4
24.886605,67.129015,138.01,250,1,1,0,7,42,28,7,1,31,0,0,0.0,138.01,138.01,1,1,0.9858561325808985,4
25.031567,67.038085,121.77,227,1,1,0,20,22,27,7,0,31,0,1,0.0,121.77,121.77,1,1,0.8698478462747338,4
25.097698,67.026369,112.77,176,1,1,0,3,19,28,7,1,31,0,1,0.0,112.77,112.77,1,1,0.805557539824273,4
25.041454,67.077526,28.6,28,1,1,0,6,55,28,7,1,31,0,0,0.0,28.6,28.6,1,0,0.2043003071647975,1
25.014256,67.061653,18.39,34,1,1,0,21,57,27,7,0,31,0,1,0.0,18.39,18.39,1,0,0.13136652618044145,1
24.86375,67.118127,139.21,74,1,1,0,1,38,28,7,1,31,0,1,0.0,139.21,139.21,1,1,0.99442817344096,4
25.02227,67.087138,46.1,156,1,1,0,19,13,27,7,0,31,0,0,0.0,46.1,46.1,1,0,0.3293092363740267,2
24.834052,67.223795,131.06,338,1,1,0,5,6,28,7,1,31,0,1,0.0,131.06,131.06,1,1,0.9362097292663761,4
25.043718,67.133915,71.29,353,1,1,0,23,39,27,7,0,31,0,1,0.0,71.29,71.29,1,0,0.509250660761483,3
24.984008,66.968124,45.46,177,1,1,0,6,15,28,7,1,31,0,0,0.0,45.46,45.46,1,0,0.3247374812486606,2
24.807018,67.128903,39.91,109,1,1,0,3,17,28,7,1,31,0,1,0.0,39.91,39.91,1,0,0.28509179227087644,2
25.094922,67.089678,53.48,19,1,1,0,21,29,27,7,0,31,0,1,0.0,53.48,53.48,1,0,0.3820272876634045,2
25.055144,67.279769,120.81,328,1,1,0,20,22,27,7,0,31,0,1,0.0,120.81,120.81,1,1,0.8629902135866847,4
24.863096,66.965836,40.36,307,1,1,0,0,48,28,7,1,31,0,1,0.0,40.36,40.36,1,0,0.2883063075933995,2
24.978493,67.291701,102.75,1,1,1,0,13,39,27,7,0,31,0,0,0.0,102.75,102.75,1,1,0.7339809986427601,4
24.885411,66.973119,128.24,110,1,1,0,8,47,28,7,1,31,0,0,0.0,128.24,128.24,1,1,0.9160654332452318,4
24.859416,67.187513,15.92,155,1,1,0,19,30,27,7,0,31,0,0,0.0,15.92,15.92,1,0,0.11372240874348168,1
25.07843,66.982344,91.92,182,1,1,0,3,19,28,7,1,31,0,1,0.0,91.92,91.92,1,0,0.6566183298807058,4
24.943143,66.956005,9.68,112,1,1,0,12,13,27,7,0,31,0,0,0.0,9.68,9.68,1,0,0.06914779627116222,1
25.077434,67.283433,127.3,128,1,1,0,17,49,27,7,0,31,0,0,0.0,127.3,127.3,1,1,0.9093506679048503,4
24.812446,66.983808,84.31,297,1,1,0,6,12,28,7,1,31,0,0,0.0,84.31,84.31,1,0,0.6022573040931495,3
25.068268,67.16932,43.04,2,1,1,0,20,15,27,7,0,31,0,1,0.0,43.04,43.04,1,0,0.30745053218087004,2
25.012121,67.134554,82.34,11,1,1,0,18,52,27,7,0,31,0,0,0.0,82.34,82.34,1,0,0.588184870347882,3
24.762478,67.056274,58.39,217,1,1,0,20,29,27,7,0,31,0,1,0.0,58.39,58.39,1,0,0.4171012215158225,2
24.773441,67.006301,77.26,110,1,1,0,23,20,27,7,0,31,0,1,0.0,77.26,77.26,1,0,0.5518965640402886,3
25.048812,66.907592,33.68,29,1,1,0,1,40,28,7,1,31,0,1,0.0,33.68,33.68,1,0,0.24058861347239086,2
24.773702,67.128626,31.55,116,1,1,0,11,22,27,7,0,31,0,0,0.0,31.55,31.55,1,0,0.22537324094578184,2
25.068615,67.127964,110.09,134,1,1,0,23,6,27,7,0,31,0,1,0.0,110.09,110.09,1,1,0.7864133152368026,4
25.057948,66.94006,117.58,168,1,1,0,22,57,27,7,0,31,0,1,0.0,117.58,117.58,1,1,0.8399171369383527,4
24.880524,67.007474,8.46,283,1,1,0,9,27,28,7,1,31,0,0,0.0,8.46,8.46,1,0,0.0604328880634331,1
24.97882,67.187308,23.58,234,1,1,0,9,5,28,7,1,31,0,0,0.0,23.58,23.58,1,0,0.16844060290020713,1
24.803617,67.194478,4.04,67,1,1,0,8,20,28,7,1,31,0,0,0.0,4.04,4.04,1,0,0.02885920422887349,1
24.990282,67.185402,70.61,175,1,1,0,3,2,28,7,1,31,0,1,0.0,70.61,70.61,1,0,0.5043931709407814,3
24.795583,67.208151,77.19,208,1,1,0,23,22,27,7,0,31,0,1,0.0,77.19,77.19,1,0,0.5513965283234517,3
25.030502,67.198797,38.98,219,1,1,0,15,36,27,7,0,31,0,0,0.0,38.98,38.98,1,0,0.2784484606043288,2
24.814707,66.929851,68.36,277,1,1,0,11,52,27,7,0,31,0,0,0.0,68.36,68.36,1,0,0.48832059432816627,3
24.87384,67.237696,13.63,312,1,1,0,11,36,27,7,0,31,0,0,0.0,13.63,13.63,1,0,0.09736409743553111,1
25.011796,66.928941,128.24,317,1,1,0,13,25,27,7,0,31,0,0,0.0,128.24,128.24,1,1,0.9160654332452318,4
25.086644,67.131496,125.84,206,1,1,0,0,0,28,7,1,31,0,1,0.0,125.84,125.84,1,1,0.8989213515251089,4
24.814061,67.000282,124.21,6,1,1,0,6,47,28,7,1,31,0,0,0.0,124.21,124.21,1,1,0.887277662690192,4
24.945674,67.281115,119.51,37,1,1,0,13,58,27,7,0,31,0,0,0.0,119.51,119.51,1,1,0.8537038359882848,4
24.766501,67.297899,90.93,82,1,1,0,7,51,28,7,1,31,0,0,0.0,90.93,90.93,1,0,0.6495463961711551,4
24.847816,67.043598,109.36,87,1,1,0,5,25,28,7,1,31,0,1,0.0,109.36,109.36,1,1,0.7811986570469319,4
24.970255,67.042844,115.84,78,1,1,0,19,21,27,7,0,31,0,0,0.0,115.84,115.84,1,1,0.8274876776912636,4
25.054407,66.950106,71.27,271,1,1,0,15,35,27,7,0,31,0,0,0.0,71.27,71.27,1,0,0.5091077934138152,3
24.886629,67.295462,61.44,269,1,1,0,21,39,27,7,0,31,0,1,0.0,61.44,61.44,1,0,0.43888849203514535,3
24.830972,67.111955,15.24,175,1,1,0,10,23,28,7,1,31,0,0,0.0,15.24,15.24,1,0,0.10886491892278019,1
24.841254,67.295029,50.4,187,1,1,0,0,49,28,7,1,31,0,1,0.0,50.4,50.4,1,0,0.36002571612258016,2
24.904877,66.965516,103.81,217,1,1,0,20,16,27,7,0,31,0,1,0.0,103.81,103.81,1,1,0.7415529680691477,4
25.099745,67.008886,139.52,200,1,1,0,7,25,28,7,1,31,0,0,0.0,139.52,139.52,1,1,0.9966426173298093,4
24.772089,66.981056,83.3,172,1,1,0,20,42,27,7,0,31,0,1,0.0,83.3,83.3,1,0,0.5950425030359311,3
24.892505,67.058349,58.51,1,1,1,0,9,15,28,7,1,31,0,0,0.0,58.51,58.51,1,0,0.41795842560182866,2
24.781988,66.931045,37.26,97,1,1,0,10,7,28,7,1,31,0,0,0.0,37.26,37.26,1,0,0.2661618687049075,2
25.093481,67.297111,78.8,308,1,1,0,21,20,27,7,0,31,0,1,0.0,78.8,78.8,1,0,0.5628973498107007,3
24.980309,67.179742,52.22,212,1,1,0,20,15,27,7,0,31,0,1,0.0,52.22,52.22,1,0,0.37302664476034,2
24.750678,67.267939,30.68,286,1,1,0,3,32,28,7,1,31,0,1,0.0,30.68,30.68,1,0,0.2191585113222373,2
24.79187,67.193897,13.16,181,1,1,0,19,58,27,7,0,31,0,0,0.0,13.16,13.16,1,0,0.09400671476534038,1
24.847632,67.03177,0.49,301,1,1,0,21,32,27,7,0,31,0,1,0.0,0.49,0.49,1,0,0.003500250017858418,1
25.031282,67.120659,77.56,313,1,1,0,8,12,28,7,1,31,0,0,0.0,77.56,77.56,1,0,0.5540395742553039,3
24.903531,67.27027,97.48,20,1,1,0,6,29,28,7,1,31,0,0,0.0,97.48,97.48,1,0,0.6963354525323238,4
24.946363,67.232465,139.15,224,1,1,0,8,26,28,7,1,31,0,0,0.0,139.15,139.15,1,1,0.993999571397957,4
25.037336,67.156237,16.45,100,1,1,0,21,32,27,7,0,31,0,1,0.0,16.45,16.45,1,0,0.11750839345667546,1
25.094766,67.116957,1.41,217,1,1,0,14,33,27,7,0,31,0,0,0.0,1.41,1.41,1,0,0.010072148010572183,1
24.902887,67.192563,109.39,347,1,1,0,18,39,27,7,0,31,0,0,0.0,109.39,109.39,1,1,0.7814129580684334,4
24.850836,67.032029,102.52,91,1,1,0,0,4,28,7,1,31,0,1,0.0,102.52,102.52,1,1,0.7323380241445817,4
24.899271,66.980703,135.14,344,1,1,0,0,37,28,7,1,31,0,1,0.0,135.14,135.14,1,1,0.9653546681905849,4
24.925993,67.268636,40.4,103,1,1,0,6,46,28,7,1,31,0,0,0.0,40.4,40.4,1,0,0.28859204228873486,2
24.915145,67.072879,51.07,185,1,1,0,4,43,28,7,1,31,0,1,0.0,51.07,51.07,1,0,0.3648117722694478,2
24.948058,66.960803,99.75,94,1,1,0,5,50,28,7,1,31,0,1,0.0,99.75,99.75,1,0,0.7125508964926066,4
25.041515,67.225477,65.15,254,1,1,0,4,55,28,7,1,31,0,1,0.0,65.15,65.15,1,0,0.46539038502750196,3
25.092236,67.062218,90.77,97,1,1,0,2,8,28,7,1,31,0,1,0.0,90.77,90.77,1,0,0.6484034573898135,4
24.934319,67.01953,50.76,21,1,1,0,18,27,27,7,0,31,0,0,0.0,50.76,50.76,1,0,0.36259732838059855,2
25.027302,67.297135,40.85,15,1,1,0,0,16,28,7,1,31,0,1,0.0,40.85,40.85,1,0,0.29180655761125796,2
25.072449,67.089666,32.64,87,1,1,0,5,31,28,7,1,31,0,1,0.0,32.64,32.64,1,0,0.23315951139367097,2
25.041086,66.924115,112.85,262,1,1,0,21,45,27,7,0,31,0,1,0.0,112.85,112.85,1,1,0.8061290092149438,4
24.894557,67.085863,71.88,291,1,1,0,2,7,28,7,1,31,0,1,0.0,71.88,71.88,1,0,0.5134652475176797,3
24.81282,66.955018,12.29,290,1,1,0,2,32,28,7,1,31,0,1,0.0,12.29,12.29,1,0,0.08779198514179583,1
24.760383,66.993912,17.46,248,1,1,0,7,40,28,7,1,31,0,0,0.0,17.46,17.46,1,0,0.12472319451389385,1
24.957417,67.160877,128.22,309,1,1,0,13,32,27,7,0,31,0,0,0.0,128.22,128.22,1,1,0.915922565897564,4
25.080637,67.067363,52.34,162,1,1,0,15,53,27,7,0,31,0,0,0.0,52.34,52.34,1,0,0.3738838488463462,2
24.844418,67.095095,99.77,208,1,1,0,4,12,28,7,1,31,0,1,0.0,99.77,99.77,1,0,0.7126937638402743,4
24.853081,67.189712,26.96,289,1,1,0,17,38,27,7,0,31,0,0,0.0,26.96,26.96,1,0,0.19258518465604685,1
24.984553,67.242268,90.79,270,1,1,0,0,58,28,7,1,31,0,1,0.0,90.79,90.79,1,0,0.6485463247374813,4
24.977714,67.07146,108.52,338,1,1,0,0,12,28,7,1,31,0,1,0.0,108.52,108.52,1,1,0.7751982284448888,4
24.893071,67.101083,137.06,359,1,1,0,8,47,28,7,1,31,0,0,0.0,137.06,137.06,1,1,0.9790699335666833,4
24.940285,67.28896,21.43,292,1,1,0,21,25,27,7,0,31,0,1,0.0,21.43,21.43,1,0,0.15308236302593042,1
24.898112,67.275862,17.95,16,1,1,0,17,3,27,7,0,31,0,0,0.0,17.95,17.95,1,0,0.12822344453175225,1
24.979876,67.19311,7.45,266,1,1,0,11,0,28,7,1,31,0,0,0.0,7.45,7.45,1,0,0.05321808700621473,1
24.758181,67.137881,79.71,64,1,1,0,10,32,28,7,1,31,0,0,0.0,79.71,79.71,1,0,0.5693978141295806,3
24.800945,67.198479,93.88,142,1,1,0,14,14,27,7,0,31,0,0,0.0,93.88,93.88,1,0,0.6706193299521394,4
24.783817,67.266992,111.38,259,1,1,0,18,1,27,7,0,31,0,0,0.0,111.38,111.38,1,1,0.7956282591613686,4
24.785608,67.28234,23.74,182,1,1,0,8,34,28,7,1,31,0,0,0.0,23.74,23.74,1,0,0.16958354168154866,1
24.942542,66.93789,119.64,52,1,1,0,6,15,28,7,1,31,0,0,0.0,119.64,119.64,1,1,0.8546324737481248,4
24.869801,66.908286,61.13,259,1,1,0,12,56,27,7,0,31,0,0,0.0,61.13,61.13,1,0,0.4366740481462962,3
24.99429,67.104399,19.45,162,1,1,0,19,47,27,7,0,31,0,0,0.0,19.45,19.45,1,0,0.13893849560682905,1
24.9474,67.190219,15.64,84,1,1,0,16,5,27,7,0,31,0,0,0.0,15.64,15.64,1,0,0.111722265876134,1
24.924689,67.205927,32.6,297,1,1,0,13,44,27,7,0,31,0,0,0.0,32.6,32.6,1,0,0.2328737766983356,2
24.877373,67.273903,6.27,67,1,1,0,3,50,28,7,1,31,0,1,0.0,6.27,6.27,1,0,0.044788913493820984,1
24.986293,67.093247,128.45,23,1,1,0,6,48,28,7,1,31,0,0,0.0,128.45,128.45,1,1,0.9175655403957425,4
24.921359,67.214142,121.97,56,1,1,0,13,13,27,7,0,31,0,0,0.0,121.97,121.97,1,1,0.8712765197514107,4
24.912177,66.9394,16.29,185,1,1,0,7,52,28,7,1,31,0,0,0.0,16.29,16.29,1,0,0.11636545467533393,1
24.824902,67.005826,0.62,108,1,1,0,10,26,28,7,1,31,0,0,0.0,0.62,0.62,1,0,0.004428887777698407,1
25.094154,66.918163,10.53,333,1,1,0,14,22,27,7,0,31,0,0,0.0,10.53,10.53,1,0,0.07521965854703906,1
25.07858,66.959354,104.09,7,1,1,0,22,16,27,7,0,31,0,1,0.0,104.09,104.09,1,1,0.7435531109364955,4
25.094146,67.268652,14.5,357,1,1,0,2,55,28,7,1,31,0,1,0.0,14.5,14.5,1,0,0.10357882705907565,1
24.828785,67.061586,70.32,237,1,1,0,0,55,28,7,1,31,0,1,0.0,70.32,70.32,1,0,0.5023215943995999,3
24.782631,66.938626,9.4,190,1,1,0,6,36,28,7,1,31,0,0,0.0,9.4,9.4,1,0,0.06714765340381455,1
24.875264,67.139766,133.88,69,1,1,0,20,53,27,7,0,31,0,1,0.0,133.88,133.88,1,1,0.9563540252875204,4
24.788519,67.04543,59.79,179,1,1,0,20,7,27,7,0,31,0,1,0.0,59.79,59.79,1,0,0.42710193585256084,2
24.91149,67.216766,106.07,160,1,1,0,4,30,28,7,1,31,0,1,0.0,106.07,106.07,1,1,0.7576969783555967,4
25.061528,67.24893,41.17,43,1,1,0,14,2,27,7,0,31,0,0,0.0,41.17,41.17,1,0,0.294092435173941,2
24.826811,67.001456,122.89,239,1,1,0,19,17,27,7,0,31,0,0,0.0,122.89,122.89,1,1,0.8778484177441245,4
24.85273,66.916752,34.17,240,1,1,0,5,36,28,7,1,31,0,1,0.0,34.17,34.17,1,0,0.2440888634902493,2
25.045214,66.93862,124.41,346,1,1,0,11,22,27,7,0,31,0,0,0.0,124.41,124.41,1,1,0.888706336166869,4
24.936156,67.251034,38.5,20,1,1,0,5,39,28,7,1,31,0,1,0.0,38.5,38.5,1,0,0.2750196442603043,2
24.848656,66.998683,139.16,37,1,1,0,10,14,28,7,1,31,0,0,0.0,139.16,139.16,1,1,0.9940710050717908,4
24.904483,66.943964,86.3,325,1,1,0,14,45,27,7,0,31,0,0,0.0,86.3,86.3,1,0,0.6164726051860847,3
24.997655,67.1335,100.89,305,1,1,0,13,0,27,7,0,31,0,0,0.0,100.89,100.89,1,1,0.720694335309665,4
24.989998,67.112302,22.38,36,1,1,0,11,12,28,7,1,31,0,0,0.0,22.38,22.38,1,0,0.1598685620401457,1
25.016766,66.97406,16.74,110,1,1,0,17,43,27,7,0,31,0,0,0.0,16.74,16.74,1,0,0.11957996999785697,1
25.0752,66.964646,42.02,203,1,1,0,18,33,27,7,0,31,0,0,0.0,42.02,42.02,1,0,0.3001642974498179,2
24.76509,67.157944,24.69,145,1,1,0,3,43,28,7,1,31,0,1,0.0,24.69,24.69,1,0,0.17636974069576397,1
24.960779,67.256796,26.22,275,1,1,0,13,10,27,7,0,31,0,0,0.0,26.22,26.22,1,0,0.1872990927923423,1
24.963152,66.921207,37.71,72,1,1,0,2,59,28,7,1,31,0,1,0.0,37.71,37.71,1,0,0.2693763840274305,2
24.780052,67.194563,109.8,294,1,1,0,18,2,27,7,0,31,0,0,0.0,109.8,109.8,1,1,0.7843417386956211,4
25.037569,66.998346,137.24,3,1,1,0,12,14,27,7,0,31,0,0,0.0,137.24,137.24,1,1,0.9803557396956926,4
25.048219,67.063498,48.89,212,1,1,0,19,1,27,7,0,31,0,0,0.0,48.89,48.89,1,0,0.3492392313736695,2
24.850192,67.138165,118.68,242,1,1,0,3,35,28,7,1,31,0,1,0.0,118.68,118.68,1,1,0.8477748410600757,4
24.88262,67.108675,16.28,192,1,1,0,9,8,28,7,1,31,0,0,0.0,16.28,16.28,1,0,0.1162940210015001,1
25.06533,67.167997,41.66,234,1,1,0,14,7,27,7,0,31,0,0,0.0,41.66,41.66,1,0,0.2975926851917994,2
25.054131,67.253622,22.42,45,1,1,0,3,20,28,7,1,31,0,1,0.0,22.42,22.42,1,0,0.1601542967354811,1
24.909792,67.071435,98.31,255,1,1,0,11,55,27,7,0,31,0,0,0.0,98.31,98.31,1,0,0.7022644474605328,4
24.825069,67.217104,42.18,147,1,1,0,23,16,27,7,0,31,0,1,0.0,42.18,42.18,1,0,0.30130723623115935,2
24.761242,67.200453,21.82,257,1,1,0,5,30,28,7,1,31,0,1,0.0,21.82,21.82,1,0,0.1558682763054504,1
24.925449,66.955435,26.04,194,1,1,0,17,29,27,7,0,31,0,0,0.0,26.04,26.04,1,0,0.18601328666333308,1
24.970175,67.235303,32.54,106,1,1,0,9,30,28,7,1,31,0,0,0.0,32.54,32.54,1,0,0.23244517465533251,2
24.976346,66.987913,79.88,219,1,1,0,10,13,28,7,1,31,0,0,0.0,79.88,79.88,1,0,0.570612186584756,3
25.076131,67.099468,67.97,234,1,1,0,18,27,27,7,0,31,0,0,0.0,67.97,67.97,1,0,0.4855346810486463,3
24.868094,67.171159,138.75,178,1,1,0,21,6,27,7,0,31,0,1,0.0,138.75,138.75,1,1,0.9911422244446031,4
25.073836,67.222715,136.81,217,1,1,0,14,40,27,7,0,31,0,0,0.0,136.81,136.81,1,1,0.9772840917208372,4
24.868248,67.297757,24.72,197,1,1,0,6,5,28,7,1,31,0,0,0.0,24.72,24.72,1,0,0.1765840417172655,1
24.763663,67.213547,66.62,257,1,1,0,7,4,28,7,1,31,0,0,0.0,66.62,66.62,1,0,0.4758911350810772,3
24.92628,66.929068,7.19,242,1,1,0,16,22,27,7,0,31,0,0,0.0,7.19,7.19,1,0,0.05136081148653475,1
24.881562,67.246143,85.59,166,1,1,0,3,54,28,7,1,31,0,1,0.0,85.59,85.59,1,0,0.6114008143438817,3
24.810597,67.245403,1.19,84,1,1,0,21,1,27,7,0,31,0,1,0.0,1.19,1.19,1,0,0.008500607186227587,1
24.97541,67.299777,68.96,20,1,1,0,20,32,27,7,0,31,0,1,0.0,68.96,68.96,1,0,0.49260661475819695,3
24.781374,67.243612,88.5,341,1,1,0,12,24,27,7,0,31,0,0,0.0,88.5,88.5,1,0,0.6321880134295307,3
24.771092,66.919426,90.74,327,1,1,0,8,50,28,7,1,31,0,0,0.0,90.74,90.74,1,0,0.648189156368312,4
24.778203,67.082033,108.67,162,1,1,0,22,21,27,7,0,31,0,1,0.0,108.67,108.67,1,1,0.7762697335523966,4
24.990123,66.940562,65.09,207,1,1,0,10,54,28,7,1,31,0,0,0.0,65.09,65.09,1,0,0.46496178298449886,3
24.795848,66.998913,81.48,254,1,1,0,7,30,28,7,1,31,0,0,0.0,81.48,81.48,1,0,0.5820415743981713,3
25.086969,67.20362,139.25,44,1,1,0,18,3,27,7,0,31,0,0,0.0,139.25,139.25,1,1,0.9947139081362953,4
24.75169,67.106463,33.5,292,1,1,0,14,40,27,7,0,31,0,0,0.0,33.5,33.5,1,0,0.23930280734338166,2
24.796662,67.041317,24.47,26,1,1,0,19,57,27,7,0,31,0,0,0.0,24.47,24.47,1,0,0.17479819987141937,1
24.7974,67.15661,40.19,330,1,1,0,20,2,27,7,0,31,0,1,0.0,40.19,40.19,1,0,0.2870919351382241,2
24.966038,67.177778,14.5,91,1,1,0,13,34,27,7,0,31,0,0,0.0,14.5,14.5,1,0,0.10357882705907565,1
24.957529,67.280818,101.2,23,1,1,0,21,9,27,7,0,31,0,1,0.0,101.2,101.2,1,1,0.7229087791985142,4
24.832069,67.163776,38.2,306,1,1,0,11,1,28,7,1,31,0,0,0.0,38.2,38.2,1,0,0.27287663404528895,2
24.777698,67.073581,131.29,167,1,1,0,13,58,27,7,0,31,0,0,0.0,131.29,131.29,1,1,0.9378527037645545,4
24.963025,67.182059,50.6,351,1,1,0,12,27,27,7,0,31,0,0,0.0,50.6,50.6,1,0,0.3614543895992571,2
24.952706,67.177445,32.82,204,1,1,0,17,14,27,7,0,31,0,0,0.0,32.82,32.82,1,0,0.2344453175226802,2
25.051694,66.930611,114.56,258,1,1,0,20,13,27,7,0,31,0,1,0.0,114.56,114.56,1,1,0.8183441674405314,4
24.80417,67.102627,106.87,77,1,1,0,4,12,28,7,1,31,0,1,0.0,106.87,106.87,1,1,0.7634116722623044,4
24.811405,67.22917,74.9,207,1,1,0,3,44,28,7,1,31,0,1,0.0,74.9,74.9,1,0,0.5350382170155011,3
24.763277,67.288556,84.72,28,1,1,0,19,36,27,7,0,31,0,0,0.0,84.72,84.72,1,0,0.6051860847203371,3
24.952199,67.196881,108.08,167,1,1,0,13,38,27,7,0,31,0,0,0.0,108.08,108.08,1,1,0.7720551467961997,4
24.813605,67.004063,60.01,167,1,1,0,3,38,28,7,1,31,0,1,0.0,60.01,60.01,1,0,0.4286734766769055,3
24.812502,67.189791,65.51,203,1,1,0,20,57,27,7,0,31,0,1,0.0,65.51,65.51,1,0,0.4679619972855204,3
24.886129,67.280814,30.34,130,1,1,0,22,46,27,7,0,31,0,1,0.0,30.34,30.34,1,0,0.21672976641188654,2
24.993569,67.08582,30.64,285,1,1,0,2,16,28,7,1,31,0,1,0.0,30.64,30.64,1,0,0.2188727766269019,2
24.922367,67.280701,40.76,57,1,1,0,1,46,28,7,1,31,0,1,0.0,40.76,40.76,1,0,0.2911636545467533,2
24.964068,67.273181,9.62,2,1,1,0,6,7,28,7,1,31,0,0,0.0,9.62,9.62,1,0,0.06871919422815914,1
24.916539,67.028356,65.83,53,1,1,0,10,43,28,7,1,31,0,0,0.0,65.83,65.83,1,0,0.4702478748482034,3
24.860541,66.996969,47.45,35,1,1,0,7,15,28,7,1,31,0,0,0.0,47.45,47.45,1,0,0.3389527823415958,2
24.767263,67.092354,75.66,317,1,1,0,1,23,28,7,1,31,0,1,0.0,75.66,75.66,1,0,0.5404671762268732,3
24.782487,67.120714,138.87,266,1,1,0,22,56,27,7,0,31,0,1,0.0,138.87,138.87,1,1,0.9919994285306093,4
24.753081,67.167575,115.32,228,1,1,0,2,36,28,7,1,31,0,1,0.0,115.32,115.32,1,1,0.8237731266519036,4
24.866564,67.089498,6.34,233,1,1,0,5,55,28,7,1,31,0,1,0.0,6.34,6.34,1,0,0.0452889492106579,1
24.827534,67.195926,0.68,223,1,1,0,1,16,28,7,1,31,0,1,0.0,0.68,0.68,1,0,0.0048574898207014786,1
24.872681,66.914074,130.33,302,1,1,0,21,27,27,7,0,31,0,1,0.0,130.33,130.33,1,1,0.9309950710765055,4
25.022229,66.974461,132.26,73,1,1,0,16,5,27,7,0,31,0,0,0.0,132.26,132.26,1,1,0.9447817701264375,4
24.892777,67.231636,120.62,86,1,1,0,13,38,27,7,0,31,0,0,0.0,120.62,120.62,1,1,0.8616329737838416,4
25.037732,67.091303,98.53,25,1,1,0,11,26,27,7,0,31,0,0,0.0,98.53,98.53,1,0,0.7038359882848775,4
24.91603,67.063277,93.42,182,1,1,0,11,46,27,7,0,31,0,0,0.0,93.42,93.42,1,0,0.6673333809557825,4
24.946774,67.156535,23.27,273,1,1,0,16,49,27,7,0,31,0,0,0.0,23.27,23.27,1,0,0.16622615901135793,1
25.095547,67.070474,87.05,72,1,1,0,9,26,28,7,1,31,0,0,0.0,87.05,87.05,1,0,0.621830130723623,3
24.795692,67.06359,44.21,333,1,1,0,18,23,27,7,0,31,0,0,0.0,44.21,44.21,1,0,0.31580827201942996,2
25.076982,67.090565,13.52,118,1,1,0,2,44,28,7,1,31,0,1,0.0,13.52,13.52,1,0,0.0965783270233588,1
24.925452,67.271757,35.41,43,1,1,0,11,51,27,7,0,31,0,0,0.0,35.41,35.41,1,0,0.25294663904564607,2
25.04605,67.16712,13.37,243,1,1,0,21,42,27,7,0,31,0,1,0.0,13.37,13.37,1,0,0.09550682191585112,1
24.786615,67.043554,126.18,4,1,1,0,5,34,28,7,1,31,0,1,0.0,126.18,126.18,1,1,0.9013500964354597,4
24.875133,67.149698,112.54,95,1,1,0,2,40,28,7,1,31,0,1,0.0,112.54,112.54,1,1,0.8039145653260947,4
24.953414,67.067505,41.56,25,1,1,0,12,32,27,7,0,31,0,0,0.0,41.56,41.56,1,0,0.29687834845346095,2
24.972313,67.090186,100.06,114,1,1,0,10,37,28,7,1,31,0,0,0.0,100.06,100.06,1,1,0.7147653403814558,4
24.786134,67.002121,88.03,145,1,1,0,13,13,27,7,0,31,0,0,0.0,88.03,88.03,1,0,0.6288306307593399,3
24.826679,67.134805,16.32,212,1,1,0,4,30,28,7,1,31,0,1,0.0,16.32,16.32,1,0,0.11657975569683549,1
25.084484,66.945472,64.44,158,1,1,0,8,55,28,7,1,31,0,0,0.0,64.44,64.44,1,0,0.4603185941852989,3
24.780395,67.136754,41.7,195,1,1,0,11,8,28,7,1,31,0,0,0.0,41.7,41.7,1,0,0.2978784198871348,2
24.779937,66.924275,87.55,17,1,1,0,21,36,27,7,0,31,0,1,0.0,87.55,87.55,1,0,0.6254018144153153,3
24.93046,67.195217,89.8,244,1,1,0,21,44,27,7,0,31,0,1,0.0,89.8,89.8,1,0,0.6414743910279305,3
24.908424,67.006231,4.0,281,1,1,0,8,17,28,7,1,31,0,0,0.0,4.0,4.0,1,0,0.028573469533538107,1
25.038685,67.189331,36.56,284,1,1,0,2,11,28,7,1,31,0,1,0.0,36.56,36.56,1,0,0.2611615115365383,2
24.796301,67.065004,130.32,229,1,1,0,4,19,28,7,1,31,0,1,0.0,130.32,130.32,1,1,0.9309236374026715,4
24.938003,67.278792,0.7,156,1,1,0,3,42,28,7,1,31,0,1,0.0,0.7,0.7,1,0,0.005000357168369169,1
25.067763,66.970768,130.34,115,1,1,0,12,6,27,7,0,31,0,0,0.0,130.34,130.34,1,1,0.9310665047503393,4
25.083241,66.911265,20.19,285,1,1,0,18,4,27,7,0,31,0,0,0.0,20.19,20.19,1,0,0.1442245874705336,1
24.961523,67.045956,139.1,81,1,1,0,17,46,27,7,0,31,0,0,0.0,139.1,139.1,1,1,0.9936424030287877,4
25.020426,67.246724,31.91,123,1,1,0,19,11,27,7,0,31,0,0,0.0,31.91,31.91,1,0,0.22794485320380026,2
24.797093,67.03946,1.25,292,1,1,0,3,44,28,7,1,31,0,1,0.0,1.25,1.25,1,0,0.00892920922923066,1
24.855388,67.184184,35.09,236,1,1,0,13,50,27,7,0,31,0,0,0.0,35.09,35.09,1,0,0.25066076148296307,2
24.937146,67.165546,27.74,282,1,1,0,18,36,27,7,0,31,0,0,0.0,27.74,27.74,1,0,0.19815701121508678,1
25.060483,66.915735,56.01,175,1,1,0,10,57,28,7,1,31,0,0,0.0,56.01,56.01,1,0,0.40010000714336735,2
24.815848,67.096181,139.33,216,1,1,0,22,42,27,7,0,31,0,1,0.0,139.33,139.33,1,1,0.9952853775269662,4
25.095988,66.9378,124.24,103,1,1,0,2,9,28,7,1,31,0,1,0.0,124.24,124.24,1,1,0.8874919637116936,4
24.871792,67.238348,15.19,120,1,1,0,14,44,27,7,0,31,0,0,0.0,15.19,15.19,1,0,0.10850775055361096,1
24.765699,67.110691,119.51,118,1,1,0,23,7,27,7,0,31,0,1,0.0,119.51,119.51,1,1,0.8537038359882848,4
24.750323,67.124108,47.52,45,1,1,0,22,52,27,7,0,31,0,1,0.0,47.52,47.52,1,0,0.33945281805843275,2
24.802586,67.267939,88.42,226,1,1,0,20,51,27,7,0,31,0,1,0.0,88.42,88.42,1,0,0.6316165440388599,3
25.082236,67.209331,51.34,215,1,1,0,17,11,27,7,0,31,0,0,0.0,51.34,51.34,1,0,0.3667404814629616,2
25.001048,67.231643,18.7,96,1,1,0,18,9,27,7,0,31,0,0,0.0,18.7,18.7,1,0,0.13358097006929065,1
24.983242,67.26873,93.67,24,1,1,0,11,48,27,7,0,31,0,0,0.0,93.67,93.67,1,0,0.6691192228016286,4
25.074991,67.071417,54.01,165,1,1,0,6,58,28,7,1,31,0,0,0.0,54.01,54.01,1,0,0.3858132723765983,2
24.763488,67.097384,67.55,145,1,1,0,23,18,27,7,0,31,0,1,0.0,67.55,67.55,1,0,0.4825344667476248,3
24.904998,67.06548,20.36,53,1,1,0,3,6,28,7,1,31,0,1,0.0,20.36,20.36,1,0,0.14543895992570896,1
24.955926,67.110393,16.02,238,1,1,0,13,53,27,7,0,31,0,0,0.0,16.02,16.02,1,0,0.11443674548182012,1
24.986517,66.950148,35.38,309,1,1,0,12,28,27,7,0,31,0,0,0.0,35.38,35.38,1,0,0.2527323380241446,2
24.861201,67.193252,29.09,45,1,1,0,12,36,27,7,0,31,0,0,0.0,29.09,29.09,1,0,0.2078005571826559,1
24.983916,66.908941,121.3,88,1,1,0,8,29,28,7,1,31,0,0,0.0,121.3,121.3,1,1,0.8664904636045431,4
24.897707,67.262262,67.95,103,1,1,0,5,33,28,7,1,31,0,1,0.0,67.95,67.95,1,0,0.4853918137009786,3
24.866817,67.146561,118.26,116,1,1,0,23,49,27,7,0,31,0,1,0.0,118.26,118.26,1,1,0.8447746267590542,4
25.073046,67.046342,90.95,134,1,1,0,11,21,27,7,0,31,0,0,0.0,90.95,90.95,1,0,0.6496892635188227,4
24.836671,67.051708,71.1,132,1,1,0,6,34,28,7,1,31,0,0,0.0,71.1,71.1,1,0,0.5078934209586399,3
24.896176,67.051229,95.14,250,1,1,0,16,3,27,7,0,31,0,0,0.0,95.14,95.14,1,0,0.6796199728552039,4
24.929594,67.160682,17.88,183,1,1,0,0,1,28,7,1,31,0,1,0.0,17.88,17.88,1,0,0.12772340881491534,1
24.754462,66.90461,58.95,33,1,1,0,16,21,27,7,0,31,0,0,0.0,58.95,58.95,1,0,0.42110150725051787,2
24.780637,67.015129,44.11,92,1,1,0,8,17,28,7,1,31,0,0,0.0,44.11,44.11,1,0,0.3150939352810915,2
24.850807,67.070408,84.78,325,1,1,0,7,53,28,7,1,31,0,0,0.0,84.78,84.78,1,0,0.6056146867633402,3
24.916103,66.953639,56.99,57,1,1,0,7,57,28,7,1,31,0,0,0.0,56.99,56.99,1,0,0.4071005071790842,2
24.994181,67.102608,93.94,51,1,1,0,7,31,28,7,1,31,0,0,0.0,93.94,93.94,1,0,0.6710479319951425,4
25.07787,67.177143,33.58,348,1,1,0,4,51,28,7,1,31,0,1,0.0,33.58,33.58,1,0,0.2398742767340524,2
24.759192,67.041566,77.66,47,1,1,0,13,37,27,7,0,31,0,0,0.0,77.66,77.66,1,0,0.5547539109936424,3
24.842746,67.25585,64.45,127,1,1,0,2,52,28,7,1,31,0,1,0.0,64.45,64.45,1,0,0.4603900278591328,3
24.981964,67.029287,52.28,214,1,1,0,12,47,27,7,0,31,0,0,0.0,52.28,52.28,1,0,0.3734552468033431,2
24.968616,67.028351,81.64,84,1,1,0,4,33,28,7,1,31,0,1,0.0,81.64,81.64,1,0,0.5831845131795128,3
24.923415,67.119056,43.26,35,1,1,0,18,41,27,7,0,31,0,0,0.0,43.26,43.26,1,0,0.3090220730052146,2
24.812033,66.949661,117.39,200,1,1,0,5,13,28,7,1,31,0,1,0.0,117.39,117.39,1,1,0.8385598971355096,4
24.830788,67.276961,17.11,15,1,1,0,7,43,28,7,1,31,0,0,0.0,17.11,17.11,1,0,0.12222301592970926,1
24.996813,67.007556,137.63,30,1,1,0,10,24,28,7,1,31,0,0,0.0,137.63,137.63,1,1,0.9831416529752124,4
24.933776,67.021364,63.76,112,1,1,0,0,33,28,7,1,31,0,1,0.0,63.76,63.76,1,0,0.4554611043645974,3
24.803988,67.023817,29.1,229,1,1,0,15,2,27,7,0,31,0,0,0.0,29.1,29.1,1,0,0.20787199085648975,1
25.091552,67.159047,58.97,51,1,1,0,16,36,27,7,0,31,0,0,0.0,58.97,58.97,1,0,0.42124437459818553,2
24.924355,67.003865,53.56,2,1,1,0,20,8,27,7,0,31,0,1,0.0,53.56,53.56,1,0,0.38259875705407526,2
24.967096,66.948113,112.06,229,1,1,0,5,3,28,7,1,31,0,1,0.0,112.06,112.06,1,1,0.8004857489820701,4
24.903108,67.000845,68.59,221,1,1,0,18,28,27,7,0,31,0,0,0.0,68.59,68.59,1,0,0.48996356882634473,3
24.759622,67.176104,132.37,56,1,1,0,12,56,27,7,0,31,0,0,0.0,132.37,132.37,1,1,0.9455675405386099,4
24.924286,67.248942,106.63,27,1,1,0,10,25,28,7,1,31,0,0,0.0,106.63,106.63,1,1,0.761697264090292,4
24.88323,66.902763,25.43,276,1,1,0,11,19,28,7,1,31,0,0,0.0,25.43,25.43,1,0,0.18165583255946852,1
24.837137,67.20849,17.07,226,1,1,0,2,21,28,7,1,31,0,1,0.0,17.07,17.07,1,0,0.12193728123437388,1
24.871323,66.996968,15.35,356,1,1,0,22,8,27,7,0,31,0,1,0.0,15.35,15.35,1,0,0.10965068933495249,1
24.936622,67.150773,136.03,107,1,1,0,12,25,27,7,0,31,0,0,0.0,136.03,136.03,1,1,0.9717122651617972,4
24.87579,67.160208,28.41,123,1,1,0,12,54,27,7,0,31,0,0,0.0,28.41,28.41,1,0,0.20294306736195442,1
24.817391,67.228926,80.04,119,1,1,0,9,42,28,7,1,31,0,0,0.0,80.04,80.04,1,0,0.5717551253660976,3
24.827568,66.95776,33.48,173,1,1,0,13,30,27,7,0,31,0,0,0.0,33.48,33.48,1,0,0.23915993999571394,2
24.820888,67.101386,84.84,182,1,1,0,3,52,28,7,1,31,0,1,0.0,84.84,84.84,1,0,0.6060432888063433,3
24.883093,66.988241,92.12,286,1,1,0,23,0,27,7,0,31,0,1,0.0,92.12,92.12,1,0,0.6580470033573826,4
25.096824,67.220856,128.57,130,1,1,0,5,20,28,7,1,31,0,1,0.0,128.57,128.57,1,1,0.9184227444817485,4
24.803438,66.933439,89.68,40,1,1,0,16,44,27,7,0,31,0,0,0.0,89.68,89.68,1,0,0.6406171869419244,3
24.777624,67.140981,112.16,92,1,1,0,15,29,27,7,0,31,0,0,0.0,112.16,112.16,1,1,0.8012000857204086,4
24.936117,67.219436,136.39,44,1,1,0,14,27,27,7,0,31,0,0,0.0,136.39,136.39,1,1,0.9742838774198156,4
24.760959,66.959847,8.15,46,1,1,0,10,46,28,7,1,31,0,0,0.0,8.15,8.15,1,0,0.0582184441745839,1
24.916532,67.299764,13.46,334,1,1,0,7,33,28,7,1,31,0,0,0.0,13.46,13.46,1,0,0.09614972498035573,1
24.804716,66.954708,121.46,326,1,1,0,16,0,27,7,0,31,0,0,0.0,121.46,121.46,1,1,0.8676334023858846,4
24.880332,67.189019,98.42,65,1,1,0,19,55,27,7,0,31,0,0,0.0,98.42,98.42,1,0,0.7030502178727052,4
25.089742,67.083368,123.29,160,1,1,0,20,38,27,7,0,31,0,1,0.0,123.29,123.29,1,1,0.8807057646974784,4
24.916655,67.016014,103.83,341,1,1,0,7,42,28,7,1,31,0,0,0.0,103.83,103.83,1,1,0.7416958354168154,4
24.846273,67.165248,53.02,325,1,1,0,6,2,28,7,1,31,0,0,0.0,53.02,53.02,1,0,0.3787413386670476,2
24.873001,67.124983,67.41,357,1,1,0,9,12,28,7,1,31,0,0,0.0,67.41,67.41,1,0,0.4815343953139509,3
24.844591,67.218703,36.61,222,1,1,0,6,50,28,7,1,31,0,0,0.0,36.61,36.61,1,0,0.26151867990570754,2
25.046781,67.037554,0.01,240,1,1,0,15,52,27,7,0,31,0,0,0.0,0.01,0.01,1,0,7.143367383384527e-05,1
25.067409,67.213108,121.18,132,1,1,0,15,12,27,7,0,31,0,0,0.0,121.18,121.18,1,1,0.865633259518537,4
24.813849,66.933003,101.96,349,1,1,0,12,32,27,7,0,31,0,0,0.0,101.96,101.96,1,1,0.7283377384098864,4
24.784774,67.174272,133.08,278,1,1,0,11,52,27,7,0,31,0,0,0.0,133.08,133.08,1,1,0.9506393313808129,4
25.040911,67.110787,98.62,75,1,1,0,4,45,28,7,1,31,0,1,0.0,98.62,98.62,1,0,0.7044788913493821,4
25.061149,67.118231,86.54,328,1,1,0,0,21,28,7,1,31,0,1,0.0,86.54,86.54,1,0,0.618187013358097,3
24.983442,67.0005,89.64,182,1,1,0,8,19,28,7,1,31,0,0,0.0,89.64,89.64,1,0,0.640331452246589,3
24.920278,67.067382,85.85,188,1,1,0,0,52,28,7,1,31,0,1,0.0,85.85,85.85,1,0,0.6132580898635616,3
25.067714,67.287619,53.57,152,1,1,0,20,34,27,7,0,31,0,1,0.0,53.57,53.57,1,0,0.3826701907279091,2
24.965223,67.274495,4.51,8,1,1,0,2,35,28,7,1,31,0,1,0.0,4.51,4.51,1,0,0.03221658689906422,1
24.993785,67.042192,69.74,291,1,1,0,21,3,27,7,0,31,0,1,0.0,69.74,69.74,1,0,0.4981784413172369,3
24.919382,67.166106,83.34,216,1,1,0,15,0,27,7,0,31,0,0,0.0,83.34,83.34,1,0,0.5953282377312665,3
25.050773,67.200233,102.23,143,1,1,0,18,25,27,7,0,31,0,0,0.0,102.23,102.23,1,1,0.7302664476034002,4
24.924576,67.131688,53.55,181,1,1,0,22,20,27,7,0,31,0,1,0.0,53.55,53.55,1,0,0.3825273233802414,2
25.031233,67.289116,86.25,223,1,1,0,17,7,27,7,0,31,0,0,0.0,86.25,86.25,1,0,0.6161154368169155,3
24.949343,66.942395,114.93,229,1,1,0,9,11,28,7,1,31,0,0,0.0,114.93,114.93,1,1,0.8209872133723838,4
24.810145,67.28656,81.78,196,1,1,0,3,57,28,7,1,31,0,1,0.0,81.78,81.78,1,0,0.5841845846131867,3
24.909102,67.069382,78.81,275,1,1,0,14,32,27,7,0,31,0,0,0.0,78.81,78.81,1,0,0.5629687834845346,3
24.82121,67.287165,11.75,191,1,1,0,15,40,27,7,0,31,0,0,0.0,11.75,11.75,1,0,0.0839345667547682,1
24.83849,67.155732,13.05,183,1,1,0,10,7,28,7,1,31,0,0,0.0,13.05,13.05,1,0,0.09322094435316808,1
24.93738,67.003142,135.93,251,1,1,0,11,21,27,7,0,31,0,0,0.0,135.93,135.93,1,1,0.9709979284234588,4
24.783292,67.043605,76.61,226,1,1,0,11,13,28,7,1,31,0,0,0.0,76.61,76.61,1,0,0.5472533752410886,3
24.837726,66.98467,96.78,220,1,1,0,10,6,28,7,1,31,0,0,0.0,96.78,96.78,1,0,0.6913350953639545,4
24.806467,67.190484,62.77,240,1,1,0,22,49,27,7,0,31,0,1,0.0,62.77,62.77,1,0,0.4483891706550468,3
24.767644,67.275172,133.49,298,1,1,0,8,27,28,7,1,31,0,0,0.0,133.49,133.49,1,1,0.9535681120080006,4
24.882269,66.994621,28.84,34,1,1,0,11,34,27,7,0,31,0,0,0.0,28.84,28.84,1,0,0.20601471533680976,1
24.859238,67.029225,66.2,322,1,1,0,9,48,28,7,1,31,0,0,0.0,66.2,66.2,1,0,0.47289092078005573,3
24.883312,66.978458,60.67,189,1,1,0,13,34,27,7,0,31,0,0,0.0,60.67,60.67,1,0,0.43338809914993925,3
25.002919,67.265406,83.84,25,1,1,0,14,45,27,7,0,31,0,0,0.0,83.84,83.84,1,0,0.5988999214229588,3
24.9227,67.120042,110.24,353,1,1,0,11,7,28,7,1,31,0,0,0.0,110.24,110.24,1,1,0.7874848203443102,4
24.799764,66.901398,109.84,284,1,1,0,17,39,27,7,0,31,0,0,0.0,109.84,109.84,1,1,0.7846274733909565,4
25.085279,67.187083,112.64,296,1,1,0,7,54,28,7,1,31,0,0,0.0,112.64,112.64,1,1,0.8046289020644332,4
24.761358,67.154098,64.6,123,1,1,0,1,31,28,7,1,31,0,1,0.0,64.6,64.6,1,0,0.4614615329666404,3
25.005019,67.212384,34.86,174,1,1,0,5,5,28,7,1,31,0,1,0.0,34.86,34.86,1,0,0.2490177869847846,2
24.785173,66.988536,113.42,64,1,1,0,10,17,28,7,1,31,0,0,0.0,113.42,113.42,1,1,0.810200728623473,4
24.955815,67.224474,79.61,66,1,1,0,4,28,28,7,1,31,0,1,0.0,79.61,79.61,1,0,0.5686834773912421,3
24.893691,66.995334,89.64,335,1,1,0,12,7,27,7,0,31,0,0,0.0,89.64,89.64,1,0,0.640331452246589,3
24.817382,66.915573,86.81,159,1,1,0,12,11,27,7,0,31,0,0,0.0,86.81,86.81,1,0,0.6201157225516108,3
25.08299,67.176717,119.12,117,1,1,0,15,36,27,7,0,31,0,0,0.0,119.12,119.12,1,1,0.8509179227087649,4
25.09472,66.970379,80.38,353,1,1,0,1,21,28,7,1,31,0,1,0.0,80.38,80.38,1,0,0.5741838702764482,3
25.084325,67.166129,1.33,21,1,1,0,7,49,28,7,1,31,0,0,0.0,1.33,1.33,1,0,0.009500678619901422,1
24.99371,66.953264,52.15,282,1,1,0,9,36,28,7,1,31,0,0,0.0,52.15,52.15,1,0,0.3725266090435031,2
24.788577,67.163429,58.87,139,1,1,0,3,17,28,7,1,31,0,1,0.0,58.87,58.87,1,0,0.4205300378598471,2
25.007983,67.104168,123.87,69,1,1,0,11,31,27,7,0,31,0,0,0.0,123.87,123.87,1,1,0.8848489177798414,4
24.845855,67.250726,89.41,88,1,1,0,10,52,28,7,1,31,0,0,0.0,89.41,89.41,1,0,0.6386884777484105,3
24.750769,67.042056,13.64,324,1,1,0,0,43,28,7,1,31,0,1,0.0,13.64,13.64,1,0,0.09743553110936495,1
24.986538,67.274352,6.02,273,1,1,0,2,20,28,7,1,31,0,1,0.0,6.02,6.02,1,0,0.04300307164797485,1
25.077118,67.011571,45.12,230,1,1,0,2,28,28,7,1,31,0,1,0.0,45.12,45.12,1,0,0.32230873633830986,2
24.807668,66.94481,134.16,75,1,1,0,17,16,27,7,0,31,0,0,0.0,134.16,134.16,1,1,0.9583541681548681,4
25.008333,66.956461,43.99,184,1,1,0,16,32,27,7,0,31,0,0,0.0,43.99,43.99,1,0,0.3142367311950854,2
24.788813,67.119821,22.52,29,1,1,0,3,21,28,7,1,31,0,1,0.0,22.52,22.52,1,0,0.16086863347381955,1
24.894734,66.982548,22.61,153,1,1,0,2,48,28,7,1,31,0,1,0.0,22.61,22.61,1,0,0.16151153653832415,1
24.844206,67.28539,32.72,345,1,1,0,7,39,28,7,1,31,0,0,0.0,32.72,32.72,1,0,0.2337309807843417,2
25.079343,67.298969,136.24,94,1,1,0,13,55,27,7,0,31,0,0,0.0,136.24,136.24,1,1,0.9732123723123081,4
24.979792,67.183374,117.56,288,1,1,0,10,29,28,7,1,31,0,0,0.0,117.56,117.56,1,1,0.839774269590685,4
24.886855,66.93201,9.56,342,1,1,0,2,4,28,7,1,31,0,1,0.0,9.56,9.56,1,0,0.06829059218515608,1
24.785978,67.212046,29.41,208,1,1,0,12,45,27,7,0,31,0,0,0.0,29.41,29.41,1,0,0.21008643474533895,1
24.920107,67.243825,120.12,96,1,1,0,16,35,27,7,0,31,0,0,0.0,120.12,120.12,1,1,0.8580612900921494,4
24.820992,66.981825,31.16,90,1,1,0,19,21,27,7,0,31,0,0,0.0,31.16,31.16,1,0,0.22258732766626185,2
24.946975,67.10766,11.39,170,1,1,0,21,45,27,7,0,31,0,1,0.0,11.39,11.39,1,0,0.08136295449674977,1
24.99257,67.089749,45.82,154,1,1,0,1,25,28,7,1,31,0,1,0.0,45.82,45.82,1,0,0.327309093506679,2
24.772865,66.985522,7.43,273,1,1,0,0,10,28,7,1,31,0,1,0.0,7.43,7.43,1,0,0.053075219658547036,1
25.079931,67.082558,98.34,2,1,1,0,3,28,28,7,1,31,0,1,0.0,98.34,98.34,1,0,0.7024787484820344,4
25.035846,67.253852,12.84,13,1,1,0,20,14,27,7,0,31,0,1,0.0,12.84,12.84,1,0,0.09172083720265732,1
24.829133,67.058144,21.79,153,1,1,0,22,4,27,7,0,31,0,1,0.0,21.79,21.79,1,0,0.15565397528394884,1
24.848962,67.093886,71.11,12,1,1,0,21,24,27,7,0,31,0,1,0.0,71.11,71.11,1,0,0.5079648546324738,3
24.778023,66.966764,131.66,52,1,1,0,7,52,28,7,1,31,0,0,0.0,131.66,131.66,1,1,0.9404957496964068,4
25.005343,66.974264,16.28,302,1,1,0,12,32,27,7,0,31,0,0,0.0,16.28,16.28,1,0,0.1162940210015001,1
24.871027,67.254354,54.85,39,1,1,0,0,1,28,7,1,31,0,1,0.0,54.85,54.85,1,0,0.3918137009786413,2
25.049649,66.94986,40.27,215,1,1,0,2,4,28,7,1,31,0,1,0.0,40.27,40.27,1,0,0.28766340452889494,2
24.876438,67.015309,72.76,20,1,1,0,8,21,28,7,1,31,0,0,0.0,72.76,72.76,1,0,0.5197514108150583,3
24.781201,67.270144,13.9,182,1,1,0,16,6,27,7,0,31,0,0,0.0,13.9,13.9,1,0,0.09929280662904492,1
24.821923,67.174296,35.38,4,1,1,0,0,23,28,7,1,31,0,1,0.0,35.38,35.38,1,0,0.2527323380241446,2
25.054951,67.109911,41.77,342,1,1,0,1,54,28,7,1,31,0,1,0.0,41.77,41.77,1,0,0.2983784556039717,2
24.774445,67.199443,34.28,349,1,1,0,20,33,27,7,0,31,0,1,0.0,34.28,34.28,1,0,0.2448746339024216,2
24.829748,67.141487,80.19,314,1,1,0,23,5,27,7,0,31,0,1,0.0,80.19,80.19,1,0,0.5728266304736052,3
25.059261,67.270899,5.47,138,1,1,0,9,28,28,7,1,31,0,0,0.0,5.47,5.47,1,0,0.03907421958711336,1
25.036473,66.950149,48.0,272,1,1,0,19,57,27,7,0,31,0,0,0.0,48.0,48.0,1,0,0.3428816344024573,2
24.85848,66.978908,67.27,103,1,1,0,10,0,28,7,1,31,0,0,0.0,67.27,67.27,1,0,0.4805343238802771,3
25.071714,66.947976,128.52,221,1,1,0,17,23,27,7,0,31,0,0,0.0,128.52,128.52,1,1,0.9180655761125794,4
24.829579,67.213198,11.25,173,1,1,0,3,4,28,7,1,31,0,1,0.0,11.25,11.25,1,0,0.08036288306307593,1
24.841221,66.987516,86.44,109,1,1,0,17,35,27,7,0,31,0,0,0.0,86.44,86.44,1,0,0.6174726766197585,3
24.810318,67.025743,90.1,54,1,1,0,11,32,27,7,0,31,0,0,0.0,90.1,90.1,1,0,0.6436174012429459,4
25.073636,67.122818,22.57,321,1,1,0,15,7,27,7,0,31,0,0,0.0,22.57,22.57,1,0,0.16122580184298876,1
24.925176,66.951321,31.43,244,1,1,0,3,23,28,7,1,31,0,1,0.0,31.43,31.43,1,0,0.22451603685977567,2
24.793798,66.967561,60.78,238,1,1,0,19,11,27,7,0,31,0,0,0.0,60.78,60.78,1,0,0.43417386956211157,3
24.943654,66.902338,2.06,292,1,1,0,21,56,27,7,0,31,0,1,0.0,2.06,2.06,1,0,0.014715336809772127,1
24.786662,67.022919,39.56,53,1,1,0,1,52,28,7,1,31,0,1,0.0,39.56,39.56,1,0,0.2825916136866919,2
25.038709,66.944393,66.85,17,1,1,0,22,24,27,7,0,31,0,1,0.0,66.85,66.85,1,0,0.4775341095792556,3
24.852321,67.22949,134.39,254,1,1,0,9,11,28,7,1,31,0,0,0.0,134.39,134.39,1,1,0.9599971426530465,4
24.868451,67.229081,19.85,307,1,1,0,4,34,28,7,1,31,0,1,0.0,19.85,19.85,1,0,0.14179584256018288,1
25.020477,67.248471,48.93,341,1,1,0,4,39,28,7,1,31,0,1,0.0,48.93,48.93,1,0,0.3495249660690049,2
25.083356,66.989072,24.06,5,1,1,0,13,4,27,7,0,31,0,0,0.0,24.06,24.06,1,0,0.1718694192442317,1
24.756412,67.045373,12.79,41,1,1,0,10,10,28,7,1,31,0,0,0.0,12.79,12.79,1,0,0.0913636688334881,1
25.02191,67.091818,77.24,329,1,1,0,5,6,28,7,1,31,0,1,0.0,77.24,77.24,1,0,0.5517536966926209,3
25.066408,67.048067,80.86,184,1,1,0,16,45,27,7,0,31,0,0,0.0,80.86,80.86,1,0,0.5776126866204728,3
24.887087,67.212708,46.64,264,1,1,0,13,40,27,7,0,31,0,0,0.0,46.64,46.64,1,0,0.33316665476105434,2
25.002252,66.933086,119.58,256,1,1,0,23,30,27,7,0,31,0,1,0.0,119.58,119.58,1,1,0.8542038717051217,4
25.026658,67.110007,29.33,197,1,1,0,18,47,27,7,0,31,0,0,0.0,29.33,29.33,1,0,0.20951496535466815,1
24.881186,67.02276,120.74,201,1,1,0,6,12,28,7,1,31,0,0,0.0,120.74,120.74,1,1,0.8624901778698477,4
24.832951,67.156084,66.85,40,1,1,0,6,11,28,7,1,31,0,0,0.0,66.85,66.85,1,0,0.4775341095792556,3
25.055016,67.287246,98.46,38,1,1,0,15,53,27,7,0,31,0,0,0.0,98.46,98.46,1,0,0.7033359525680405,4
24.775205,67.057914,85.46,322,1,1,0,2,9,28,7,1,31,0,1,0.0,85.46,85.46,1,0,0.6104721765840416,3
24.919588,67.147644,105.06,51,1,1,0,16,5,27,7,0,31,0,0,0.0,105.06,105.06,1,1,0.7504821772983784,4
24.844051,67.06569,68.52,231,1,1,0,8,36,28,7,1,31,0,0,0.0,68.52,68.52,1,0,0.48946353310950774,3
24.789382,66.959857,82.26,290,1,1,0,13,56,27,7,0,31,0,0,0.0,82.26,82.26,1,0,0.5876134009572113,3
24.912969,66.903684,105.57,194,1,1,0,2,12,28,7,1,31,0,1,0.0,105.57,105.57,1,1,0.7541252946639044,4
24.860025,66.93214,82.82,280,1,1,0,7,38,28,7,1,31,0,0,0.0,82.82,82.82,1,0,0.5916136866919065,3
24.957908,67.215224,40.25,310,1,1,0,11,29,27,7,0,31,0,0,0.0,40.25,40.25,1,0,0.2875205371812272,2
24.819067,66.941761,34.54,209,1,1,0,4,18,28,7,1,31,0,1,0.0,34.54,34.54,1,0,0.24673190942210155,2
24.933632,66.929707,126.39,194,1,1,0,11,14,28,7,1,31,0,0,0.0,126.39,126.39,1,1,0.9028502035859703,4
24.818069,67.256927,83.42,45,1,1,0,2,53,28,7,1,31,0,1,0.0,83.42,83.42,1,0,0.5958997071219373,3
24.814654,67.098817,107.16,342,1,1,0,17,46,27,7,0,31,0,0,0.0,107.16,107.16,1,1,0.7654832488034858,4
25.026016,66.931876,84.73,326,1,1,0,17,10,27,7,0,31,0,0,0.0,84.73,84.73,1,0,0.605257518394171,3
24.989534,67.062541,126.12,142,1,1,0,23,19,27,7,0,31,0,1,0.0,126.12,126.12,1,1,0.9009214943924566,4
25.068564,67.176727,129.41,88,1,1,0,6,40,28,7,1,31,0,0,0.0,129.41,129.41,1,1,0.9244231730837916,4
24.832385,67.002134,2.38,186,1,1,0,16,27,27,7,0,31,0,0,0.0,2.38,2.38,1,0,0.017001214372455175,1
24.797972,67.027609,137.41,285,1,1,0,13,19,27,7,0,31,0,0,0.0,137.41,137.41,1,1,0.9815701121508679,4
24.843711,67.218962,22.55,160,1,1,0,10,45,28,7,1,31,0,0,0.0,22.55,22.55,1,0,0.1610829344953211,1
24.97387,67.010418,52.5,189,1,1,0,19,24,27,7,0,31,0,0,0.0,52.5,52.5,1,0,0.37502678762768765,2
25.089015,67.292788,84.27,309,1,1,0,5,41,28,7,1,31,0,1,0.0,84.27,84.27,1,0,0.601971569397814,3
25.078664,67.006627,21.0,127,1,1,0,11,51,27,7,0,31,0,0,0.0,21.0,21.0,1,0,0.15001071505107508,1
24.887281,67.021409,47.22,281,1,1,0,1,14,28,7,1,31,0,1,0.0,47.22,47.22,1,0,0.33730980784341735,2
24.997629,67.027085,44.78,14,1,1,0,5,9,28,7,1,31,0,1,0.0,44.78,44.78,1,0,0.31987999142795914,2
24.775501,66.959526,43.66,312,1,1,0,19,47,27,7,0,31,0,0,0.0,43.66,43.66,1,0,0.31187941995856844,2
24.89694,67.013987,138.21,228,1,1,0,0,9,28,7,1,31,0,1,0.0,138.21,138.21,1,1,0.9872848060575755,4
24.783995,67.146856,8.86,128,1,1,0,7,10,28,7,1,31,0,0,0.0,8.86,8.86,1,0,0.0632902350167869,1
24.995754,67.145556,132.25,299,1,1,0,3,30,28,7,1,31,0,1,0.0,132.25,132.25,1,1,0.9447103364526037,4
24.997572,67.221863,49.03,272,1,1,0,13,23,27,7,0,31,0,0,0.0,49.03,49.03,1,0,0.3502393028073434,2
24.840777,67.004703,21.46,64,1,1,0,5,22,28,7,1,31,0,1,0.0,21.46,21.46,1,0,0.15329666404743195,1
24.884988,67.11518,5.14,107,1,1,0,19,33,27,7,0,31,0,0,0.0,5.14,5.14,1,0,0.03671690835059647,1
24.775991,67.165897,85.17,14,1,1,0,19,3,27,7,0,31,0,0,0.0,85.17,85.17,1,0,0.6084006000428602,3
25.028677,67.058188,121.58,293,1,1,0,13,13,27,7,0,31,0,0,0.0,121.58,121.58,1,1,0.8684906064718908,4
24.758157,67.004917,4.03,80,1,1,0,4,4,28,7,1,31,0,1,0.0,4.03,4.03,1,0,0.028787770555039647,1
24.790448,67.234533,39.06,45,1,1,0,12,37,27,7,0,31,0,0,0.0,39.06,39.06,1,0,0.27901992999499964,2
24.848937,67.173765,78.6,246,1,1,0,9,1,28,7,1,31,0,0,0.0,78.6,78.6,1,0,0.5614686763340238,3
24.774136,67.29172,67.54,320,1,1,0,13,41,27,7,0,31,0,0,0.0,67.54,67.54,1,0,0.482463033073791,3
25.085059,67.063536,82.39,110,1,1,0,12,3,27,7,0,31,0,0,0.0,82.39,82.39,1,0,0.5885420387170511,3
24.758861,66.960793,92.16,349,1,1,0,4,51,28,7,1,31,0,1,0.0,92.16,92.16,1,0,0.658332738052718,4
24.843477,67.245427,3.92,199,1,1,0,14,49,27,7,0,31,0,0,0.0,3.92,3.92,1,0,0.028002000142867346,1
24.843749,67.068331,55.31,34,1,1,0,6,25,28,7,1,31,0,0,0.0,55.31,55.31,1,0,0.3950996499749982,2
25.018286,67.160696,10.64,106,1,1,0,9,11,28,7,1,31,0,0,0.0,10.64,10.64,1,0,0.07600542895921138,1
24.916811,67.10093,50.3,309,1,1,0,18,17,27,7,0,31,0,0,0.0,50.3,50.3,1,0,0.3593113793842417,2
24.827988,67.116816,54.3,189,1,1,0,9,36,28,7,1,31,0,0,0.0,54.3,54.3,1,0,0.3878848489177798,2
25.087324,67.221144,31.5,131,1,1,0,14,50,27,7,0,31,0,0,0.0,31.5,31.5,1,0,0.2250160725766126,2
25.056044,67.274885,107.38,227,1,1,0,17,59,27,7,0,31,0,0,0.0,107.38,107.38,1,1,0.7670547896278305,4
24.763096,67.199974,8.67,226,1,1,0,21,43,27,7,0,31,0,1,0.0,8.67,8.67,1,0,0.061932995213943846,1
24.943025,67.272537,64.45,215,1,1,0,2,31,28,7,1,31,0,1,0.0,64.45,64.45,1,0,0.4603900278591328,3
25.017961,67.056931,126.29,273,1,1,0,7,0,28,7,1,31,0,0,0.0,126.29,126.29,1,1,0.9021358668476319,4
25.014834,67.018969,42.12,82,1,1,0,19,22,27,7,0,31,0,0,0.0,42.12,42.12,1,0,0.30087863418815625,2
24.885456,67.242578,75.8,148,1,1,0,5,26,28,7,1,31,0,1,0.0,75.8,75.8,1,0,0.5414672476605471,3
24.899154,67.282053,104.57,272,1,1,0,0,4,28,7,1,31,0,1,0.0,104.57,104.57,1,1,0.7469819272805199,4
24.860004,66.915657,0.75,294,1,1,0,3,50,28,7,1,31,0,1,0.0,0.75,0.75,1,0,0.005357525537538395,1
24.770676,66.962434,106.85,227,1,1,0,23,42,27,7,0,31,0,1,0.0,106.85,106.85,1,1,0.7632688049146367,4
24.917243,66.9035,21.58,12,1,1,0,17,13,27,7,0,31,0,0,0.0,21.58,21.58,1,0,0.1541538681334381,1
24.982746,67.159971,109.41,330,1,1,0,6,23,28,7,1,31,0,0,0.0,109.41,109.41,1,1,0.781555825416101,4
25.037538,66.986466,131.04,154,1,1,0,13,29,27,7,0,31,0,0,0.0,131.04,131.04,1,1,0.9360668619187084,4
24.937506,67.070227,59.27,341,1,1,0,20,17,27,7,0,31,0,1,0.0,59.27,59.27,1,0,0.42338738481320093,2
24.845852,66.976871,16.86,74,1,1,0,19,49,27,7,0,31,0,0,0.0,16.86,16.86,1,0,0.12043717408386312,1
25.084889,67.083412,12.6,127,1,1,0,11,1,28,7,1,31,0,0,0.0,12.6,12.6,1,0,0.09000642903064504,1
25.031169,67.158659,115.82,99,1,1,0,1,31,28,7,1,31,0,1,0.0,115.82,115.82,1,1,0.8273448103435959,4
25.000965,67.272994,52.5,235,1,1,0,15,47,27,7,0,31,0,0,0.0,52.5,52.5,1,0,0.37502678762768765,2
25.086329,66.926236,72.46,81,1,1,0,20,42,27,7,0,31,0,1,0.0,72.46,72.46,1,0,0.5176084006000428,3
24.760371,67.243046,139.34,205,1,1,0,7,58,28,7,1,31,0,0,0.0,139.34,139.34,1,1,0.9953568112008,4
25.003125,67.120631,69.39,152,1,1,0,14,43,27,7,0,31,0,0,0.0,69.39,69.39,1,0,0.4956782627330523,3
24.981484,66.931706,108.36,173,1,1,0,13,48,27,7,0,31,0,0,0.0,108.36,108.36,1,1,0.7740552896635473,4
24.842381,67.120104,91.42,312,1,1,0,20,49,27,7,0,31,0,1,0.0,91.42,91.42,1,0,0.6530466461890134,4
24.901392,67.298043,7.26,140,1,1,0,6,55,28,7,1,31,0,0,0.0,7.26,7.26,1,0,0.05186084720337166,1
24.862832,67.037845,28.09,168,1,1,0,13,31,27,7,0,31,0,0,0.0,28.09,28.09,1,0,0.20065718979927136,1
24.88041,67.042827,103.39,259,1,1,0,5,53,28,7,1,31,0,1,0.0,103.39,103.39,1,1,0.7385527537681262,4
25.050142,66.956325,6.73,151,1,1,0,0,47,28,7,1,31,0,1,0.0,6.73,6.73,1,0,0.048074862490177867,1
24.939258,67.059002,68.13,42,1,1,0,17,39,27,7,0,31,0,0,0.0,68.13,68.13,1,0,0.4866776198299878,3
24.92752,67.041418,109.35,175,1,1,0,17,48,27,7,0,31,0,0,0.0,109.35,109.35,1,1,0.781127223373098,4
24.792998,67.144284,138.72,91,1,1,0,14,31,27,7,0,31,0,0,0.0,138.72,138.72,1,1,0.9909279234231015,4
24.840372,67.124039,63.47,160,1,1,0,18,3,27,7,0,31,0,0,0.0,63.47,63.47,1,0,0.4533895278234159,3
24.753469,67.285941,72.07,60,1,1,0,10,12,28,7,1,31,0,0,0.0,72.07,72.07,1,0,0.5148224873205228,3
24.810347,67.274517,58.08,77,1,1,0,4,44,28,7,1,31,0,1,0.0,58.08,58.08,1,0,0.4148867776269733,2
24.833774,66.941468,17.87,337,1,1,0,12,10,27,7,0,31,0,0,0.0,17.87,17.87,1,0,0.1276519751410815,1
24.919519,67.032976,121.14,278,1,1,0,21,37,27,7,0,31,0,1,0.0,121.14,121.14,1,1,0.8653475248232017,4
24.919898,67.229133,36.21,306,1,1,0,5,55,28,7,1,31,0,1,0.0,36.21,36.21,1,0,0.2586613329523537,2
24.819315,67.277699,44.84,218,1,1,0,20,38,27,7,0,31,0,1,0.0,44.84,44.84,1,0,0.3203085934709622,2
24.804394,67.28922,104.14,107,1,1,0,6,25,28,7,1,31,0,0,0.0,104.14,104.14,1,1,0.7439102793056647,4
25.086361,67.046991,42.71,208,1,1,0,17,17,27,7,0,31,0,0,0.0,42.71,42.71,1,0,0.30509322094435315,2
24.854968,67.106957,57.42,309,1,1,0,2,58,28,7,1,31,0,1,0.0,57.42,57.42,1,0,0.41017215515393957,2
24.81291,66.907589,16.84,105,1,1,0,2,25,28,7,1,31,0,1,0.0,16.84,16.84,1,0,0.12029430673619543,1
25.070768,67.09648,139.49,62,1,1,0,6,24,28,7,1,31,0,0,0.0,139.49,139.49,1,1,0.9964283163083077,4
24.924796,66.962118,76.85,298,1,1,0,6,35,28,7,1,31,0,0,0.0,76.85,76.85,1,0,0.5489677834131008,3
24.962963,67.045567,87.37,100,1,1,0,11,29,27,7,0,31,0,0,0.0,87.37,87.37,1,0,0.6241160082863062,3
24.944569,67.171514,35.9,344,1,1,0,20,4,27,7,0,31,0,1,0.0,35.9,35.9,1,0,0.2564468890635045,2
24.814156,67.155839,83.28,204,1,1,0,3,50,28,7,1,31,0,1,0.0,83.28,83.28,1,0,0.5948996356882634,3
24.799471,67.043241,59.2,226,1,1,0,7,38,28,7,1,31,0,0,0.0,59.2,59.2,1,0,0.422887349096364,2
24.992487,67.165444,37.66,170,1,1,0,12,3,27,7,0,31,0,0,0.0,37.66,37.66,1,0,0.26901921565826126,2
25.011606,66.961012,126.04,154,1,1,0,6,5,28,7,1,31,0,0,0.0,126.04,126.04,1,1,0.9003500250017858,4
24.919224,67.07423,113.15,303,1,1,0,1,34,28,7,1,31,0,1,0.0,113.15,113.15,1,1,0.8082720194299593,4
24.776772,67.175974,34.67,253,1,1,0,22,32,27,7,0,31,0,1,0.0,34.67,34.67,1,0,0.24766054718194155,2
24.862346,67.005807,17.4,91,1,1,0,19,11,27,7,0,31,0,0,0.0,17.4,17.4,1,0,0.12429459247089077,1
25.0531,66.980302,97.27,266,1,1,0,2,13,28,7,1,31,0,1,0.0,97.27,97.27,1,0,0.6948353453818129,4
24.830433,67.277278,27.18,5,1,1,0,4,25,28,7,1,31,0,1,0.0,27.18,27.18,1,0,0.19415672548039145,1
24.922389,67.080405,17.94,92,1,1,0,18,45,27,7,0,31,0,0,0.0,17.94,17.94,1,0,0.1281520108579184,1
25.081373,67.022848,73.86,300,1,1,0,14,33,27,7,0,31,0,0,0.0,73.86,73.86,1,0,0.5276091149367812,3
24.929378,67.110172,136.61,170,1,1,0,13,3,27,7,0,31,0,0,0.0,136.61,136.61,1,1,0.9758554182441603,4
25.08098,67.002938,101.16,320,1,1,0,12,15,27,7,0,31,0,0,0.0,101.16,101.16,1,1,0.7226230445031787,4
24.948346,66.999189,135.86,131,1,1,0,4,42,28,7,1,31,0,1,0.0,135.86,135.86,1,1,0.9704978927066219,4
24.837991,66.948262,98.4,98,1,1,0,23,51,27,7,0,31,0,1,0.0,98.4,98.4,1,0,0.7029073505250375,4
24.969526,66.962731,60.0,21,1,1,0,4,32,28,7,1,31,0,1,0.0,60.0,60.0,1,0,0.42860204300307164,3
24.784785,66.916515,54.16,354,1,1,0,11,27,27,7,0,31,0,0,0.0,54.16,54.16,1,0,0.38688477748410594,2
25.017699,67.175882,52.56,21,1,1,0,22,32,27,7,0,31,0,1,0.0,52.56,52.56,1,0,0.37545538967069075,2
24.89973,67.298278,63.91,67,1,1,0,11,41,27,7,0,31,0,0,0.0,63.91,63.91,1,0,0.4565326094721051,3
24.802516,67.071417,11.52,47,1,1,0,11,45,27,7,0,31,0,0,0.0,11.52,11.52,1,0,0.08229159225658975,1
24.885591,66.938837,127.56,133,1,1,0,14,46,27,7,0,31,0,0,0.0,127.56,127.56,1,1,0.9112079434245303,4
25.044224,67.250598,71.02,92,1,1,0,0,39,28,7,1,31,0,1,0.0,71.02,71.02,1,0,0.5073219515679691,3
24.956398,66.951675,129.42,97,1,1,0,23,5,27,7,0,31,0,1,0.0,129.42,129.42,1,1,0.9244946067576254,4
24.989354,67.144444,1.42,88,1,1,0,13,27,27,7,0,31,0,0,0.0,1.42,1.42,1,0,0.010143581684406027,1
24.942311,66.952865,10.57,88,1,1,0,8,44,28,7,1,31,0,0,0.0,10.57,10.57,1,0,0.07550539324237446,1
24.961601,67.131175,49.74,121,1,1,0,17,5,27,7,0,31,0,0,0.0,49.74,49.74,1,0,0.3553110936495464,2
24.921319,67.286367,15.95,160,1,1,0,13,37,27,7,0,31,0,0,0.0,15.95,15.95,1,0,0.1139367097649832,1
24.985072,67.262752,46.28,293,1,1,0,17,21,27,7,0,31,0,0,0.0,46.28,46.28,1,0,0.3305950425030359,2
25.01401,66.918164,46.12,352,1,1,0,13,25,27,7,0,31,0,0,0.0,46.12,46.12,1,0,0.32945210372169437,2
25.002765,67.228312,62.2,198,1,1,0,23,9,27,7,0,31,0,1,0.0,62.2,62.2,1,0,0.4443174512465176,3
24.834951,67.06792,57.07,66,1,1,0,21,56,27,7,0,31,0,1,0.0,57.07,57.07,1,0,0.40767197656975496,2
25.022819,67.020878,139.24,143,1,1,0,15,56,27,7,0,31,0,0,0.0,139.24,139.24,1,1,0.9946424744624616,4
24.962484,66.977553,136.59,37,1,1,0,4,1,28,7,1,31,0,1,0.0,136.59,136.59,1,1,0.9757125508964926,4
24.979825,67.024247,135.01,68,1,1,0,23,50,27,7,0,31,0,1,0.0,135.01,135.01,1,1,0.9644260304307449,4
24.854133,66.927536,127.93,247,1,1,0,22,46,27,7,0,31,0,1,0.0,127.93,127.93,1,1,0.9138509893563825,4
25.020911,67.028347,42.07,213,1,1,0,13,19,27,7,0,31,0,0,0.0,42.07,42.07,1,0,0.30052146581898703,2
24.751755,67.108699,139.29,130,1,1,0,6,55,28,7,1,31,0,0,0.0,139.29,139.29,1,1,0.9949996428316307,4
24.846071,66.952602,121.85,181,1,1,0,7,46,28,7,1,31,0,0,0.0,121.85,121.85,1,1,0.8704193156654045,4
25.093402,67.114486,89.81,14,1,1,0,7,9,28,7,1,31,0,0,0.0,89.81,89.81,1,0,0.6415458247017644,3
24.905577,67.04063,18.81,298,1,1,0,9,51,28,7,1,31,0,0,0.0,18.81,18.81,1,0,0.13436674048146294,1
24.850315,67.000224,105.03,31,1,1,0,0,36,28,7,1,31,0,1,0.0,105.03,105.03,1,1,0.7502678762768769,4
24.91182,67.243523,132.96,147,1,1,0,12,58,27,7,0,31,0,0,0.0,132.96,132.96,1,1,0.9497821272948068,4
24.918751,66.999617,135.6,198,1,1,0,11,32,27,7,0,31,0,0,0.0,135.6,135.6,1,1,0.9686406171869418,4
24.977588,66.914708,4.05,53,1,1,0,6,46,28,7,1,31,0,0,0.0,4.05,4.05,1,0,0.028930637902707335,1
25.016721,66.960452,122.63,155,1,1,0,9,42,28,7,1,31,0,0,0.0,122.63,122.63,1,1,0.8759911422244445,4
24.865772,66.917581,89.03,207,1,1,0,19,49,27,7,0,31,0,0,0.0,89.03,89.03,1,0,0.6359739981427245,3
24.822442,67.216281,118.71,347,1,1,0,8,26,28,7,1,31,0,0,0.0,118.71,118.71,1,1,0.8479891420815772,4
24.995449,66.937638,68.21,217,1,1,0,18,28,27,7,0,31,0,0,0.0,68.21,68.21,1,0,0.4872490892206585,3
25.00187,67.257045,64.66,223,1,1,0,19,49,27,7,0,31,0,0,0.0,64.66,64.66,1,0,0.4618901350096435,3
24.823651,67.027169,107.35,291,1,1,0,10,50,28,7,1,31,0,0,0.0,107.35,107.35,1,1,0.7668404886063289,4
24.926176,66.932202,31.39,292,1,1,0,20,28,27,7,0,31,0,1,0.0,31.39,31.39,1,0,0.22423030216444031,2
25.08167,67.203353,130.48,20,1,1,0,6,39,28,7,1,31,0,0,0.0,130.48,130.48,1,1,0.932066576184013,4
24.85655,67.225701,10.1,61,1,1,0,1,21,28,7,1,31,0,1,0.0,10.1,10.1,1,0,0.07214801057218372,1
25.04414,67.170132,88.69,242,1,1,0,16,36,27,7,0,31,0,0,0.0,88.69,88.69,1,0,0.6335452532323737,3
24.980934,67.040006,40.75,145,1,1,0,1,2,28,7,1,31,0,1,0.0,40.75,40.75,1,0,0.29109222087291947,2
24.993061,66.967934,20.9,77,1,1,0,10,4,28,7,1,31,0,0,0.0,20.9,20.9,1,0,0.1492963783127366,1
24.961777,67.277361,27.22,341,1,1,0,22,12,27,7,0,31,0,1,0.0,27.22,27.22,1,0,0.1944424601757268,1
25.003475,67.176211,57.82,304,1,1,0,23,57,27,7,0,31,0,1,0.0,57.82,57.82,1,0,0.41302950210729333,2
24.765339,67.233901,47.57,51,1,1,0,19,13,27,7,0,31,0,0,0.0,47.57,47.57,1,0,0.33980998642760196,2
24.918822,67.23055,112.26,83,1,1,0,8,37,28,7,1,31,0,0,0.0,112.26,112.26,1,1,0.801914422458747,4
24.831767,67.278625,45.47,138,1,1,0,14,13,27,7,0,31,0,0,0.0,45.47,45.47,1,0,0.3248089149224944,2
25.054447,67.089886,131.42,329,1,1,0,3,19,28,7,1,31,0,1,0.0,131.42,131.42,1,1,0.9387813415243944,4
24.794176,67.083539,105.96,93,1,1,0,20,59,27,7,0,31,0,1,0.0,105.96,105.96,1,1,0.7569112079434245,4
24.848885,66.937334,33.43,340,1,1,0,4,57,28,7,1,31,0,1,0.0,33.43,33.43,1,0,0.23880277162654473,2
25.071656,67.152687,49.62,108,1,1,0,10,31,28,7,1,31,0,0,0.0,49.62,49.62,1,0,0.35445388956354024,2
25.032265,66.974872,1.1,92,1,1,0,20,18,27,7,0,31,0,1,0.0,1.1,1.1,1,0,0.00785770412172298,1
24.899167,67.153873,81.41,222,1,1,0,0,29,28,7,1,31,0,1,0.0,81.41,81.41,1,0,0.5815415386813343,3
24.917673,66.938205,129.59,46,1,1,0,3,56,28,7,1,31,0,1,0.0,129.59,129.59,1,1,0.9257089792128009,4
24.983234,66.907969,118.57,226,1,1,0,22,22,27,7,0,31,0,1,0.0,118.57,118.57,1,1,0.8469890706479033,4
24.766253,67.292236,65.75,165,1,1,0,7,35,28,7,1,31,0,0,0.0,65.75,65.75,1,0,0.46967640545753264,3
24.816422,66.974651,41.26,178,1,1,0,23,34,27,7,0,31,0,1,0.0,41.26,41.26,1,0,0.29473533823844555,2
24.867229,67.18051,136.9,256,1,1,0,19,32,27,7,0,31,0,0,0.0,136.9,136.9,1,1,0.9779269947853418,4
25.080575,67.12805,112.55,116,1,1,0,13,25,27,7,0,31,0,0,0.0,112.55,112.55,1,1,0.8039859989999285,4
25.030793,67.171357,58.24,92,1,1,0,13,5,27,7,0,31,0,0,0.0,58.24,58.24,1,0,0.4160297164083149,2
24.779427,67.035829,104.68,46,1,1,0,15,15,27,7,0,31,0,0,0.0,104.68,104.68,1,1,0.7477676976926924,4
24.945107,67.164801,138.22,182,1,1,0,18,43,27,7,0,31,0,0,0.0,138.22,138.22,1,1,0.9873562397314093,4
24.862915,67.017149,89.56,147,1,1,0,2,34,28,7,1,31,0,1,0.0,89.56,89.56,1,0,0.6397599828559183,3
25.014073,67.143532,87.52,8,1,1,0,12,44,27,7,0,31,0,0,0.0,87.52,87.52,1,0,0.6251875133938137,3
25.022808,67.13347,67.71,184,1,1,0,14,14,27,7,0,31,0,0,0.0,67.71,67.71,1,0,0.48367740552896626,3
24.922331,67.058199,108.92,222,1,1,0,9,39,28,7,1,31,0,0,0.0,108.92,108.92,1,1,0.7780555753982427,4
24.9017,67.09991,99.07,21,1,1,0,4,37,28,7,1,31,0,1,0.0,99.07,99.07,1,0,0.7076934066719051,4
24.760839,67.261339,111.83,248,1,1,0,16,42,27,7,0,31,0,0,0.0,111.83,111.83,1,1,0.7988427744838916,4
24.760039,67.072636,80.11,194,1,1,0,7,6,28,7,1,31,0,0,0.0,80.11,80.11,1,0,0.5722551610829345,3
24.879387,67.065275,123.86,245,1,1,0,5,19,28,7,1,31,0,1,0.0,123.86,123.86,1,1,0.8847774841060075,4
24.949813,67.297967,135.12,315,1,1,0,16,38,27,7,0,31,0,0,0.0,135.12,135.12,1,1,0.9652118008429174,4
24.963414,67.294336,108.55,275,1,1,0,8,26,28,7,1,31,0,0,0.0,108.55,108.55,1,1,0.7754125294663904,4
25.098485,67.078427,81.6,7,1,1,0,8,54,28,7,1,31,0,0,0.0,81.6,81.6,1,0,0.5828987784841774,3
25.016158,67.186024,19.26,239,1,1,0,7,16,28,7,1,31,0,0,0.0,19.26,19.26,1,0,0.137581255803986,1
24.756138,66.932221,127.69,204,1,1,0,22,38,27,7,0,31,0,1,0.0,127.69,127.69,1,1,0.9121365811843702,4
25.096625,67.195312,90.79,307,1,1,0,10,53,28,7,1,31,0,0,0.0,90.79,90.79,1,0,0.6485463247374813,4
24.814472,67.036205,60.24,346,1,1,0,1,7,28,7,1,31,0,1,0.0,60.24,60.24,1,0,0.43031645117508394,3
24.853338,67.233728,58.22,250,1,1,0,7,36,28,7,1,31,0,0,0.0,58.22,58.22,1,0,0.41588684906064716,2
24.940935,66.955438,84.35,105,1,1,0,7,57,28,7,1,31,0,0,0.0,84.35,84.35,1,0,0.6025430387884848,3
24.805901,67.174429,93.49,159,1,1,0,7,4,28,7,1,31,0,0,0.0,93.49,93.49,1,0,0.6678334166726194,4
24.938075,67.286605,40.02,305,1,1,0,18,48,27,7,0,31,0,0,0.0,40.02,40.02,1,0,0.2858775626830488,2
24.808421,67.093512,77.78,243,1,1,0,18,16,27,7,0,31,0,0,0.0,77.78,77.78,1,0,0.5556111150796486,3
25.094031,67.248646,113.29,225,1,1,0,12,31,27,7,0,31,0,0,0.0,113.29,113.29,1,1,0.809272090863633,4
25.055811,66.965966,45.08,305,1,1,0,11,20,28,7,1,31,0,0,0.0,45.08,45.08,1,0,0.3220230016429745,2
24.902625,67.214494,87.97,302,1,1,0,11,36,27,7,0,31,0,0,0.0,87.97,87.97,1,0,0.6284020287163369,3
24.876515,67.203609,95.22,114,1,1,0,9,38,28,7,1,31,0,0,0.0,95.22,95.22,1,0,0.6801914422458747,4
24.832729,67.075832,29.62,302,1,1,0,13,56,27,7,0,31,0,0,0.0,29.62,29.62,1,0,0.2115865418958497,1
24.810573,67.23481,38.18,146,1,1,0,8,44,28,7,1,31,0,0,0.0,38.18,38.18,1,0,0.2727337666976212,2
25.014037,67.243301,49.31,70,1,1,0,0,1,28,7,1,31,0,1,0.0,49.31,49.31,1,0,0.35223944567469107,2
24.989135,66.930778,106.86,76,1,1,0,19,38,27,7,0,31,0,0,0.0,106.86,106.86,1,1,0.7633402385884706,4
24.993799,67.28356,125.06,165,1,1,0,12,14,27,7,0,31,0,0,0.0,125.06,125.06,1,1,0.893349524966069,4
25.096116,67.255635,137.54,140,1,1,0,8,14,28,7,1,31,0,0,0.0,137.54,137.54,1,1,0.9824987499107077,4
24.882767,67.130887,77.31,180,1,1,0,13,6,27,7,0,31,0,0,0.0,77.31,77.31,1,0,0.5522537324094579,3
25.033173,67.040237,31.38,33,1,1,0,11,50,27,7,0,31,0,0,0.0,31.38,31.38,1,0,0.22415886849060646,2
24.963985,67.191266,99.26,311,1,1,0,18,34,27,7,0,31,0,0,0.0,99.26,99.26,1,0,0.7090506464747481,4
24.975557,66.909438,58.05,11,1,1,0,17,49,27,7,0,31,0,0,0.0,58.05,58.05,1,0,0.4146724766054718,2
24.977018,67.159896,120.26,223,1,1,0,12,33,27,7,0,31,0,0,0.0,120.26,120.26,1,1,0.8590613615258232,4
24.997497,67.166221,51.75,176,1,1,0,5,57,28,7,1,31,0,1,0.0,51.75,51.75,1,0,0.3696692620901493,2
24.890008,67.075895,111.91,197,1,1,0,23,0,27,7,0,31,0,1,0.0,111.91,111.91,1,1,0.7994142438745624,4
24.797821,66.914943,19.69,163,1,1,0,2,54,28,7,1,31,0,1,0.0,19.69,19.69,1,0,0.14065290377884135,1
24.794538,67.156462,135.97,188,1,1,0,9,10,28,7,1,31,0,0,0.0,135.97,135.97,1,1,0.9712836631187941,4
24.783571,67.197227,25.58,274,1,1,0,12,57,27,7,0,31,0,0,0.0,25.58,25.58,1,0,0.1827273376669762,1
24.84667,67.083263,55.63,6,1,1,0,12,40,27,7,0,31,0,0,0.0,55.63,55.63,1,0,0.39738552753768125,2
24.847926,67.01624,52.82,294,1,1,0,16,2,27,7,0,31,0,0,0.0,52.82,52.82,1,0,0.3773126651903707,2
25.004042,67.280451,9.5,216,1,1,0,17,15,27,7,0,31,0,0,0.0,9.5,9.5,1,0,0.06786199014215301,1
24.784523,67.276727,27.01,316,1,1,0,22,52,27,7,0,31,0,1,0.0,27.01,27.01,1,0,0.1929423530252161,1
24.76896,66.952864,38.78,227,1,1,0,17,44,27,7,0,31,0,0,0.0,38.78,38.78,1,0,0.27701978712765196,2
24.809217,67.14579,42.95,166,1,1,0,4,44,28,7,1,31,0,1,0.0,42.95,42.95,1,0,0.30680762911636544,2
24.812359,66.981462,130.99,24,1,1,0,21,40,27,7,0,31,0,1,0.0,130.99,130.99,1,1,0.9357096935495393,4
24.994006,67.214807,9.76,254,1,1,0,3,51,28,7,1,31,0,1,0.0,9.76,9.76,1,0,0.06971926566183298,1
24.792087,67.047344,128.77,281,1,1,0,19,5,27,7,0,31,0,0,0.0,128.77,128.77,1,1,0.9198514179584256,4
24.828758,67.218218,61.02,19,1,1,0,11,34,27,7,0,31,0,0,0.0,61.02,61.02,1,0,0.43588827773412386,3
25.085334,67.189109,35.44,199,1,1,0,9,0,28,7,1,31,0,0,0.0,35.44,35.44,1,0,0.2531609400671476,2
24.966532,67.200894,122.36,38,1,1,0,13,37,27,7,0,31,0,0,0.0,122.36,122.36,1,1,0.8740624330309307,4
25.082488,67.256942,127.49,163,1,1,0,8,41,28,7,1,31,0,0,0.0,127.49,127.49,1,1,0.9107079077076933,4
24.853516,67.020518,89.62,255,1,1,0,4,47,28,7,1,31,0,1,0.0,89.62,89.62,1,0,0.6401885848989214,3
24.832151,67.268471,77.9,67,1,1,0,21,34,27,7,0,31,0,1,0.0,77.9,77.9,1,0,0.5564683191656546,3
25.04436,67.164302,14.8,337,1,1,0,10,21,28,7,1,31,0,0,0.0,14.8,14.8,1,0,0.105721837274091,1
24.85929,67.184551,122.82,357,1,1,0,0,40,28,7,1,31,0,1,0.0,122.82,122.82,1,1,0.8773483820272876,4
24.985542,67.082995,136.66,206,1,1,0,21,8,27,7,0,31,0,1,0.0,136.66,136.66,1,1,0.9762125866133294,4
24.825748,66.972368,71.55,170,1,1,0,3,50,28,7,1,31,0,1,0.0,71.55,71.55,1,0,0.5111079362811629,3
24.892347,67.041201,120.11,357,1,1,0,3,19,28,7,1,31,0,1,0.0,120.11,120.11,1,1,0.8579898564183155,4
25.000163,67.040439,12.97,83,1,1,0,23,45,27,7,0,31,0,1,0.0,12.97,12.97,1,0,0.09264947496249731,1
24.835766,67.12147,134.35,266,1,1,0,12,51,27,7,0,31,0,0,0.0,134.35,134.35,1,1,0.9597114079577111,4
24.923698,67.073424,30.78,309,1,1,0,12,45,27,7,0,31,0,0,0.0,30.78,30.78,1,0,0.21987284806057575,2
24.923038,67.093894,111.54,223,1,1,0,20,9,27,7,0,31,0,1,0.0,111.54,111.54,1,1,0.7967711979427102,4
25.057071,66.986317,56.06,318,1,1,0,18,13,27,7,0,31,0,0,0.0,56.06,56.06,1,0,0.4004571755125366,2
24.816309,67.018231,57.27,170,1,1,0,2,50,28,7,1,31,0,1,0.0,57.27,57.27,1,0,0.40910065004643187,2
24.896332,66.950009,65.93,294,1,1,0,5,31,28,7,1,31,0,1,0.0,65.93,65.93,1,0,0.4709622115865419,3
24.976763,66.986387,34.35,6,1,1,0,0,32,28,7,1,31,0,1,0.0,34.35,34.35,1,0,0.24537466961925852,2
24.96419,67.161746,95.21,97,1,1,0,22,56,27,7,0,31,0,1,0.0,95.21,95.21,1,0,0.6801200085720408,4
25.064826,66.920751,36.11,122,1,1,0,13,36,27,7,0,31,0,0,0.0,36.11,36.11,1,0,0.2579469962140153,2
25.006511,67.040162,115.89,298,1,1,0,19,21,27,7,0,31,0,0,0.0,115.89,115.89,1,1,0.8278448460604328,4
24.898031,67.2319,72.6,129,1,1,0,0,20,28,7,1,31,0,1,0.0,72.6,72.6,1,0,0.5186084720337166,3
24.832797,66.959751,48.67,228,1,1,0,21,51,27,7,0,31,0,1,0.0,48.67,48.67,1,0,0.34766769054932495,2
24.930462,67.044411,89.7,75,1,1,0,19,49,27,7,0,31,0,0,0.0,89.7,89.7,1,0,0.640760054289592,3
25.058834,67.192394,5.87,220,1,1,0,16,27,27,7,0,31,0,0,0.0,5.87,5.87,1,0,0.041931566540467174,1
24.821261,66.913989,82.99,151,1,1,0,1,54,28,7,1,31,0,1,0.0,82.99,82.99,1,0,0.5928280591470818,3
25.026244,66.990713,125.76,190,1,1,0,0,51,28,7,1,31,0,1,0.0,125.76,125.76,1,1,0.8983498821344381,4
24.84703,67.220548,101.36,274,1,1,0,10,30,28,7,1,31,0,0,0.0,101.36,101.36,1,1,0.7240517179798557,4
25.070092,67.083541,91.76,135,1,1,0,6,16,28,7,1,31,0,0,0.0,91.76,91.76,1,0,0.6554753910993643,4
25.006761,66.990506,2.51,176,1,1,0,23,59,27,7,0,31,0,1,0.0,2.51,2.51,1,0,0.01792985213229516,1
24.96056,67.063448,51.71,61,1,1,0,21,53,27,7,0,31,0,1,0.0,51.71,51.71,1,0,0.3693835273948139,2
25.071187,67.295351,28.81,351,1,1,0,3,15,28,7,1,31,0,1,0.0,28.81,28.81,1,0,0.2058004143153082,1
24.924073,67.191704,46.74,305,1,1,0,6,59,28,7,1,31,0,0,0.0,46.74,46.74,1,0,0.3338809914993928,2
25.035912,67.220504,73.84,70,1,1,0,2,14,28,7,1,31,0,1,0.0,73.84,73.84,1,0,0.5274662475891135,3
24.771195,66.924185,19.21,70,1,1,0,1,8,28,7,1,31,0,1,0.0,19.21,19.21,1,0,0.13722408743481676,1
24.916304,67.117879,134.94,180,1,1,0,2,42,28,7,1,31,0,1,0.0,134.94,134.94,1,1,0.963925994713908,4
24.842076,67.284621,74.1,269,1,1,0,15,6,27,7,0,31,0,0,0.0,74.1,74.1,1,0,0.5293235231087934,3
25.04124,67.244246,123.16,40,1,1,0,5,6,28,7,1,31,0,1,0.0,123.16,123.16,1,1,0.8797771269376383,4
24.888412,67.078422,88.17,222,1,1,0,21,55,27,7,0,31,0,1,0.0,88.17,88.17,1,0,0.6298307021930137,3
24.976141,67.10409,11.8,196,1,1,0,9,41,28,7,1,31,0,0,0.0,11.8,11.8,1,0,0.08429173512393742,1
24.830646,66.990865,4.97,3,1,1,0,4,4,28,7,1,31,0,1,0.0,4.97,4.97,1,0,0.0355025358954211,1
25.075089,67.191467,117.0,169,1,1,0,8,6,28,7,1,31,0,0,0.0,117.0,117.0,1,1,0.8357739838559897,4
24.914136,67.268996,71.96,322,1,1,0,15,2,27,7,0,31,0,0,0.0,71.96,71.96,1,0,0.5140367169083505,3
24.933817,66.919542,42.16,128,1,1,0,13,12,27,7,0,31,0,0,0.0,42.16,42.16,1,0,0.30116436888349163,2
25.002491,67.137083,16.25,166,1,1,0,20,5,27,7,0,31,0,1,0.0,16.25,16.25,1,0,0.11607971997999857,1
24.952397,67.199266,114.38,166,1,1,0,14,25,27,7,0,31,0,0,0.0,114.38,114.38,1,1,0.8170583613115222,4
24.781978,67.296688,50.83,29,1,1,0,12,54,27,7,0,31,0,0,0.0,50.83,50.83,1,0,0.3630973640974355,2
24.902296,67.195258,21.49,189,1,1,0,1,9,28,7,1,31,0,1,0.0,21.49,21.49,1,0,0.15351096506893347,1
24.828034,67.034924,118.15,288,1,1,0,1,4,28,7,1,31,0,1,0.0,118.15,118.15,1,1,0.8439888563468819,4
24.937155,67.027029,25.43,280,1,1,0,2,31,28,7,1,31,0,1,0.0,25.43,25.43,1,0,0.18165583255946852,1
25.013071,67.109388,100.57,208,1,1,0,5,16,28,7,1,31,0,1,0.0,100.57,100.57,1,1,0.7184084577469818,4
24.878926,67.155001,87.78,138,1,1,0,10,44,28,7,1,31,0,0,0.0,87.78,87.78,1,0,0.6270447889134938,3
24.796622,67.029298,64.14,354,1,1,0,20,52,27,7,0,31,0,1,0.0,64.14,64.14,1,0,0.4581755839702836,3
24.796343,66.939583,58.41,165,1,1,0,22,22,27,7,0,31,0,1,0.0,58.41,58.41,1,0,0.4172440888634902,2
24.922579,67.051485,135.67,279,1,1,0,21,41,27,7,0,31,0,1,0.0,135.67,135.67,1,1,0.9691406529037787,4
25.098377,67.296758,25.45,298,1,1,0,5,19,28,7,1,31,0,1,0.0,25.45,25.45,1,0,0.1817986999071362,1
24.836734,67.258904,91.09,212,1,1,0,7,6,28,7,1,31,0,0,0.0,91.09,91.09,1,0,0.6506893349524966,4
24.867141,67.191454,72.23,203,1,1,0,15,35,27,7,0,31,0,0,0.0,72.23,72.23,1,0,0.5159654261018645,3
24.820807,67.226095,31.49,353,1,1,0,2,34,28,7,1,31,0,1,0.0,31.49,31.49,1,0,0.22494463890277874,2
25.004409,67.022219,53.97,127,1,1,0,3,50,28,7,1,31,0,1,0.0,53.97,53.97,1,0,0.3855275376812629,2
24.831343,66.942354,55.31,165,1,1,0,5,1,28,7,1,31,0,1,0.0,55.31,55.31,1,0,0.3950996499749982,2
25.045646,67.110713,38.04,178,1,1,0,20,42,27,7,0,31,0,1,0.0,38.04,38.04,1,0,0.2717336952639474,2
25.054748,67.039145,1.95,56,1,1,0,15,48,27,7,0,31,0,0,0.0,1.95,1.95,1,0,0.013929566397599827,1
24.862297,67.198731,125.98,185,1,1,0,14,53,27,7,0,31,0,0,0.0,125.98,125.98,1,1,0.8999214229587827,4
24.852822,67.232906,126.88,157,1,1,0,13,10,27,7,0,31,0,0,0.0,126.88,126.88,1,1,0.9063504536038287,4
25.069236,67.266835,53.36,168,1,1,0,16,53,27,7,0,31,0,0,0.0,53.36,53.36,1,0,0.38117008357739834,2
24.943398,67.036565,119.37,337,1,1,0,16,55,27,7,0,31,0,0,0.0,119.37,119.37,1,1,0.852703764554611,4
25.043715,67.198405,55.42,350,1,1,0,0,35,28,7,1,31,0,1,0.0,55.42,55.42,1,0,0.3958854203871705,2
24.959001,66.908543,92.79,170,1,1,0,2,29,28,7,1,31,0,1,0.0,92.79,92.79,1,0,0.6628330595042503,4
24.757444,67.111551,97.28,236,1,1,0,17,39,27,7,0,31,0,0,0.0,97.28,97.28,1,0,0.6949067790556468,4
24.917454,67.141402,17.78,113,1,1,0,16,32,27,7,0,31,0,0,0.0,17.78,17.78,1,0,0.12700907207657688,1
24.905321,66.909974,108.89,247,1,1,0,17,8,27,7,0,31,0,0,0.0,108.89,108.89,1,1,0.7778412743767411,4
24.799683,66.997227,51.31,247,1,1,0,3,42,28,7,1,31,0,1,0.0,51.31,51.31,1,0,0.36652618044146007,2
24.847876,67.223453,43.62,155,1,1,0,14,3,27,7,0,31,0,0,0.0,43.62,43.62,1,0,0.31159368526323306,2
25.047445,67.066021,54.75,91,1,1,0,12,51,27,7,0,31,0,0,0.0,54.75,54.75,1,0,0.39109936424030284,2
24.866429,66.924023,108.79,135,1,1,0,4,52,28,7,1,31,0,1,0.0,108.79,108.79,1,1,0.7771269376384028,4
24.845553,67.118268,74.19,19,1,1,0,19,43,27,7,0,31,0,0,0.0,74.19,74.19,1,0,0.529966426173298,3
24.779257,66.927704,37.78,207,1,1,0,8,22,28,7,1,31,0,0,0.0,37.78,37.78,1,0,0.26987641974426746,2
25.028353,67.01187,47.07,113,1,1,0,10,28,28,7,1,31,0,0,0.0,47.07,47.07,1,0,0.3362383027359097,2
25.020893,66.9441,105.48,109,1,1,0,13,38,27,7,0,31,0,0,0.0,105.48,105.48,1,1,0.7534823915993999,4
25.029977,67.098081,125.05,36,1,1,0,0,11,28,7,1,31,0,1,0.0,125.05,125.05,1,1,0.8932780912922351,4
24.958355,67.110821,43.94,145,1,1,0,8,57,28,7,1,31,0,0,0.0,43.94,43.94,1,0,0.3138795628259161,2
25.020872,67.182498,33.71,181,1,1,0,0,0,28,7,1,31,0,1,0.0,33.71,33.71,1,0,0.2408029144938924,2
25.073217,66.927284,109.89,330,1,1,0,17,44,27,7,0,31,0,0,0.0,109.89,109.89,1,1,0.7849846417601257,4
24.971172,67.072556,47.91,20,1,1,0,13,22,27,7,0,31,0,0,0.0,47.91,47.91,1,0,0.3422387313379527,2
24.808101,67.244823,129.22,6,1,1,0,23,5,27,7,0,31,0,1,0.0,129.22,129.22,1,1,0.9230659332809485,4
24.908128,67.139638,102.44,280,1,1,0,16,58,27,7,0,31,0,0,0.0,102.44,102.44,1,1,0.731766554753911,4
24.994003,66.963736,20.92,266,1,1,0,2,56,28,7,1,31,0,1,0.0,20.92,20.92,1,0,0.1494392456604043,1
25.070327,67.043566,40.3,248,1,1,0,13,30,27,7,0,31,0,0,0.0,40.3,40.3,1,0,0.28787770555039643,2
24.792388,66.992251,105.21,80,1,1,0,17,8,27,7,0,31,0,0,0.0,105.21,105.21,1,1,0.751553682405886,4
24.849005,67.210538,139.06,222,1,1,0,20,24,27,7,0,31,0,1,0.0,139.06,139.06,1,1,0.9933566683334524,4
24.762541,67.11964,2.49,46,1,1,0,13,21,27,7,0,31,0,0,0.0,2.49,2.49,1,0,0.017786984784627473,1
25.066343,66.90764,114.03,71,1,1,0,21,16,27,7,0,31,0,1,0.0,114.03,114.03,1,1,0.8145581827273376,4
24.982917,67.269094,133.21,324,1,1,0,17,26,27,7,0,31,0,0,0.0,133.21,133.21,1,1,0.9515679691406529,4
24.778654,66.948576,116.4,67,1,1,0,11,51,27,7,0,31,0,0,0.0,116.4,116.4,1,1,0.831487963425959,4
24.88352,67.160384,30.57,328,1,1,0,2,8,28,7,1,31,0,1,0.0,30.57,30.57,1,0,0.218372740910065,2
25.070867,66.944389,87.36,342,1,1,0,4,10,28,7,1,31,0,1,0.0,87.36,87.36,1,0,0.6240445746124723,3
24.802145,67.073652,123.89,345,1,1,0,21,30,27,7,0,31,0,1,0.0,123.89,123.89,1,1,0.8849917851275091,4
25.029394,67.118812,125.95,344,1,1,0,15,21,27,7,0,31,0,0,0.0,125.95,125.95,1,1,0.8997071219372812,4
24.824499,67.171863,128.13,199,1,1,0,20,40,27,7,0,31,0,1,0.0,128.13,128.13,1,1,0.9152796628330594,4
24.904765,67.029705,84.61,104,1,1,0,14,10,27,7,0,31,0,0,0.0,84.61,84.61,1,0,0.6044003143081649,3
24.992226,67.21465,12.37,328,1,1,0,8,34,28,7,1,31,0,0,0.0,12.37,12.37,1,0,0.08836345453246659,1
25.061219,67.044877,63.4,70,1,1,0,13,9,27,7,0,31,0,0,0.0,63.4,63.4,1,0,0.45288949210657903,3
25.029782,66.930188,89.14,309,1,1,0,10,1,28,7,1,31,0,0,0.0,89.14,89.14,1,0,0.6367597685548967,3
25.020676,67.271314,1.98,344,1,1,0,17,21,27,7,0,31,0,0,0.0,1.98,1.98,1,0,0.014143867419101364,1
24.819543,67.224479,137.03,224,1,1,0,8,24,28,7,1,31,0,0,0.0,137.03,137.03,1,1,0.9788556325451817,4
25.083701,67.067609,105.49,279,1,1,0,13,23,27,7,0,31,0,0,0.0,105.49,105.49,1,1,0.7535538252732337,4
24.863956,67.105094,16.89,333,1,1,0,9,24,28,7,1,31,0,0,0.0,16.89,16.89,1,0,0.12065147510536467,1
24.979525,66.913041,14.45,51,1,1,0,0,41,28,7,1,31,0,1,0.0,14.45,14.45,1,0,0.1032216586899064,1
24.937407,67.270899,56.81,297,1,1,0,7,9,28,7,1,31,0,0,0.0,56.81,56.81,1,0,0.405814701050075,2
25.076199,66.906503,91.81,16,1,1,0,6,26,28,7,1,31,0,0,0.0,91.81,91.81,1,0,0.6558325594685335,4
24.786978,67.077437,109.52,342,1,1,0,17,26,27,7,0,31,0,0,0.0,109.52,109.52,1,1,0.7823415958282733,4
24.884833,67.016739,83.73,198,1,1,0,8,16,28,7,1,31,0,0,0.0,83.73,83.73,1,0,0.5981141510107865,3
24.925508,67.231824,52.19,240,1,1,0,15,59,27,7,0,31,0,0,0.0,52.19,52.19,1,0,0.3728123437388384,2
24.93854,67.218523,89.42,60,1,1,0,11,33,27,7,0,31,0,0,0.0,89.42,89.42,1,0,0.6387599114222444,3
24.88584,67.068943,72.09,65,1,1,0,20,42,27,7,0,31,0,1,0.0,72.09,72.09,1,0,0.5149653546681906,3
24.97699,67.009404,67.55,305,1,1,0,10,42,28,7,1,31,0,0,0.0,67.55,67.55,1,0,0.4825344667476248,3
24.813269,67.214852,74.11,218,1,1,0,5,20,28,7,1,31,0,1,0.0,74.11,74.11,1,0,0.5293949567826273,3
24.752395,67.099688,87.09,320,1,1,0,3,53,28,7,1,31,0,1,0.0,87.09,87.09,1,0,0.6221158654189585,3
24.772224,67.263552,80.0,275,1,1,0,4,37,28,7,1,31,0,1,0.0,80.0,80.0,1,0,0.5714693906707622,3
24.92611,66.956126,139.67,207,1,1,0,0,26,28,7,1,31,0,1,0.0,139.67,139.67,1,1,0.9977141224373168,4
24.968036,67.004831,66.3,103,1,1,0,10,24,28,7,1,31,0,0,0.0,66.3,66.3,1,0,0.4736052575183941,3
24.794606,67.251592,67.61,207,1,1,0,21,26,27,7,0,31,0,1,0.0,67.61,67.61,1,0,0.4829630687906279,3
25.003864,67.147687,119.5,182,1,1,0,18,24,27,7,0,31,0,0,0.0,119.5,119.5,1,1,0.8536324023144509,4
25.054649,67.06703,17.13,293,1,1,0,0,4,28,7,1,31,0,1,0.0,17.13,17.13,1,0,0.12236588327737694,1
25.007968,67.084081,5.18,40,1,1,0,9,54,28,7,1,31,0,0,0.0,5.18,5.18,1,0,0.03700264304593185,1
24.845303,67.073049,1.09,36,1,1,0,6,37,28,7,1,31,0,0,0.0,1.09,1.09,1,0,0.007786270447889135,1
25.062377,67.259291,78.13,138,1,1,0,21,59,27,7,0,31,0,1,0.0,78.13,78.13,1,0,0.558111293663833,3
24.926248,67.069172,44.86,27,1,1,0,9,2,28,7,1,31,0,0,0.0,44.86,44.86,1,0,0.32045146081862985,2
24.988606,66.909339,39.92,20,1,1,0,16,23,27,7,0,31,0,0,0.0,39.92,39.92,1,0,0.28516322594471033,2
25.043945,67.238644,29.68,74,1,1,0,9,31,28,7,1,31,0,0,0.0,29.68,29.68,1,0,0.21201514393885276,1
24.912316,66.947113,52.04,27,1,1,0,12,15,27,7,0,31,0,0,0.0,52.04,52.04,1,0,0.3717408386313308,2
24.85297,66.956331,60.19,273,1,1,0,14,41,27,7,0,31,0,0,0.0,60.19,60.19,1,0,0.42995928280591467,3
25.049279,66.945896,121.03,28,1,1,0,1,27,28,7,1,31,0,1,0.0,121.03,121.03,1,1,0.8645617544110293,4
25.001989,67.083154,69.94,200,1,1,0,13,26,27,7,0,31,0,0,0.0,69.94,69.94,1,0,0.4996071147939138,3
25.039203,66.99113,74.95,178,1,1,0,11,52,27,7,0,31,0,0,0.0,74.95,74.95,1,0,0.5353953853846704,3
24.942158,66.924695,82.1,224,1,1,0,11,40,27,7,0,31,0,0,0.0,82.1,82.1,1,0,0.5864704621758696,3
24.949929,66.953263,46.75,241,1,1,0,6,0,28,7,1,31,0,0,0.0,46.75,46.75,1,0,0.33395242517322665,2
24.834158,67.148048,117.11,224,1,1,0,8,29,28,7,1,31,0,0,0.0,117.11,117.11,1,1,0.836559754268162,4
24.944278,67.268678,23.74,29,1,1,0,8,31,28,7,1,31,0,0,0.0,23.74,23.74,1,0,0.16958354168154866,1
24.862928,66.998357,82.16,86,1,1,0,14,36,27,7,0,31,0,0,0.0,82.16,82.16,1,0,0.5868990642188727,3
24.91569,66.914648,55.75,331,1,1,0,4,23,28,7,1,31,0,1,0.0,55.75,55.75,1,0,0.3982427316236874,2
24.888725,66.908637,107.03,1,1,1,0,15,12,27,7,0,31,0,0,0.0,107.03,107.03,1,1,0.764554611043646,4
24.961905,67.095287,109.11,82,1,1,0,11,3,28,7,1,31,0,0,0.0,109.11,109.11,1,1,0.7794128152010857,4
25.043103,67.248191,92.78,15,1,1,0,6,0,28,7,1,31,0,0,0.0,92.78,92.78,1,0,0.6627616258304164,4
24.849637,67.197171,113.06,137,1,1,0,20,19,27,7,0,31,0,1,0.0,113.06,113.06,1,1,0.8076291163654546,4
24.801185,67.028839,98.2,126,1,1,0,21,3,27,7,0,31,0,1,0.0,98.2,98.2,1,0,0.7014786770483605,4
24.7958,67.242815,112.74,189,1,1,0,1,57,28,7,1,31,0,1,0.0,112.74,112.74,1,1,0.8053432388027716,4
24.922167,67.119361,5.89,166,1,1,0,9,39,28,7,1,31,0,0,0.0,5.89,5.89,1,0,0.04207443388813486,1
24.866026,66.986246,112.18,127,1,1,0,10,51,28,7,1,31,0,0,0.0,112.18,112.18,1,1,0.8013429530680762,4
24.819902,67.041166,15.06,323,1,1,0,9,0,28,7,1,31,0,0,0.0,15.06,15.06,1,0,0.10757911279377098,1
24.802066,66.902119,42.46,113,1,1,0,12,58,27,7,0,31,0,0,0.0,42.46,42.46,1,0,0.303307379098507,2
25.016401,66.970075,59.26,142,1,1,0,0,40,28,7,1,31,0,1,0.0,59.26,59.26,1,0,0.42331595113936704,2
25.021004,67.275704,83.02,273,1,1,0,4,35,28,7,1,31,0,1,0.0,83.02,83.02,1,0,0.5930423601685834,3
24.894694,67.019036,55.56,237,1,1,0,5,47,28,7,1,31,0,1,0.0,55.56,55.56,1,0,0.3968854918208443,2
24.946692,67.25584,44.42,314,1,1,0,22,21,27,7,0,31,0,1,0.0,44.42,44.42,1,0,0.3173083791699407,2
24.976758,66.940083,59.0,183,1,1,0,0,12,28,7,1,31,0,1,0.0,59.0,59.0,1,0,0.4214586756196871,2
24.864092,67.222212,48.65,99,1,1,0,13,54,27,7,0,31,0,0,0.0,48.65,48.65,1,0,0.34752482320165723,2
24.854913,67.213067,23.41,184,1,1,0,2,11,28,7,1,31,0,1,0.0,23.41,23.41,1,0,0.16722623044503176,1
24.864366,67.241519,121.47,304,1,1,0,21,8,27,7,0,31,0,1,0.0,121.47,121.47,1,1,0.8677048360597185,4
24.851805,66.960025,4.36,302,1,1,0,10,25,28,7,1,31,0,0,0.0,4.36,4.36,1,0,0.03114508179155654,1
24.980309,67.221549,119.29,285,1,1,0,16,17,27,7,0,31,0,0,0.0,119.29,119.29,1,1,0.8521322951639403,4
25.067974,66.942561,41.3,330,1,1,0,10,1,28,7,1,31,0,0,0.0,41.3,41.3,1,0,0.29502107293378094,2
24.918337,67.221779,99.67,196,1,1,0,9,35,28,7,1,31,0,0,0.0,99.67,99.67,1,0,0.7119794271019358,4
25.071324,66.995268,49.25,47,1,1,0,13,55,27,7,0,31,0,0,0.0,49.25,49.25,1,0,0.35181084363168796,2
24.801716,66.904443,33.17,235,1,1,0,22,7,27,7,0,31,0,1,0.0,33.17,33.17,1,0,0.23694549610686477,2
25.021566,67.082878,48.62,61,1,1,0,16,29,27,7,0,31,0,0,0.0,48.62,48.62,1,0,0.3473105221801557,2
24.993117,67.009767,41.0,269,1,1,0,20,17,27,7,0,31,0,1,0.0,41.0,41.0,1,0,0.2928780627187656,2
24.819276,67.00507,73.72,181,1,1,0,21,9,27,7,0,31,0,1,0.0,73.72,73.72,1,0,0.5266090435031073,3
24.8412,67.187325,44.93,317,1,1,0,21,3,27,7,0,31,0,1,0.0,44.93,44.93,1,0,0.3209514965354668,2
24.973371,66.906611,35.86,341,1,1,0,4,8,28,7,1,31,0,1,0.0,35.86,35.86,1,0,0.2561611543681691,2
24.798391,66.928347,113.52,253,1,1,0,7,4,28,7,1,31,0,0,0.0,113.52,113.52,1,1,0.8109150653618115,4
24.774787,67.113693,52.07,210,1,1,0,19,54,27,7,0,31,0,0,0.0,52.07,52.07,1,0,0.37195513965283233,2
24.876011,67.231908,43.84,275,1,1,0,5,31,28,7,1,31,0,1,0.0,43.84,43.84,1,0,0.3131652260875777,2
25.018055,67.120578,17.82,173,1,1,0,2,15,28,7,1,31,0,1,0.0,17.82,17.82,1,0,0.12729480677191227,1
24.750215,66.937139,3.25,279,1,1,0,9,14,28,7,1,31,0,0,0.0,3.25,3.25,1,0,0.023215943995999713,1
24.941123,66.935245,68.94,47,1,1,0,0,6,28,7,1,31,0,1,0.0,68.94,68.94,1,0,0.4924637474105293,3
24.792596,67.202643,127.86,61,1,1,0,17,32,27,7,0,31,0,0,0.0,127.86,127.86,1,1,0.9133509536395457,4
24.79708,66.94715,92.63,104,1,1,0,22,0,27,7,0,31,0,1,0.0,92.63,92.63,1,0,0.6616901207229087,4
25.037155,66.984238,67.88,266,1,1,0,4,0,28,7,1,31,0,1,0.0,67.88,67.88,1,0,0.4848917779841417,3
24.836165,67.12688,21.94,38,1,1,0,23,37,27,7,0,31,0,1,0.0,21.94,21.94,1,0,0.15672548039145653,1
24.984473,67.222548,7.95,238,1,1,0,18,23,27,7,0,31,0,0,0.0,7.95,7.95,1,0,0.05678977069790699,1
24.926975,66.932598,74.65,323,1,1,0,8,3,28,7,1,31,0,0,0.0,74.65,74.65,1,0,0.533252375169655,3
24.899084,67.168805,2.09,351,1,1,0,6,2,28,7,1,31,0,0,0.0,2.09,2.09,1,0,0.01492963783127366,1
25.016299,66.904312,80.16,183,1,1,0,0,40,28,7,1,31,0,1,0.0,80.16,80.16,1,0,0.5726123294521036,3
24.957243,66.918251,59.74,348,1,1,0,20,38,27,7,0,31,0,1,0.0,59.74,59.74,1,0,0.4267447674833917,2
24.83504,67.286598,82.61,89,1,1,0,9,47,28,7,1,31,0,0,0.0,82.61,82.61,1,0,0.5901135795413958,3
24.878863,66.923082,99.28,197,1,1,0,19,54,27,7,0,31,0,0,0.0,99.28,99.28,1,0,0.7091935138224158,4
24.83289,67.21152,130.1,73,1,1,0,12,17,27,7,0,31,0,0,0.0,130.1,130.1,1,1,0.929352096578327,4
24.907617,67.078563,89.44,27,1,1,0,6,10,28,7,1,31,0,0,0.0,89.44,89.44,1,0,0.6389027787699121,3
25.024148,67.241715,111.85,94,1,1,0,20,6,27,7,0,31,0,1,0.0,111.85,111.85,1,1,0.7989856418315593,4
24.794724,67.11904,25.34,204,1,1,0,12,39,27,7,0,31,0,0,0.0,25.34,25.34,1,0,0.18101292949496392,1
25.095006,67.096328,109.51,347,1,1,0,17,46,27,7,0,31,0,0,0.0,109.51,109.51,1,1,0.7822701621544396,4
24.918569,67.114203,27.8,82,1,1,0,19,26,27,7,0,31,0,0,0.0,27.8,27.8,1,0,0.19858561325808985,1
25.017519,67.064957,132.33,322,1,1,0,2,55,28,7,1,31,0,1,0.0,132.33,132.33,1,1,0.9452818058432746,4
24.966092,67.266055,59.11,357,1,1,0,14,10,27,7,0,31,0,0,0.0,59.11,59.11,1,0,0.4222444460318594,2
24.839184,66.939534,37.47,337,1,1,0,16,32,27,7,0,31,0,0,0.0,37.47,37.47,1,0,0.26766197585541823,2
24.841543,67.047836,15.92,47,1,1,0,14,49,27,7,0,31,0,0,0.0,15.92,15.92,1,0,0.11372240874348168,1
24.993576,67.22879,98.21,273,1,1,0,21,21,27,7,0,31,0,1,0.0,98.21,98.21,1,0,0.7015501107221943,4
24.889083,67.012575,11.16,223,1,1,0,22,15,27,7,0,31,0,1,0.0,11.16,11.16,1,0,0.07971997999857132,1
25.041559,67.033446,23.07,120,1,1,0,1,33,28,7,1,31,0,1,0.0,23.07,23.07,1,0,0.16479748553468104,1
24.93318,66.9332,73.23,111,1,1,0,12,6,27,7,0,31,0,0,0.0,73.23,73.23,1,0,0.523108793485249,3
25.018981,67.029758,92.6,312,1,1,0,11,21,27,7,0,31,0,0,0.0,92.6,92.6,1,0,0.6614758197014071,4
24.843721,67.125611,90.21,242,1,1,0,2,46,28,7,1,31,0,1,0.0,90.21,90.21,1,0,0.6444031716551182,4
24.902664,67.281266,86.63,87,1,1,0,10,32,28,7,1,31,0,0,0.0,86.63,86.63,1,0,0.6188299164226015,3
24.815246,67.10026,121.35,234,1,1,0,14,56,27,7,0,31,0,0,0.0,121.35,121.35,1,1,0.8668476319737123,4
25.024156,67.00237,105.48,185,1,1,0,22,36,27,7,0,31,0,1,0.0,105.48,105.48,1,1,0.7534823915993999,4
25.074195,67.153497,58.1,224,1,1,0,4,32,28,7,1,31,0,1,0.0,58.1,58.1,1,0,0.415029644974641,2
25.082874,67.130154,129.49,212,1,1,0,1,27,28,7,1,31,0,1,0.0,129.49,129.49,1,1,0.9249946424744625,4
24.933916,67.093319,25.06,253,1,1,0,18,6,27,7,0,31,0,0,0.0,25.06,25.06,1,0,0.17901278662761624,1
25.051759,66.928146,121.39,213,1,1,0,1,53,28,7,1,31,0,1,0.0,121.39,121.39,1,1,0.8671333666690477,4
24.991269,67.226236,113.97,49,1,1,0,16,46,27,7,0,31,0,0,0.0,113.97,113.97,1,1,0.8141295806843345,4
24.754823,66.996875,70.29,167,1,1,0,18,29,27,7,0,31,0,0,0.0,70.29,70.29,1,0,0.5021072933780985,3
24.796579,67.1347,105.58,212,1,1,0,8,27,28,7,1,31,0,0,0.0,105.58,105.58,1,1,0.7541967283377383,4
24.800489,67.037741,72.05,171,1,1,0,7,27,28,7,1,31,0,0,0.0,72.05,72.05,1,0,0.5146796199728552,3
24.787293,66.902078,103.55,157,1,1,0,19,9,27,7,0,31,0,0,0.0,103.55,103.55,1,1,0.7396956925494678,4
24.763476,67.173777,6.94,225,1,1,0,14,14,27,7,0,31,0,0,0.0,6.94,6.94,1,0,0.04957496964068862,1
24.972183,67.207444,45.43,82,1,1,0,3,43,28,7,1,31,0,1,0.0,45.43,45.43,1,0,0.32452318022715904,2
24.997251,67.159206,65.22,219,1,1,0,17,47,27,7,0,31,0,0,0.0,65.22,65.22,1,0,0.46589042074433884,3
25.038244,67.050853,57.29,97,1,1,0,17,34,27,7,0,31,0,0,0.0,57.29,57.29,1,0,0.40924351739409953,2
24.794921,67.277342,52.46,4,1,1,0,17,9,27,7,0,31,0,0,0.0,52.46,52.46,1,0,0.37474105293235227,2
24.821134,66.987201,119.72,65,1,1,0,0,7,28,7,1,31,0,1,0.0,119.72,119.72,1,1,0.8552039431387956,4
24.960516,66.903314,15.4,7,1,1,0,16,22,27,7,0,31,0,0,0.0,15.4,15.4,1,0,0.11000785770412172,1
24.773342,66.964993,121.21,134,1,1,0,7,7,28,7,1,31,0,0,0.0,121.21,121.21,1,1,0.8658475605400384,4
25.081028,67.261848,34.77,150,1,1,0,11,21,27,7,0,31,0,0,0.0,34.77,34.77,1,0,0.24837488392028004,2
24.882665,66.974214,0.1,9,1,1,0,12,47,27,7,0,31,0,0,0.0,0.1,0.1,1,0,0.0007143367383384528,1
24.872377,67.018097,131.5,95,1,1,0,9,43,28,7,1,31,0,0,0.0,131.5,131.5,1,1,0.9393528109150653,4
24.784955,67.118218,33.99,185,1,1,0,15,9,27,7,0,31,0,0,0.0,33.99,33.99,1,0,0.24280305736124008,2
24.92146,67.259645,106.44,173,1,1,0,8,3,28,7,1,31,0,0,0.0,106.44,106.44,1,1,0.7603400242874491,4
24.917642,67.06974,128.32,327,1,1,0,2,3,28,7,1,31,0,1,0.0,128.32,128.32,1,1,0.9166369026359025,4
24.863092,66.95623,61.27,156,1,1,0,8,3,28,7,1,31,0,0,0.0,61.27,61.27,1,0,0.43767411957997,3
24.992808,67.22881,97.63,38,1,1,0,18,23,27,7,0,31,0,0,0.0,97.63,97.63,1,0,0.6974069576398313,4
24.892606,66.999279,139.69,359,1,1,0,14,22,27,7,0,31,0,0,0.0,139.69,139.69,1,1,0.9978569897849846,4
24.965103,67.14348,109.19,113,1,1,0,4,13,28,7,1,31,0,1,0.0,109.19,109.19,1,1,0.7799842845917565,4
24.94632,67.162708,73.3,52,1,1,0,17,6,27,7,0,31,0,0,0.0,73.3,73.3,1,0,0.5236088292020858,3
24.943062,66.91621,41.15,245,1,1,0,8,53,28,7,1,31,0,0,0.0,41.15,41.15,1,0,0.2939495678262733,2
25.016813,67.101901,55.85,158,1,1,0,13,5,27,7,0,31,0,0,0.0,55.85,55.85,1,0,0.3989570683620258,2
24.844122,67.007363,95.94,74,1,1,0,9,2,28,7,1,31,0,0,0.0,95.94,95.94,1,0,0.6853346667619115,4
25.013778,67.100983,12.68,227,1,1,0,1,23,28,7,1,31,0,1,0.0,12.68,12.68,1,0,0.0905778984213158,1
25.071201,67.199285,3.21,328,1,1,0,21,29,27,7,0,31,0,1,0.0,3.21,3.21,1,0,0.02293020930066433,1
24.751734,66.988516,66.48,64,1,1,0,22,25,27,7,0,31,0,1,0.0,66.48,66.48,1,0,0.4748910636474034,3
24.986782,66.947687,55.49,202,1,1,0,20,45,27,7,0,31,0,1,0.0,55.49,55.49,1,0,0.39638545610400744,2
24.819964,67.268514,12.69,106,1,1,0,23,27,27,7,0,31,0,1,0.0,12.69,12.69,1,0,0.09064933209514964,1
24.844177,67.278847,49.5,349,1,1,0,4,25,28,7,1,31,0,1,0.0,49.5,49.5,1,0,0.3535966854775341,2
25.098589,67.086726,26.58,157,1,1,0,17,14,27,7,0,31,0,0,0.0,26.58,26.58,1,0,0.18987070505036072,1
24.761086,66.909512,96.67,156,1,1,0,23,43,27,7,0,31,0,1,0.0,96.67,96.67,1,0,0.6905493249517822,4
24.96466,67.24412,127.2,102,1,1,0,10,11,28,7,1,31,0,0,0.0,127.2,127.2,1,1,0.9086363311665119,4
24.910782,67.1528,16.69,162,1,1,0,6,22,28,7,1,31,0,0,0.0,16.69,16.69,1,0,0.11922280162868776,1
24.896928,66.959824,120.34,49,1,1,0,4,53,28,7,1,31,0,1,0.0,120.34,120.34,1,1,0.859632830916494,4
24.849519,67.091486,14.36,174,1,1,0,4,38,28,7,1,31,0,1,0.0,14.36,14.36,1,0,0.10257875562540181,1
24.941952,66.910546,8.93,203,1,1,0,16,16,27,7,0,31,0,0,0.0,8.93,8.93,1,0,0.06379027073362382,1
24.968659,67.261062,25.32,224,1,1,0,9,45,28,7,1,31,0,0,0.0,25.32,25.32,1,0,0.18087006214729623,1
25.094211,67.035045,25.94,352,1,1,0,1,57,28,7,1,31,0,1,0.0,25.94,25.94,1,0,0.18529894992499463,1
24.838057,67.112711,93.6,175,1,1,0,16,18,27,7,0,31,0,0,0.0,93.6,93.6,1,0,0.6686191870847917,4
24.820998,67.149024,16.46,129,1,1,0,10,54,28,7,1,31,0,0,0.0,16.46,16.46,1,0,0.11757982713050932,1
24.977072,67.206738,137.09,80,1,1,0,1,4,28,7,1,31,0,1,0.0,137.09,137.09,1,1,0.9792842345881848,4
24.842578,66.966743,17.88,20,1,1,0,1,48,28,7,1,31,0,1,0.0,17.88,17.88,1,0,0.12772340881491534,1
25.084783,66.946712,17.84,257,1,1,0,7,19,28,7,1,31,0,0,0.0,17.84,17.84,1,0,0.12743767411957996,1
24.754822,67.168447,34.26,219,1,1,0,7,10,28,7,1,31,0,0,0.0,34.26,34.26,1,0,0.24473176655475387,2
24.952238,66.966421,42.03,295,1,1,0,1,3,28,7,1,31,0,1,0.0,42.03,42.03,1,0,0.3002357311236517,2
24.799602,66.996135,95.13,268,1,1,0,4,30,28,7,1,31,0,1,0.0,95.13,95.13,1,0,0.67954853918137,4
24.800211,67.076443,117.96,298,1,1,0,18,30,27,7,0,31,0,0,0.0,117.96,117.96,1,1,0.8426316165440387,4
24.797818,66.944143,26.32,233,1,1,0,12,51,27,7,0,31,0,0,0.0,26.32,26.32,1,0,0.18801342953068076,1
24.864591,67.170641,115.53,103,1,1,0,23,20,27,7,0,31,0,1,0.0,115.53,115.53,1,1,0.8252732338024145,4
24.856469,66.928361,52.54,295,1,1,0,17,53,27,7,0,31,0,0,0.0,52.54,52.54,1,0,0.37531252232302303,2
24.98332,67.195181,118.66,100,1,1,0,2,10,28,7,1,31,0,1,0.0,118.66,118.66,1,1,0.847631973712408,4
24.926348,67.202429,21.17,241,1,1,0,12,26,27,7,0,31,0,0,0.0,21.17,21.17,1,0,0.15122508750625044,1
24.792027,67.089946,13.22,331,1,1,0,20,58,27,7,0,31,0,1,0.0,13.22,13.22,1,0,0.09443531680834345,1
25.015457,67.00802,9.24,91,1,1,0,7,13,28,7,1,31,0,0,0.0,9.24,9.24,1,0,0.06600471462247304,1
24.787781,67.177417,11.34,226,1,1,0,18,34,27,7,0,31,0,0,0.0,11.34,11.34,1,0,0.08100578612758054,1
25.012066,67.160395,45.95,257,1,1,0,15,23,27,7,0,31,0,0,0.0,45.95,45.95,1,0,0.32823773126651906,2
24.899485,67.016115,83.36,205,1,1,0,5,35,28,7,1,31,0,1,0.0,83.36,83.36,1,0,0.5954711050789342,3
24.816944,67.022287,123.46,322,1,1,0,22,52,27,7,0,31,0,1,0.0,123.46,123.46,1,1,0.8819201371526536,4
24.984507,67.150041,61.22,124,1,1,0,1,16,28,7,1,31,0,1,0.0,61.22,61.22,1,0,0.4373169512108007,3
24.842187,66.997666,33.9,170,1,1,0,11,30,27,7,0,31,0,0,0.0,33.9,33.9,1,0,0.24216015429673546,2
24.783452,66.953406,136.44,201,1,1,0,8,37,28,7,1,31,0,0,0.0,136.44,136.44,1,1,0.9746410457889848,4
24.832531,66.959709,56.73,137,1,1,0,16,43,27,7,0,31,0,0,0.0,56.73,56.73,1,0,0.4052432316594042,2
24.775979,66.977885,30.8,295,1,1,0,22,29,27,7,0,31,0,1,0.0,30.8,30.8,1,0,0.22001571540824344,2
24.913119,67.062605,21.76,274,1,1,0,22,18,27,7,0,31,0,1,0.0,21.76,21.76,1,0,0.1554396742624473,1
24.792124,67.134625,18.27,335,1,1,0,4,25,28,7,1,31,0,1,0.0,18.27,18.27,1,0,0.1305093220944353,1
24.857112,67.131983,139.0,145,1,1,0,23,44,27,7,0,31,0,1,0.0,139.0,139.0,1,1,0.9929280662904493,4
24.959245,67.117365,68.63,151,1,1,0,7,50,28,7,1,31,0,0,0.0,68.63,68.63,1,0,0.49024930352168006,3
24.947446,67.258921,41.63,296,1,1,0,16,50,27,7,0,31,0,0,0.0,41.63,41.63,1,0,0.2973783841702979,2
25.071923,67.206602,135.75,145,1,1,0,16,34,27,7,0,31,0,0,0.0,135.75,135.75,1,1,0.9697121222944496,4
24.85035,66.951523,137.48,302,1,1,0,4,18,28,7,1,31,0,1,0.0,137.48,137.48,1,1,0.9820701478677047,4
24.907252,67.231841,29.34,116,1,1,0,7,30,28,7,1,31,0,0,0.0,29.34,29.34,1,0,0.209586399028502,1
24.770239,67.207462,88.49,155,1,1,0,3,35,28,7,1,31,0,1,0.0,88.49,88.49,1,0,0.6321165797556968,3
24.957921,67.07883,51.59,243,1,1,0,9,18,28,7,1,31,0,0,0.0,51.59,51.59,1,0,0.36852632330880775,2
24.973366,67.105582,9.34,224,1,1,0,14,56,27,7,0,31,0,0,0.0,9.34,9.34,1,0,0.06671905136081148,1
25.029847,67.106904,43.57,245,1,1,0,1,40,28,7,1,31,0,1,0.0,43.57,43.57,1,0,0.31123651689406384,2
25.007825,67.098326,121.49,84,1,1,0,23,50,27,7,0,31,0,1,0.0,121.49,121.49,1,1,0.8678477034073862,4
24.801767,66.970655,98.88,349,1,1,0,1,42,28,7,1,31,0,1,0.0,98.88,98.88,1,0,0.706336166869062,4
24.848784,67.277664,70.55,177,1,1,0,6,42,28,7,1,31,0,0,0.0,70.55,70.55,1,0,0.5039645688977784,3
25.095572,67.091799,31.49,355,1,1,0,7,54,28,7,1,31,0,0,0.0,31.49,31.49,1,0,0.22494463890277874,2
24.793363,67.279945,28.71,57,1,1,0,19,54,27,7,0,31,0,0,0.0,28.71,28.71,1,0,0.20508607757696978,1
24.768557,66.982026,94.42,73,1,1,0,14,53,27,7,0,31,0,0,0.0,94.42,94.42,1,0,0.674476748339167,4
24.953369,67.285272,79.84,191,1,1,0,3,9,28,7,1,31,0,1,0.0,79.84,79.84,1,0,0.5703264518894207,3
25.078615,67.088439,0.02,62,1,1,0,1,2,28,7,1,31,0,1,0.0,0.02,0.02,1,0,0.00014286734766769053,1
25.055552,67.023562,49.79,159,1,1,0,2,18,28,7,1,31,0,1,0.0,49.79,49.79,1,0,0.3556682620187156,2
24.842376,67.195915,102.67,326,1,1,0,5,59,28,7,1,31,0,1,0.0,102.67,102.67,1,1,0.7334095292520894,4
25.02625,67.000968,99.44,270,1,1,0,7,53,28,7,1,31,0,0,0.0,99.44,99.44,1,0,0.7103364526037573,4
24.756651,66.986262,86.15,76,1,1,0,15,22,27,7,0,31,0,0,0.0,86.15,86.15,1,0,0.6154011000785771,3
25.030296,67.130231,71.65,72,1,1,0,23,11,27,7,0,31,0,1,0.0,71.65,71.65,1,0,0.5118222730195015,3
25.048616,66.969492,39.46,326,1,1,0,2,25,28,7,1,31,0,1,0.0,39.46,39.46,1,0,0.28187727694835346,2
25.084674,67.267252,119.67,313,1,1,0,16,58,27,7,0,31,0,0,0.0,119.67,119.67,1,1,0.8548467747696263,4
24.754193,66.985107,2.1,112,1,1,0,8,56,28,7,1,31,0,0,0.0,2.1,2.1,1,0,0.015001071505107507,1
24.977689,66.914945,23.66,327,1,1,0,2,2,28,7,1,31,0,1,0.0,23.66,23.66,1,0,0.16901207229087792,1
24.871899,67.178405,33.88,332,1,1,0,16,55,27,7,0,31,0,0,0.0,33.88,33.88,1,0,0.2420172869490678,2
25.053541,66.999609,133.2,140,1,1,0,14,55,27,7,0,31,0,0,0.0,133.2,133.2,1,1,0.9514965354668189,4
24.831547,67.220844,129.19,52,1,1,0,19,46,27,7,0,31,0,0,0.0,129.19,129.19,1,1,0.922851632259447,4
24.975691,67.053179,17.74,294,1,1,0,13,47,27,7,0,31,0,0,0.0,17.74,17.74,1,0,0.1267233373812415,1
24.880437,67.001754,90.43,33,1,1,0,1,7,28,7,1,31,0,1,0.0,90.43,90.43,1,0,0.6459747124794628,4
24.883251,67.271906,135.28,100,1,1,0,22,40,27,7,0,31,0,1,0.0,135.28,135.28,1,1,0.9663547396242588,4
24.901933,66.995847,106.63,304,1,1,0,11,38,27,7,0,31,0,0,0.0,106.63,106.63,1,1,0.761697264090292,4
24.83246,66.901709,106.19,312,1,1,0,6,23,28,7,1,31,0,0,0.0,106.19,106.19,1,1,0.7585541824416029,4
24.79517,67.060374,100.1,312,1,1,0,20,44,27,7,0,31,0,1,0.0,100.1,100.1,1,1,0.7150510750767911,4
24.915807,67.040842,116.54,316,1,1,0,15,0,27,7,0,31,0,0,0.0,116.54,116.54,1,1,0.8324880348596329,4
24.844857,66.909801,75.11,347,1,1,0,23,32,27,7,0,31,0,1,0.0,75.11,75.11,1,0,0.5365383241660118,3
24.906916,67.107345,43.15,118,1,1,0,5,52,28,7,1,31,0,1,0.0,43.15,43.15,1,0,0.30823630259304236,2
24.867199,67.133059,53.39,80,1,1,0,12,4,27,7,0,31,0,0,0.0,53.39,53.39,1,0,0.3813843845988999,2
25.009244,67.074276,127.49,244,1,1,0,6,27,28,7,1,31,0,0,0.0,127.49,127.49,1,1,0.9107079077076933,4
24.882657,67.231929,41.23,279,1,1,0,12,38,27,7,0,31,0,0,0.0,41.23,41.23,1,0,0.294521037216944,2
24.975897,66.97022,100.56,234,1,1,0,3,31,28,7,1,31,0,1,0.0,100.56,100.56,1,1,0.718337024073148,4
24.912381,67.263197,49.09,330,1,1,0,20,56,27,7,0,31,0,1,0.0,49.09,49.09,1,0,0.35066790485034643,2
24.794948,67.207201,69.1,77,1,1,0,10,24,28,7,1,31,0,0,0.0,69.1,69.1,1,0,0.49360668619187076,3
24.83578,67.175855,96.56,233,1,1,0,4,53,28,7,1,31,0,1,0.0,96.56,96.56,1,0,0.6897635545396099,4
24.906006,67.229833,28.24,309,1,1,0,2,21,28,7,1,31,0,1,0.0,28.24,28.24,1,0,0.20172869490677903,1
24.823147,67.101392,122.04,278,1,1,0,16,13,27,7,0,31,0,0,0.0,122.04,122.04,1,1,0.8717765554682477,4
24.863426,67.159431,123.56,83,1,1,0,6,51,28,7,1,31,0,0,0.0,123.56,123.56,1,1,0.8826344738909921,4
24.788023,67.127806,74.83,231,1,1,0,12,5,27,7,0,31,0,0,0.0,74.83,74.83,1,0,0.5345381812986642,3
24.93742,67.263303,48.06,293,1,1,0,23,15,27,7,0,31,0,1,0.0,48.06,48.06,1,0,0.3433102364454604,2
24.855499,67.24171,69.21,8,1,1,0,6,34,28,7,1,31,0,0,0.0,69.21,69.21,1,0,0.4943924566040431,3
24.836307,67.238869,7.95,190,1,1,0,20,51,27,7,0,31,0,1,0.0,7.95,7.95,1,0,0.05678977069790699,1
25.075175,66.920852,109.2,182,1,1,0,14,20,27,7,0,31,0,0,0.0,109.2,109.2,1,1,0.7800557182655904,4
24.859144,66.97507,9.39,355,1,1,0,7,56,28,7,1,31,0,0,0.0,9.39,9.39,1,0,0.06707621972998071,1
24.751904,67.232147,16.98,9,1,1,0,3,9,28,7,1,31,0,1,0.0,16.98,16.98,1,0,0.12129437816986927,1
24.961173,67.156279,75.78,205,1,1,0,3,5,28,7,1,31,0,1,0.0,75.78,75.78,1,0,0.5413243803128794,3
25.014809,66.969773,69.77,102,1,1,0,23,8,27,7,0,31,0,1,0.0,69.77,69.77,1,0,0.4983927423387384,3
24.89689,66.961397,114.87,222,1,1,0,21,33,27,7,0,31,0,1,0.0,114.87,114.87,1,1,0.8205586113293807,4
24.837281,66.970836,57.38,42,1,1,0,21,36,27,7,0,31,0,1,0.0,57.38,57.38,1,0,0.4098864204586042,2
24.851246,67.198359,11.19,316,1,1,0,14,30,27,7,0,31,0,0,0.0,11.19,11.19,1,0,0.07993428102007286,1
25.01047,67.214552,107.54,166,1,1,0,6,35,28,7,1,31,0,0,0.0,107.54,107.54,1,1,0.7681977284091721,4
24.987638,67.128077,132.11,245,1,1,0,15,10,27,7,0,31,0,0,0.0,132.11,132.11,1,1,0.94371026501893,4
24.772174,67.25496,39.0,151,1,1,0,2,39,28,7,1,31,0,1,0.0,39.0,39.0,1,0,0.27859132795199654,2
24.86634,67.216835,136.52,134,1,1,0,21,2,27,7,0,31,0,1,0.0,136.52,136.52,1,1,0.9752125151796557,4
24.848071,67.189621,89.33,141,1,1,0,2,11,28,7,1,31,0,1,0.0,89.33,89.33,1,0,0.6381170083577398,3
24.820441,66.927362,136.71,96,1,1,0,18,1,27,7,0,31,0,0,0.0,136.71,136.71,1,1,0.9765697549824988,4
24.761644,66.902389,75.44,134,1,1,0,3,1,28,7,1,31,0,1,0.0,75.44,75.44,1,0,0.5388956354025287,3
24.907574,66.95358,4.88,137,1,1,0,1,10,28,7,1,31,0,1,0.0,4.88,4.88,1,0,0.03485963283091649,1
24.859617,67.149562,111.66,155,1,1,0,6,25,28,7,1,31,0,0,0.0,111.66,111.66,1,1,0.7976284020287162,4
24.825516,67.239987,2.96,157,1,1,0,14,15,27,7,0,31,0,0,0.0,2.96,2.96,1,0,0.0211443674548182,1
24.873287,67.086098,39.68,353,1,1,0,19,24,27,7,0,31,0,0,0.0,39.68,39.68,1,0,0.28344881777269804,2
24.985161,67.029506,129.86,98,1,1,0,20,55,27,7,0,31,0,1,0.0,129.86,129.86,1,1,0.9276376884063148,4
24.986161,67.196689,49.46,163,1,1,0,6,17,28,7,1,31,0,0,0.0,49.46,49.46,1,0,0.3533109507821987,2
24.917502,66.984325,31.65,154,1,1,0,21,46,27,7,0,31,0,1,0.0,31.65,31.65,1,0,0.22608757768412027,2
24.888663,67.050071,38.61,277,1,1,0,18,55,27,7,0,31,0,0,0.0,38.61,38.61,1,0,0.2758054146724766,2
24.975841,67.29996,88.97,284,1,1,0,5,16,28,7,1,31,0,1,0.0,88.97,88.97,1,0,0.6355453960997214,3
25.054652,66.985878,3.5,135,1,1,0,8,34,28,7,1,31,0,0,0.0,3.5,3.5,1,0,0.025001785841845845,1
24.84377,67.020212,69.96,124,1,1,0,8,21,28,7,1,31,0,0,0.0,69.96,69.96,1,0,0.49974998214158145,3
24.942141,67.114584,53.31,214,1,1,0,22,27,27,7,0,31,0,1,0.0,53.31,53.31,1,0,0.38081291520822913,2
24.964125,67.157027,9.0,94,1,1,0,19,57,27,7,0,31,0,0,0.0,9.0,9.0,1,0,0.06429030645046074,1
25.053387,66.943678,69.44,266,1,1,0,2,32,28,7,1,31,0,1,0.0,69.44,69.44,1,0,0.49603543110222154,3
25.007733,67.136135,58.21,58,1,1,0,10,23,28,7,1,31,0,0,0.0,58.21,58.21,1,0,0.4158154153868133,2
24.955442,67.046964,120.75,72,1,1,0,0,14,28,7,1,31,0,1,0.0,120.75,120.75,1,1,0.8625616115436816,4
24.757451,67.23453,106.99,138,1,1,0,1,13,28,7,1,31,0,1,0.0,106.99,106.99,1,1,0.7642688763483105,4
24.829214,67.156537,113.38,44,1,1,0,0,5,28,7,1,31,0,1,0.0,113.38,113.38,1,1,0.8099149939281376,4
25.041198,67.167,93.92,128,1,1,0,13,15,27,7,0,31,0,0,0.0,93.92,93.92,1,0,0.6709050646474748,4
24.874858,67.013374,48.35,42,1,1,0,12,31,27,7,0,31,0,0,0.0,48.35,48.35,1,0,0.3453818129866419,2
24.96033,66.986455,97.5,107,1,1,0,4,23,28,7,1,31,0,1,0.0,97.5,97.5,1,0,0.6964783198799914,4
24.945485,67.144801,2.9,117,1,1,0,8,6,28,7,1,31,0,0,0.0,2.9,2.9,1,0,0.020715765411815128,1
25.042778,67.094099,60.43,302,1,1,0,18,41,27,7,0,31,0,0,0.0,60.43,60.43,1,0,0.43167369097792696,3
24.805419,67.01586,49.8,121,1,1,0,10,46,28,7,1,31,0,0,0.0,49.8,49.8,1,0,0.35573969569254943,2
24.838332,67.208526,26.95,319,1,1,0,12,31,27,7,0,31,0,0,0.0,26.95,26.95,1,0,0.192513750982213,1
24.898098,66.984719,37.11,276,1,1,0,4,1,28,7,1,31,0,1,0.0,37.11,37.11,1,0,0.2650903635973998,2
24.997959,67.194442,96.16,131,1,1,0,8,41,28,7,1,31,0,0,0.0,96.16,96.16,1,0,0.6869062075862561,4
24.837002,67.0383,13.33,346,1,1,0,11,59,27,7,0,31,0,0,0.0,13.33,13.33,1,0,0.09522108722051574,1
24.829051,66.914981,110.15,147,1,1,0,10,34,28,7,1,31,0,0,0.0,110.15,110.15,1,1,0.7868419172798057,4
24.809723,67.256981,12.48,196,1,1,0,22,30,27,7,0,31,0,1,0.0,12.48,12.48,1,0,0.0891492249446389,1
24.991164,66.922019,40.89,262,1,1,0,3,30,28,7,1,31,0,1,0.0,40.89,40.89,1,0,0.29209229230659334,2
24.956871,67.120756,37.03,243,1,1,0,2,49,28,7,1,31,0,1,0.0,37.03,37.03,1,0,0.264518894206729,2
24.987275,67.207011,43.99,295,1,1,0,14,46,27,7,0,31,0,0,0.0,43.99,43.99,1,0,0.3142367311950854,2
25.046017,67.017963,22.77,163,1,1,0,1,50,28,7,1,31,0,1,0.0,22.77,22.77,1,0,0.16265447531966568,1
25.053439,67.041934,3.93,356,1,1,0,6,31,28,7,1,31,0,0,0.0,3.93,3.93,1,0,0.02807343381670119,1
25.059254,67.203957,72.79,67,1,1,0,23,24,27,7,0,31,0,1,0.0,72.79,72.79,1,0,0.5199657118365598,3
24.750548,67.041126,100.6,292,1,1,0,20,11,27,7,0,31,0,1,0.0,100.6,100.6,1,1,0.7186227587684834,4
24.832019,66.986908,103.68,28,1,1,0,6,15,28,7,1,31,0,0,0.0,103.68,103.68,1,1,0.7406243303093079,4
24.96035,67.188472,90.25,145,1,1,0,10,22,28,7,1,31,0,0,0.0,90.25,90.25,1,0,0.6446889063504536,4
24.814582,67.284498,26.04,288,1,1,0,12,46,27,7,0,31,0,0,0.0,26.04,26.04,1,0,0.18601328666333308,1
25.012353,66.952095,66.76,105,1,1,0,4,47,28,7,1,31,0,1,0.0,66.76,66.76,1,0,0.47689120651475103,3
25.009975,66.919127,12.43,112,1,1,0,6,50,28,7,1,31,0,0,0.0,12.43,12.43,1,0,0.08879205657546967,1
24.929055,67.147079,58.64,144,1,1,0,7,12,28,7,1,31,0,0,0.0,58.64,58.64,1,0,0.41888706336166864,2
25.071971,67.182738,28.53,266,1,1,0,23,27,27,7,0,31,0,1,0.0,28.53,28.53,1,0,0.20380027144796056,1
24.855963,67.149293,84.64,39,1,1,0,16,25,27,7,0,31,0,0,0.0,84.64,84.64,1,0,0.6046146153296663,3
25.033836,67.086092,107.22,106,1,1,0,23,13,27,7,0,31,0,1,0.0,107.22,107.22,1,1,0.7659118508464889,4
24.860297,67.264509,42.7,130,1,1,0,6,25,28,7,1,31,0,0,0.0,42.7,42.7,1,0,0.3050217872705193,2
24.953341,66.944997,126.66,218,1,1,0,9,44,28,7,1,31,0,0,0.0,126.66,126.66,1,1,0.9047789127794842,4
24.885201,67.097707,33.99,17,1,1,0,11,15,28,7,1,31,0,0,0.0,33.99,33.99,1,0,0.24280305736124008,2
24.833141,66.998527,77.42,67,1,1,0,18,11,27,7,0,31,0,0,0.0,77.42,77.42,1,0,0.5530395028216301,3
24.983109,67.143142,115.22,336,1,1,0,17,6,27,7,0,31,0,0,0.0,115.22,115.22,1,1,0.8230587899135652,4
25.079581,67.106197,29.73,299,1,1,0,12,3,27,7,0,31,0,0,0.0,29.73,29.73,1,0,0.212372312308022,1
24.810425,66.922327,133.87,299,1,1,0,3,45,28,7,1,31,0,1,0.0,133.87,133.87,1,1,0.9562825916136867,4
24.948281,67.220482,118.94,4,1,1,0,10,10,28,7,1,31,0,0,0.0,118.94,118.94,1,1,0.8496321165797557,4
24.851818,66.949189,114.79,143,1,1,0,3,51,28,7,1,31,0,1,0.0,114.79,114.79,1,1,0.8199871419387099,4
24.85252,66.932518,73.29,316,1,1,0,20,16,27,7,0,31,0,1,0.0,73.29,73.29,1,0,0.5235373955282521,3
25.044811,67.220829,113.48,330,1,1,0,19,12,27,7,0,31,0,0,0.0,113.48,113.48,1,1,0.8106293306664761,4
24.940433,67.028578,53.89,145,1,1,0,23,12,27,7,0,31,0,1,0.0,53.89,53.89,1,0,0.38495606829059215,2
24.763647,66.923554,133.32,157,1,1,0,0,32,28,7,1,31,0,1,0.0,133.32,133.32,1,1,0.9523537395528251,4
24.918296,67.033294,39.65,240,1,1,0,4,13,28,7,1,31,0,1,0.0,39.65,39.65,1,0,0.2832345167511965,2
24.979323,67.091036,21.1,80,1,1,0,6,56,28,7,1,31,0,0,0.0,21.1,21.1,1,0,0.15072505178941353,1
24.904427,67.111488,61.02,179,1,1,0,16,16,27,7,0,31,0,0,0.0,61.02,61.02,1,0,0.43588827773412386,3
24.873497,67.061191,53.34,282,1,1,0,22,56,27,7,0,31,0,1,0.0,53.34,53.34,1,0,0.3810272162297307,2
25.070894,66.979763,138.17,1,1,1,0,18,41,27,7,0,31,0,0,0.0,138.17,138.17,1,1,0.98699907136224,4
24.843911,67.191275,55.82,173,1,1,0,12,11,27,7,0,31,0,0,0.0,55.82,55.82,1,0,0.3987427673405243,2
24.981732,67.184489,114.43,176,1,1,0,20,16,27,7,0,31,0,1,0.0,114.43,114.43,1,1,0.8174155296806914,4
24.781171,67.047168,60.05,290,1,1,0,7,4,28,7,1,31,0,0,0.0,60.05,60.05,1,0,0.4289592113722408,3
24.769078,67.224096,27.07,182,1,1,0,2,20,28,7,1,31,0,1,0.0,27.07,27.07,1,0,0.19337095506821914,1
24.823175,66.953051,102.54,235,1,1,0,9,7,28,7,1,31,0,0,0.0,102.54,102.54,1,1,0.7324808914922495,4
24.950266,67.072008,44.45,284,1,1,0,21,6,27,7,0,31,0,1,0.0,44.45,44.45,1,0,0.31752268019144225,2
24.867286,67.252312,97.86,307,1,1,0,4,48,28,7,1,31,0,1,0.0,97.86,97.86,1,0,0.6990499321380098,4
25.04836,67.225759,109.02,163,1,1,0,18,40,27,7,0,31,0,0,0.0,109.02,109.02,1,1,0.7787699121365811,4
24.894306,67.205178,55.03,342,1,1,0,1,24,28,7,1,31,0,1,0.0,55.03,55.03,1,0,0.3930995071076505,2
24.815965,66.927988,46.15,71,1,1,0,13,51,27,7,0,31,0,0,0.0,46.15,46.15,1,0,0.3296664047431959,2
25.089919,67.2039,44.18,333,1,1,0,21,21,27,7,0,31,0,1,0.0,44.18,44.18,1,0,0.3155939709979284,2
24.988167,66.983049,111.03,198,1,1,0,14,52,27,7,0,31,0,0,0.0,111.03,111.03,1,1,0.7931280805771841,4
24.843777,67.166779,28.44,34,1,1,0,1,31,28,7,1,31,0,1,0.0,28.44,28.44,1,0,0.20315736838345597,1
25.005809,67.069651,136.57,243,1,1,0,19,6,27,7,0,31,0,0,0.0,136.57,136.57,1,1,0.9755696835488248,4
24.892647,67.155788,13.73,159,1,1,0,8,16,28,7,1,31,0,0,0.0,13.73,13.73,1,0,0.09807843417386956,1
25.074281,67.214052,0.3,146,1,1,0,19,57,27,7,0,31,0,0,0.0,0.3,0.3,1,0,0.002143010215015358,1
24.944178,67.163818,92.18,24,1,1,0,6,18,28,7,1,31,0,0,0.0,92.18,92.18,1,0,0.6584756054003857,4
24.954829,66.980535,66.01,291,1,1,0,21,5,27,7,0,31,0,1,0.0,66.01,66.01,1,0,0.47153368097721265,3
25.021213,67.16726,10.07,123,1,1,0,14,50,27,7,0,31,0,0,0.0,10.07,10.07,1,0,0.07193370955068219,1
24.966509,66.962398,28.39,54,1,1,0,6,59,28,7,1,31,0,0,0.0,28.39,28.39,1,0,0.20280020001428672,1
24.973568,67.177288,69.43,238,1,1,0,12,38,27,7,0,31,0,0,0.0,69.43,69.43,1,0,0.49596399742838776,3
25.041075,67.159479,37.49,303,1,1,0,18,59,27,7,0,31,0,0,0.0,37.49,37.49,1,0,0.26780484320308595,2
24.999315,67.114999,72.34,30,1,1,0,21,44,27,7,0,31,0,1,0.0,72.34,72.34,1,0,0.5167511965140367,3
25.061859,67.29609,16.49,37,1,1,0,5,44,28,7,1,31,0,1,0.0,16.49,16.49,1,0,0.11779412815201083,1
24.796172,67.026927,130.25,271,1,1,0,19,35,27,7,0,31,0,0,0.0,130.25,130.25,1,1,0.9304236016858346,4
25.059689,66.962793,58.39,206,1,1,0,20,27,27,7,0,31,0,1,0.0,58.39,58.39,1,0,0.4171012215158225,2
24.783169,67.085917,86.28,184,1,1,0,12,23,27,7,0,31,0,0,0.0,86.28,86.28,1,0,0.616329737838417,3
24.908824,67.19626,82.71,173,1,1,0,5,14,28,7,1,31,0,1,0.0,82.71,82.71,1,0,0.5908279162797342,3
24.82911,67.151529,49.06,98,1,1,0,1,21,28,7,1,31,0,1,0.0,49.06,49.06,1,0,0.3504536038288449,2
24.947651,67.148579,8.83,301,1,1,0,10,1,28,7,1,31,0,0,0.0,8.83,8.83,1,0,0.06307593399528537,1
24.964989,67.263796,43.84,309,1,1,0,17,34,27,7,0,31,0,0,0.0,43.84,43.84,1,0,0.3131652260875777,2
24.948954,66.9832,24.22,212,1,1,0,0,49,28,7,1,31,0,1,0.0,24.22,24.22,1,0,0.17301235802557324,1
24.89878,67.223748,42.2,38,1,1,0,10,47,28,7,1,31,0,0,0.0,42.2,42.2,1,0,0.30145010357882707,2
25.07478,66.987617,74.16,299,1,1,0,5,38,28,7,1,31,0,1,0.0,74.16,74.16,1,0,0.5297521251517965,3
25.048026,67.287354,111.39,250,1,1,0,3,44,28,7,1,31,0,1,0.0,111.39,111.39,1,1,0.7956996928352025,4
25.021443,67.282442,19.01,129,1,1,0,17,52,27,7,0,31,0,0,0.0,19.01,19.01,1,0,0.13579541395813988,1
25.049648,67.111342,64.55,166,1,1,0,10,37,28,7,1,31,0,0,0.0,64.55,64.55,1,0,0.4611043645974712,3
24.835503,67.283072,125.83,284,1,1,0,13,0,27,7,0,31,0,0,0.0,125.83,125.83,1,1,0.898849917851275,4
25.027511,67.298177,66.49,294,1,1,0,3,54,28,7,1,31,0,1,0.0,66.49,66.49,1,0,0.4749624973212372,3
24.948862,67.291288,42.19,180,1,1,0,8,9,28,7,1,31,0,0,0.0,42.19,42.19,1,0,0.3013786699049932,2
25.007398,66.921146,17.69,327,1,1,0,21,52,27,7,0,31,0,1,0.0,17.69,17.69,1,0,0.1263661690120723,1
25.051304,67.000047,15.52,183,1,1,0,7,18,28,7,1,31,0,0,0.0,15.52,15.52,1,0,0.11086506179012785,1
24.825809,67.124161,34.52,117,1,1,0,13,16,27,7,0,31,0,0,0.0,34.52,34.52,1,0,0.24658904207443388,2
25.079678,67.028873,0.44,324,1,1,0,22,14,27,7,0,31,0,1,0.0,0.44,0.44,1,0,0.003143081648689192,1
24.877991,67.08643,48.75,343,1,1,0,22,45,27,7,0,31,0,1,0.0,48.75,48.75,1,0,0.3482391599399957,2
24.949107,67.272673,108.09,111,1,1,0,17,21,27,7,0,31,0,0,0.0,108.09,108.09,1,1,0.7721265804700336,4
25.072363,67.287013,4.53,113,1,1,0,12,3,27,7,0,31,0,0,0.0,4.53,4.53,1,0,0.03235945424673191,1
24.832181,67.247917,2.01,296,1,1,0,15,3,27,7,0,31,0,0,0.0,2.01,2.01,1,0,0.014358168440602897,1
24.77315,67.087625,5.8,139,1,1,0,18,4,27,7,0,31,0,0,0.0,5.8,5.8,1,0,0.041431530823630255,1
25.009985,67.249694,5.83,102,1,1,0,14,35,27,7,0,31,0,0,0.0,5.83,5.83,1,0,0.04164583184513179,1
24.999841,67.109049,99.68,297,1,1,0,3,41,28,7,1,31,0,1,0.0,99.68,99.68,1,0,0.7120508607757697,4
25.076839,67.062294,49.37,153,1,1,0,19,4,27,7,0,31,0,0,0.0,49.37,49.37,1,0,0.35266804771769406,2
25.071768,67.107752,109.44,84,1,1,0,2,47,28,7,1,31,0,1,0.0,109.44,109.44,1,1,0.7817701264376026,4
24.973629,66.907925,1.91,69,1,1,0,1,49,28,7,1,31,0,1,0.0,1.91,1.91,1,0,0.013643831702264447,1
24.953042,67.283641,66.99,107,1,1,0,3,8,28,7,1,31,0,1,0.0,66.99,66.99,1,0,0.47853418101292944,3
24.900435,67.140928,48.05,184,1,1,0,15,51,27,7,0,31,0,0,0.0,48.05,48.05,1,0,0.3432388027716265,2
25.009358,67.172807,101.32,340,1,1,0,2,13,28,7,1,31,0,1,0.0,101.32,101.32,1,1,0.7237659832845202,4
25.074778,67.202083,125.37,192,1,1,0,5,52,28,7,1,31,0,1,0.0,125.37,125.37,1,1,0.8955639688549182,4
25.080226,66.963177,77.08,295,1,1,0,12,51,27,7,0,31,0,0,0.0,77.08,77.08,1,0,0.5506107579112793,3
24.903389,66.920216,134.46,348,1,1,0,16,16,27,7,0,31,0,0,0.0,134.46,134.46,1,1,0.9604971783698836,4
25.075762,67.24423,15.24,301,1,1,0,12,23,27,7,0,31,0,0,0.0,15.24,15.24,1,0,0.10886491892278019,1
24.995551,67.248653,36.57,108,1,1,0,2,30,28,7,1,31,0,1,0.0,36.57,36.57,1,0,0.26123294521037216,2
24.866914,67.14517,51.98,177,1,1,0,12,42,27,7,0,31,0,0,0.0,51.98,51.98,1,0,0.3713122365883277,2
25.040546,67.1605,106.62,250,1,1,0,19,50,27,7,0,31,0,0,0.0,106.62,106.62,1,1,0.7616258304164583,4
24.835689,67.076067,37.06,329,1,1,0,13,45,27,7,0,31,0,0,0.0,37.06,37.06,1,0,0.2647331952282306,2
25.023317,67.218452,30.66,256,1,1,0,21,11,27,7,0,31,0,1,0.0,30.66,30.66,1,0,0.2190156439745696,2
24.786981,66.994365,5.33,35,1,1,0,7,48,28,7,1,31,0,0,0.0,5.33,5.33,1,0,0.03807414815343953,1
24.966254,67.0954,37.33,225,1,1,0,17,22,27,7,0,31,0,0,0.0,37.33,37.33,1,0,0.26666190442174437,2
25.064527,67.268534,106.47,107,1,1,0,23,13,27,7,0,31,0,1,0.0,106.47,106.47,1,1,0.7605543253089506,4
24.799966,67.138801,86.14,21,1,1,0,17,0,27,7,0,31,0,0,0.0,86.14,86.14,1,0,0.6153296664047432,3
25.00907,67.115741,89.28,189,1,1,0,18,48,27,7,0,31,0,0,0.0,89.28,89.28,1,0,0.6377598399885706,3
25.056163,66.939083,6.2,148,1,1,0,14,45,27,7,0,31,0,0,0.0,6.2,6.2,1,0,0.04428887777698407,1
24.813405,66.990825,84.1,96,1,1,0,20,29,27,7,0,31,0,1,0.0,84.1,84.1,1,0,0.6007571969426386,3
24.793089,67.279205,122.87,13,1,1,0,19,11,27,7,0,31,0,0,0.0,122.87,122.87,1,1,0.8777055503964568,4
24.798431,66.992505,44.76,355,1,1,0,5,47,28,7,1,31,0,1,0.0,44.76,44.76,1,0,0.3197371240802914,2
25.038309,67.101856,48.62,153,1,1,0,19,35,27,7,0,31,0,0,0.0,48.62,48.62,1,0,0.3473105221801557,2
25.030128,67.076904,49.6,51,1,1,0,5,7,28,7,1,31,0,1,0.0,49.6,49.6,1,0,0.3543110222158726,2
24.798607,67.216149,16.99,13,1,1,0,22,12,27,7,0,31,0,1,0.0,16.99,16.99,1,0,0.1213658118437031,1
24.780258,66.936909,135.32,271,1,1,0,8,3,28,7,1,31,0,0,0.0,135.32,135.32,1,1,0.9666404743195941,4
24.99064,66.986045,53.56,243,1,1,0,10,54,28,7,1,31,0,0,0.0,53.56,53.56,1,0,0.38259875705407526,2
24.927269,67.179492,122.96,145,1,1,0,9,0,28,7,1,31,0,0,0.0,122.96,122.96,1,1,0.8783484534609614,4
24.802385,66.929317,19.03,103,1,1,0,14,32,27,7,0,31,0,0,0.0,19.03,19.03,1,0,0.13593828130580757,1
24.834957,67.269902,84.2,12,1,1,0,8,44,28,7,1,31,0,0,0.0,84.2,84.2,1,0,0.6014715336809772,3
25.025744,67.196123,120.1,263,1,1,0,8,50,28,7,1,31,0,0,0.0,120.1,120.1,1,1,0.8579184227444816,4
24.827349,67.260655,21.57,86,1,1,0,18,57,27,7,0,31,0,0,0.0,21.57,21.57,1,0,0.15408243445960426,1
24.831664,66.983351,60.8,297,1,1,0,20,30,27,7,0,31,0,1,0.0,60.8,60.8,1,0,0.43431673690977923,3
24.995051,67.096184,68.86,239,1,1,0,0,54,28,7,1,31,0,1,0.0,68.86,68.86,1,0,0.4918922780198585,3
24.884281,66.914513,75.97,239,1,1,0,4,59,28,7,1,31,0,1,0.0,75.97,75.97,1,0,0.5426816201157225,3
25.074689,67.262017,55.77,255,1,1,0,16,39,27,7,0,31,0,0,0.0,55.77,55.77,1,0,0.3983855989713551,2
24.88801,67.203289,113.4,163,1,1,0,18,54,27,7,0,31,0,0,0.0,113.4,113.4,1,1,0.8100578612758054,4
24.947373,67.005445,117.71,289,1,1,0,22,31,27,7,0,31,0,1,0.0,117.71,117.71,1,1,0.8408457746981927,4
25.000538,67.056763,31.71,51,1,1,0,3,20,28,7,1,31,0,1,0.0,31.71,31.71,1,0,0.22651617972712335,2
25.069727,67.097888,17.97,164,1,1,0,11,47,27,7,0,31,0,0,0.0,17.97,17.97,1,0,0.12836631187941994,1
24.815075,67.020607,25.35,330,1,1,0,7,25,28,7,1,31,0,0,0.0,25.35,25.35,1,0,0.18108436316879778,1
24.81908,67.18464,81.74,164,1,1,0,1,3,28,7,1,31,0,1,0.0,81.74,81.74,1,0,0.5838988499178512,3
24.808144,66.957127,139.31,87,1,1,0,9,46,28,7,1,31,0,0,0.0,139.31,139.31,1,1,0.9951425101792984,4
24.960123,67.031051,34.52,173,1,1,0,23,52,27,7,0,31,0,1,0.0,34.52,34.52,1,0,0.24658904207443388,2
24.859775,66.909982,21.07,196,1,1,0,11,45,27,7,0,31,0,0,0.0,21.07,21.07,1,0,0.15051075076791198,1
25.05455,67.264901,137.18,16,1,1,0,16,25,27,7,0,31,0,0,0.0,137.18,137.18,1,1,0.9799271376526895,4
24.969473,67.009496,55.06,286,1,1,0,17,55,27,7,0,31,0,0,0.0,55.06,55.06,1,0,0.39331380812915206,2
24.923576,67.038701,48.29,78,1,1,0,22,18,27,7,0,31,0,1,0.0,48.29,48.29,1,0,0.3449532109436388,2
24.896005,67.099801,21.51,205,1,1,0,0,30,28,7,1,31,0,1,0.0,21.51,21.51,1,0,0.1536538324166012,1
24.770762,67.266962,120.69,325,1,1,0,13,56,27,7,0,31,0,0,0.0,120.69,120.69,1,1,0.8621330095006785,4
25.057792,67.276802,61.27,123,1,1,0,3,46,28,7,1,31,0,1,0.0,61.27,61.27,1,0,0.43767411957997,3
24.880255,67.295318,95.91,251,1,1,0,16,0,27,7,0,31,0,0,0.0,95.91,95.91,1,0,0.6851203657404099,4
24.820323,67.245539,42.45,244,1,1,0,21,7,27,7,0,31,0,1,0.0,42.45,42.45,1,0,0.3032359454246732,2
24.941125,67.214139,51.2,91,1,1,0,20,14,27,7,0,31,0,1,0.0,51.2,51.2,1,0,0.3657404100292878,2
24.893886,67.245535,92.26,27,1,1,0,11,33,27,7,0,31,0,0,0.0,92.26,92.26,1,0,0.6590470747910565,4
24.852687,66.990966,52.67,336,1,1,0,16,34,27,7,0,31,0,0,0.0,52.67,52.67,1,0,0.37624116008286307,2
24.847206,67.18414,34.39,326,1,1,0,4,49,28,7,1,31,0,1,0.0,34.39,34.39,1,0,0.24566040431459388,2
24.810938,67.020593,104.15,2,1,1,0,10,11,28,7,1,31,0,0,0.0,104.15,104.15,1,1,0.7439817129794986,4
25.085941,66.938482,12.04,17,1,1,0,6,14,28,7,1,31,0,0,0.0,12.04,12.04,1,0,0.0860061432959497,1
25.025647,67.23357,65.6,276,1,1,0,13,6,27,7,0,31,0,0,0.0,65.6,65.6,1,0,0.46860490035002494,3
24.7606,66.978094,32.39,271,1,1,0,3,25,28,7,1,31,0,1,0.0,32.39,32.39,1,0,0.23137366954782485,2
25.065482,67.163833,76.37,302,1,1,0,21,26,27,7,0,31,0,1,0.0,76.37,76.37,1,0,0.5455389670690763,3
24.772901,67.287372,22.47,277,1,1,0,1,47,28,7,1,31,0,1,0.0,22.47,22.47,1,0,0.1605114651046503,1
24.922199,67.028257,63.39,77,1,1,0,9,32,28,7,1,31,0,0,0.0,63.39,63.39,1,0,0.4528180584327452,3
25.058929,67.042543,27.53,100,1,1,0,9,23,28,7,1,31,0,0,0.0,27.53,27.53,1,0,0.19665690406457603,1
24.815679,67.083434,13.01,313,1,1,0,2,59,28,7,1,31,0,1,0.0,13.01,13.01,1,0,0.0929352096578327,1
24.827489,67.190792,65.06,98,1,1,0,21,13,27,7,0,31,0,1,0.0,65.06,65.06,1,0,0.46474748196299737,3
24.85641,67.160451,90.37,249,1,1,0,1,27,28,7,1,31,0,1,0.0,90.37,90.37,1,0,0.6455461104364597,4
25.043678,67.196253,82.34,80,1,1,0,14,18,27,7,0,31,0,0,0.0,82.34,82.34,1,0,0.588184870347882,3
25.052251,67.249516,7.5,240,1,1,0,16,2,27,7,0,31,0,0,0.0,7.5,7.5,1,0,0.053575255375383955,1
25.09713,67.058982,79.05,104,1,1,0,20,18,27,7,0,31,0,1,0.0,79.05,79.05,1,0,0.5646831916565468,3
24.756077,66.955446,3.2,216,1,1,0,10,50,28,7,1,31,0,0,0.0,3.2,3.2,1,0,0.022858775626830488,1
24.994866,66.945185,7.83,279,1,1,0,19,55,27,7,0,31,0,0,0.0,7.83,7.83,1,0,0.055932566611900845,1
24.838707,67.015958,87.19,125,1,1,0,16,30,27,7,0,31,0,0,0.0,87.19,87.19,1,0,0.6228302021572969,3
24.881731,67.259344,5.47,229,1,1,0,12,8,27,7,0,31,0,0,0.0,5.47,5.47,1,0,0.03907421958711336,1
24.993125,67.092565,78.17,52,1,1,0,23,54,27,7,0,31,0,1,0.0,78.17,78.17,1,0,0.5583970283591685,3
24.980807,67.247819,64.76,158,1,1,0,1,15,28,7,1,31,0,1,0.0,64.76,64.76,1,0,0.462604471747982,3
25.097566,66.979489,121.57,347,1,1,0,5,4,28,7,1,31,0,1,0.0,121.57,121.57,1,1,0.8684191727980569,4
24.796884,67.017042,32.22,284,1,1,0,6,6,28,7,1,31,0,0,0.0,32.22,32.22,1,0,0.23015929709264946,2
24.778565,66.948197,105.5,97,1,1,0,22,4,27,7,0,31,0,1,0.0,105.5,105.5,1,1,0.7536252589470676,4
25.037184,66.986429,107.92,12,1,1,0,14,34,27,7,0,31,0,0,0.0,107.92,107.92,1,1,0.7709122080148582,4
24.867384,67.18393,46.3,156,1,1,0,4,45,28,7,1,31,0,1,0.0,46.3,46.3,1,0,0.33073790985070356,2
25.037369,67.147173,56.7,172,1,1,0,3,40,28,7,1,31,0,1,0.0,56.7,56.7,1,0,0.4050289306379027,2
25.019102,67.238808,26.6,11,1,1,0,18,10,27,7,0,31,0,0,0.0,26.6,26.6,1,0,0.19001357239802844,1
25.006079,67.103092,61.07,185,1,1,0,0,52,28,7,1,31,0,1,0.0,61.07,61.07,1,0,0.4362454461032931,3
24.755378,67.181449,56.76,46,1,1,0,15,20,27,7,0,31,0,0,0.0,56.76,56.76,1,0,0.40545753268090573,2
24.981241,67.227847,56.04,72,1,1,0,19,54,27,7,0,31,0,0,0.0,56.04,56.04,1,0,0.4003143081648689,2
24.782517,66.958942,113.17,353,1,1,0,11,4,28,7,1,31,0,0,0.0,113.17,113.17,1,1,0.808414886777627,4
24.763953,67.158835,114.14,225,1,1,0,18,34,27,7,0,31,0,0,0.0,114.14,114.14,1,1,0.8153439531395099,4
25.007859,67.269117,70.38,60,1,1,0,6,25,28,7,1,31,0,0,0.0,70.38,70.38,1,0,0.502750196442603,3
24.808876,66.980306,38.02,250,1,1,0,20,56,27,7,0,31,0,1,0.0,38.02,38.02,1,0,0.27159082791627975,2
24.905385,67.224264,132.91,280,1,1,0,8,13,28,7,1,31,0,0,0.0,132.91,132.91,1,1,0.9494249589256375,4
24.990701,66.944799,87.42,137,1,1,0,20,10,27,7,0,31,0,1,0.0,87.42,87.42,1,0,0.6244731766554754,3
25.060843,67.134685,94.03,116,1,1,0,11,5,28,7,1,31,0,0,0.0,94.03,94.03,1,0,0.6716908350596471,4
24.946123,67.012645,106.76,33,1,1,0,15,23,27,7,0,31,0,0,0.0,106.76,106.76,1,1,0.7626259018501321,4
24.999531,67.124581,79.9,27,1,1,0,14,59,27,7,0,31,0,0,0.0,79.9,79.9,1,0,0.5707550539324238,3
24.808174,67.244073,37.93,314,1,1,0,21,36,27,7,0,31,0,1,0.0,37.93,37.93,1,0,0.2709479248517751,2
25.052109,67.05836,30.73,156,1,1,0,19,52,27,7,0,31,0,0,0.0,30.73,30.73,1,0,0.2195156796914065,2
25.053582,67.29359,61.69,79,1,1,0,8,42,28,7,1,31,0,0,0.0,61.69,61.69,1,0,0.4406743338809915,3
25.013399,67.223094,1.41,274,1,1,0,14,40,27,7,0,31,0,0,0.0,1.41,1.41,1,0,0.010072148010572183,1
24.755095,67.123741,30.26,19,1,1,0,5,56,28,7,1,31,0,1,0.0,30.26,30.26,1,0,0.2161582970212158,2
25.081878,67.010186,111.55,221,1,1,0,1,21,28,7,1,31,0,1,0.0,111.55,111.55,1,1,0.796842631616544,4
25.059862,66.93549,137.53,343,1,1,0,12,4,27,7,0,31,0,0,0.0,137.53,137.53,1,1,0.982427316236874,4
25.080818,67.225426,97.11,281,1,1,0,10,0,28,7,1,31,0,0,0.0,97.11,97.11,1,0,0.6936924066004714,4
25.070211,67.164415,21.63,218,1,1,0,13,12,27,7,0,31,0,0,0.0,21.63,21.63,1,0,0.1545110365026073,1
24.762948,67.287664,52.88,31,1,1,0,16,42,27,7,0,31,0,0,0.0,52.88,52.88,1,0,0.3777412672333738,2
24.921874,66.905256,19.23,290,1,1,0,20,10,27,7,0,31,0,1,0.0,19.23,19.23,1,0,0.13736695478248445,1
24.874914,67.089247,114.39,204,1,1,0,23,54,27,7,0,31,0,1,0.0,114.39,114.39,1,1,0.8171297949853561,4
24.928591,67.100239,136.5,247,1,1,0,0,22,28,7,1,31,0,1,0.0,136.5,136.5,1,1,0.9750696478319879,4
24.782715,67.030341,32.57,60,1,1,0,1,17,28,7,1,31,0,1,0.0,32.57,32.57,1,0,0.23265947567683404,2
24.980415,67.058996,26.12,165,1,1,0,18,58,27,7,0,31,0,0,0.0,26.12,26.12,1,0,0.18658475605400385,1
24.871404,67.167951,83.57,300,1,1,0,10,22,28,7,1,31,0,0,0.0,83.57,83.57,1,0,0.5969712122294448,3
24.96047,67.215952,133.26,199,1,1,0,15,15,27,7,0,31,0,0,0.0,133.26,133.26,1,1,0.951925137509822,4
25.053305,67.177996,28.63,137,1,1,0,13,47,27,7,0,31,0,0,0.0,28.63,28.63,1,0,0.204514608186299,1
24.784811,67.272433,34.38,132,1,1,0,5,11,28,7,1,31,0,1,0.0,34.38,34.38,1,0,0.24558897064076005,2
24.753911,67.291403,97.35,50,1,1,0,14,39,27,7,0,31,0,0,0.0,97.35,97.35,1,0,0.6954068147724837,4
25.04244,66.996951,99.59,331,1,1,0,3,51,28,7,1,31,0,1,0.0,99.59,99.59,1,0,0.7114079577112651,4
24.973328,66.998415,113.52,274,1,1,0,19,51,27,7,0,31,0,0,0.0,113.52,113.52,1,1,0.8109150653618115,4
24.959592,67.056295,125.4,29,1,1,0,19,0,27,7,0,31,0,0,0.0,125.4,125.4,1,1,0.8957782698764197,4
25.018054,66.98728,120.58,236,1,1,0,9,11,28,7,1,31,0,0,0.0,120.58,120.58,1,1,0.8613472390885063,4
24.907999,66.917395,125.06,315,1,1,0,3,1,28,7,1,31,0,1,0.0,125.06,125.06,1,1,0.893349524966069,4
24.790436,66.933358,81.3,207,1,1,0,10,13,28,7,1,31,0,0,0.0,81.3,81.3,1,0,0.580755768269162,3
24.894461,67.180006,63.4,262,1,1,0,0,28,28,7,1,31,0,1,0.0,63.4,63.4,1,0,0.45288949210657903,3
24.787692,67.130286,26.36,302,1,1,0,10,2,28,7,1,31,0,0,0.0,26.36,26.36,1,0,0.18829916422601614,1
25.0107,67.182437,31.27,204,1,1,0,8,37,28,7,1,31,0,0,0.0,31.27,31.27,1,0,0.22337309807843417,2
24.848461,67.170349,0.34,159,1,1,0,19,27,27,7,0,31,0,0,0.0,0.34,0.34,1,0,0.0024287449103507393,1
24.974637,67.058396,76.32,79,1,1,0,15,23,27,7,0,31,0,0,0.0,76.32,76.32,1,0,0.545181798699907,3
24.751634,67.289237,109.86,176,1,1,0,7,7,28,7,1,31,0,0,0.0,109.86,109.86,1,1,0.7847703407386242,4
25.032538,67.165425,98.2,118,1,1,0,17,4,27,7,0,31,0,0,0.0,98.2,98.2,1,0,0.7014786770483605,4
24.882594,67.133074,99.8,336,1,1,0,5,53,28,7,1,31,0,1,0.0,99.8,99.8,1,0,0.7129080648617758,4
25.031881,67.075592,96.31,275,1,1,0,11,46,27,7,0,31,0,0,0.0,96.31,96.31,1,0,0.6879777126937638,4
24.99734,67.202184,2.53,345,1,1,0,14,21,27,7,0,31,0,0,0.0,2.53,2.53,1,0,0.01807271947996285,1
24.807029,67.211797,12.49,145,1,1,0,11,47,27,7,0,31,0,0,0.0,12.49,12.49,1,0,0.08922065861847274,1
25.011859,67.252771,29.57,346,1,1,0,22,30,27,7,0,31,0,1,0.0,29.57,29.57,1,0,0.21122937352668048,1
24.889948,67.126629,70.82,153,1,1,0,8,23,28,7,1,31,0,0,0.0,70.82,70.82,1,0,0.5058932780912921,3
25.015274,66.9961,68.47,91,1,1,0,4,25,28,7,1,31,0,1,0.0,68.47,68.47,1,0,0.48910636474033853,3
24.997246,66.964067,132.29,342,1,1,0,5,59,28,7,1,31,0,1,0.0,132.29,132.29,1,1,0.944996071147939,4
24.983265,67.212123,51.67,188,1,1,0,12,43,27,7,0,31,0,0,0.0,51.67,51.67,1,0,0.3690977926994785,2
24.81669,67.244775,16.59,136,1,1,0,0,52,28,7,1,31,0,1,0.0,16.59,16.59,1,0,0.1185084648903493,1
24.952036,66.975824,97.07,61,1,1,0,0,59,28,7,1,31,0,1,0.0,97.07,97.07,1,0,0.6934066719051359,4
24.793441,66.953907,112.5,306,1,1,0,4,46,28,7,1,31,0,1,0.0,112.5,112.5,1,1,0.8036288306307593,4
24.793205,67.185266,4.44,105,1,1,0,7,26,28,7,1,31,0,0,0.0,4.44,4.44,1,0,0.031716551182227305,1
24.774235,67.183536,104.33,77,1,1,0,20,5,27,7,0,31,0,1,0.0,104.33,104.33,1,1,0.7452675191085076,4
24.756346,67.252362,29.32,182,1,1,0,5,34,28,7,1,31,0,1,0.0,29.32,29.32,1,0,0.20944353168083432,1
24.872007,67.197111,14.35,127,1,1,0,23,14,27,7,0,31,0,1,0.0,14.35,14.35,1,0,0.10250732195156796,1
24.968732,66.962352,92.71,125,1,1,0,8,49,28,7,1,31,0,0,0.0,92.71,92.71,1,0,0.6622615901135794,4
24.934522,67.017565,30.45,141,1,1,0,17,39,27,7,0,31,0,0,0.0,30.45,30.45,1,0,0.21751553682405883,2
24.844004,66.927839,113.88,197,1,1,0,5,28,28,7,1,31,0,1,0.0,113.88,113.88,1,1,0.81348667761983,4
24.864653,67.012719,24.29,43,1,1,0,20,15,27,7,0,31,0,1,0.0,24.29,24.29,1,0,0.17351239374241015,1
24.770121,66.928516,119.82,195,1,1,0,22,30,27,7,0,31,0,1,0.0,119.82,119.82,1,1,0.855918279877134,4
24.917157,67.212617,31.53,116,1,1,0,10,34,28,7,1,31,0,0,0.0,31.53,31.53,1,0,0.22523037359811415,2
24.957915,67.219599,69.95,219,1,1,0,0,14,28,7,1,31,0,1,0.0,69.95,69.95,1,0,0.4996785484677477,3
24.97915,67.251082,111.03,282,1,1,0,3,31,28,7,1,31,0,1,0.0,111.03,111.03,1,1,0.7931280805771841,4
25.06927,67.079004,65.49,273,1,1,0,12,5,27,7,0,31,0,0,0.0,65.49,65.49,1,0,0.46781912993785263,3
24.852606,67.219361,91.19,69,1,1,0,3,35,28,7,1,31,0,1,0.0,91.19,91.19,1,0,0.651403671690835,4
24.836305,67.153228,118.69,167,1,1,0,22,23,27,7,0,31,0,1,0.0,118.69,118.69,1,1,0.8478462747339095,4
24.962523,67.000153,45.03,297,1,1,0,1,24,28,7,1,31,0,1,0.0,45.03,45.03,1,0,0.32166583327380527,2
25.059941,66.965808,127.1,130,1,1,0,6,54,28,7,1,31,0,0,0.0,127.1,127.1,1,1,0.9079219944281733,4
25.012595,67.283907,4.08,11,1,1,0,17,24,27,7,0,31,0,0,0.0,4.08,4.08,1,0,0.02914493892420887,1
25.02583,66.945101,1.57,340,1,1,0,1,40,28,7,1,31,0,1,0.0,1.57,1.57,1,0,0.011215086791913707,1
25.032151,66.905832,109.99,139,1,1,0,6,52,28,7,1,31,0,0,0.0,109.99,109.99,1,1,0.785698978498464,4
24.888779,67.210375,3.44,327,1,1,0,5,28,28,7,1,31,0,1,0.0,3.44,3.44,1,0,0.02457318379884277,1
25.085102,66.93959,25.33,311,1,1,0,5,7,28,7,1,31,0,1,0.0,25.33,25.33,1,0,0.18094149582113006,1
24.762912,67.005964,12.26,53,1,1,0,21,52,27,7,0,31,0,1,0.0,12.26,12.26,1,0,0.0875776841202943,1
25.096158,67.146459,93.93,103,1,1,0,15,49,27,7,0,31,0,0,0.0,93.93,93.93,1,0,0.6709764983213087,4
24.875758,67.143874,37.47,170,1,1,0,18,44,27,7,0,31,0,0,0.0,37.47,37.47,1,0,0.26766197585541823,2
25.001902,67.059423,77.55,297,1,1,0,16,4,27,7,0,31,0,0,0.0,77.55,77.55,1,0,0.55396814058147,3
24.750342,67.275615,19.53,200,1,1,0,4,36,28,7,1,31,0,1,0.0,19.53,19.53,1,0,0.13950996499749982,1
24.783943,66.987322,85.0,56,1,1,0,14,34,27,7,0,31,0,0,0.0,85.0,85.0,1,0,0.6071862275876848,3
24.791634,67.27795,9.38,338,1,1,0,20,40,27,7,0,31,0,1,0.0,9.38,9.38,1,0,0.06700478605614688,1
24.923602,67.018554,45.18,281,1,1,0,4,30,28,7,1,31,0,1,0.0,45.18,45.18,1,0,0.3227373383813129,2
24.974789,66.914949,114.73,295,1,1,0,21,27,27,7,0,31,0,1,0.0,114.73,114.73,1,1,0.8195585398957068,4
24.997158,67.166063,107.37,90,1,1,0,4,46,28,7,1,31,0,1,0.0,107.37,107.37,1,1,0.7669833559539967,4
25.037791,66.983186,67.96,33,1,1,0,0,6,28,7,1,31,0,1,0.0,67.96,67.96,1,0,0.4854632473748124,3
24.770706,66.935472,18.94,142,1,1,0,17,36,27,7,0,31,0,0,0.0,18.94,18.94,1,0,0.13529537824130294,1
25.041664,66.928343,43.33,54,1,1,0,15,53,27,7,0,31,0,0,0.0,43.33,43.33,1,0,0.30952210872205155,2
24.848634,67.102505,87.65,321,1,1,0,2,52,28,7,1,31,0,1,0.0,87.65,87.65,1,0,0.6261161511536538,3
24.763306,67.141292,29.87,314,1,1,0,13,14,27,7,0,31,0,0,0.0,29.87,29.87,1,0,0.21337238374169584,1
25.036668,67.120319,27.68,275,1,1,0,9,17,28,7,1,31,0,0,0.0,27.68,27.68,1,0,0.1977284091720837,1
25.097782,67.127803,93.03,222,1,1,0,3,30,28,7,1,31,0,1,0.0,93.03,93.03,1,0,0.6645474676762626,4
24.947916,67.097202,11.94,295,1,1,0,22,21,27,7,0,31,0,1,0.0,11.94,11.94,1,0,0.08529180655761125,1
24.977094,67.007676,86.58,14,1,1,0,22,10,27,7,0,31,0,1,0.0,86.58,86.58,1,0,0.6184727480534323,3
25.090198,66.946459,60.9,158,1,1,0,3,14,28,7,1,31,0,1,0.0,60.9,60.9,1,0,0.43503107364811766,3
24.975258,67.097548,60.38,310,1,1,0,19,49,27,7,0,31,0,0,0.0,60.38,60.38,1,0,0.43131652260875775,3
24.772385,67.226988,85.57,58,1,1,0,17,15,27,7,0,31,0,0,0.0,85.57,85.57,1,0,0.6112579469962139,3
24.821855,67.221148,59.88,112,1,1,0,12,11,27,7,0,31,0,0,0.0,59.88,59.88,1,0,0.4277448389170655,2
24.979907,67.128011,53.95,91,1,1,0,15,1,27,7,0,31,0,0,0.0,53.95,53.95,1,0,0.38538467033359525,2
25.007856,67.133209,126.97,292,1,1,0,4,26,28,7,1,31,0,1,0.0,126.97,126.97,1,1,0.9069933566683334,4
24.880687,66.917232,38.4,153,1,1,0,11,56,27,7,0,31,0,0,0.0,38.4,38.4,1,0,0.2743053075219658,2
24.930928,66.919367,0.83,26,1,1,0,21,1,27,7,0,31,0,1,0.0,0.83,0.83,1,0,0.005928994928209157,1
24.82704,67.047441,78.12,66,1,1,0,15,26,27,7,0,31,0,0,0.0,78.12,78.12,1,0,0.5580398599899993,3
25.02873,67.144042,16.8,342,1,1,0,5,31,28,7,1,31,0,1,0.0,16.8,16.8,1,0,0.12000857204086006,1
25.096339,66.922582,41.31,8,1,1,0,3,27,28,7,1,31,0,1,0.0,41.31,41.31,1,0,0.2950925066076148,2
24.973853,66.924231,51.76,213,1,1,0,20,11,27,7,0,31,0,1,0.0,51.76,51.76,1,0,0.3697406957639831,2
24.802673,67.24223,1.2,299,1,1,0,23,27,27,7,0,31,0,1,0.0,1.2,1.2,1,0,0.008572040860061431,1
25.023812,67.042449,71.26,3,1,1,0,0,22,28,7,1,31,0,1,0.0,71.26,71.26,1,0,0.5090363597399814,3
24.837844,67.258446,43.71,104,1,1,0,19,7,27,7,0,31,0,0,0.0,43.71,43.71,1,0,0.3122365883277377,2
25.095739,67.20884,9.83,271,1,1,0,15,26,27,7,0,31,0,0,0.0,9.83,9.83,1,0,0.0702193013786699,1
24.931296,67.126149,135.21,140,1,1,0,0,44,28,7,1,31,0,1,0.0,135.21,135.21,1,1,0.965854703907422,4
24.794624,66.923353,106.76,106,1,1,0,0,16,28,7,1,31,0,1,0.0,106.76,106.76,1,1,0.7626259018501321,4
24.794208,67.165497,111.65,302,1,1,0,3,15,28,7,1,31,0,1,0.0,111.65,111.65,1,1,0.7975569683548824,4
24.78453,67.261535,59.68,325,1,1,0,15,29,27,7,0,31,0,0,0.0,59.68,59.68,1,0,0.4263161654403886,2
25.090698,67.037521,21.08,237,1,1,0,16,26,27,7,0,31,0,0,0.0,21.08,21.08,1,0,0.15058218444174581,1
24.911855,67.009566,82.75,124,1,1,0,5,59,28,7,1,31,0,1,0.0,82.75,82.75,1,0,0.5911136509750696,3
24.953375,67.269352,64.95,172,1,1,0,8,55,28,7,1,31,0,0,0.0,64.95,64.95,1,0,0.46396171155082505,3
25.006732,67.073552,94.32,157,1,1,0,10,49,28,7,1,31,0,0,0.0,94.32,94.32,1,0,0.6737624116008285,4
24.863376,67.059529,0.22,302,1,1,0,1,33,28,7,1,31,0,1,0.0,0.22,0.22,1,0,0.001571540824344596,1
24.997192,67.057298,26.07,172,1,1,0,22,24,27,7,0,31,0,1,0.0,26.07,26.07,1,0,0.18622758768483463,1
25.02162,67.299814,73.34,91,1,1,0,17,14,27,7,0,31,0,0,0.0,73.34,73.34,1,0,0.5238945638974213,3
24.933566,66.903353,109.05,94,1,1,0,3,45,28,7,1,31,0,1,0.0,109.05,109.05,1,1,0.7789842131580826,4
24.908436,66.907935,44.62,342,1,1,0,2,43,28,7,1,31,0,1,0.0,44.62,44.62,1,0,0.31873705264661756,2
24.753452,67.050862,121.64,113,1,1,0,21,33,27,7,0,31,0,1,0.0,121.64,121.64,1,1,0.8689192085148939,4
24.913836,67.210174,38.16,27,1,1,0,19,33,27,7,0,31,0,0,0.0,38.16,38.16,1,0,0.2725908993499535,2
24.869837,67.004425,91.01,81,1,1,0,12,21,27,7,0,31,0,0,0.0,91.01,91.01,1,0,0.6501178655618258,4
25.034468,67.140139,36.51,295,1,1,0,15,41,27,7,0,31,0,0,0.0,36.51,36.51,1,0,0.26080434316736906,2
24.9335,67.127469,56.47,88,1,1,0,4,20,28,7,1,31,0,1,0.0,56.47,56.47,1,0,0.4033859561397242,2
25.041204,66.995065,44.99,230,1,1,0,4,32,28,7,1,31,0,1,0.0,44.99,44.99,1,0,0.3213800985784699,2
24.879492,67.171587,41.88,49,1,1,0,21,12,27,7,0,31,0,1,0.0,41.88,41.88,1,0,0.299164226016144,2
25.0855,67.145443,9.25,226,1,1,0,11,2,28,7,1,31,0,0,0.0,9.25,9.25,1,0,0.06607614829630687,1
25.082909,67.163209,36.82,270,1,1,0,4,4,28,7,1,31,0,1,0.0,36.82,36.82,1,0,0.2630187870562183,2
24.82631,67.203971,90.59,346,1,1,0,13,35,27,7,0,31,0,0,0.0,90.59,90.59,1,0,0.6471176512608043,4
24.996152,67.189003,137.32,69,1,1,0,3,1,28,7,1,31,0,1,0.0,137.32,137.32,1,1,0.9809272090863632,4
24.974639,67.079869,81.02,323,1,1,0,5,8,28,7,1,31,0,1,0.0,81.02,81.02,1,0,0.5787556254018144,3
24.850628,66.946905,128.07,28,1,1,0,9,29,28,7,1,31,0,0,0.0,128.07,128.07,1,1,0.9148510607900563,4
25.054549,67.183978,112.6,143,1,1,0,20,30,27,7,0,31,0,1,0.0,112.6,112.6,1,1,0.8043431673690977,4
24.893525,67.151128,14.39,337,1,1,0,8,38,28,7,1,31,0,0,0.0,14.39,14.39,1,0,0.10279305664690334,1
24.958517,67.107044,101.68,154,1,1,0,11,6,28,7,1,31,0,0,0.0,101.68,101.68,1,1,0.7263375955425387,4
24.767099,67.164815,65.42,125,1,1,0,21,35,27,7,0,31,0,1,0.0,65.42,65.42,1,0,0.46731909422101575,3
25.025054,67.190704,21.44,190,1,1,0,21,3,27,7,0,31,0,1,0.0,21.44,21.44,1,0,0.15315379669976426,1
25.084393,66.981969,84.34,145,1,1,0,12,53,27,7,0,31,0,0,0.0,84.34,84.34,1,0,0.602471605114651,3
24.972922,67.138788,51.93,170,1,1,0,22,42,27,7,0,31,0,1,0.0,51.93,51.93,1,0,0.37095506821915847,2
25.022812,67.116031,84.27,35,1,1,0,23,25,27,7,0,31,0,1,0.0,84.27,84.27,1,0,0.601971569397814,3
24.796185,67.161102,90.98,194,1,1,0,5,8,28,7,1,31,0,1,0.0,90.98,90.98,1,0,0.6499035645403243,4
24.752354,66.903957,56.04,183,1,1,0,10,15,28,7,1,31,0,0,0.0,56.04,56.04,1,0,0.4003143081648689,2
24.809237,66.901591,33.31,37,1,1,0,23,24,27,7,0,31,0,1,0.0,33.31,33.31,1,0,0.2379455675405386,2
25.031574,67.031952,77.78,156,1,1,0,15,39,27,7,0,31,0,0,0.0,77.78,77.78,1,0,0.5556111150796486,3
25.023674,66.968276,6.2,149,1,1,0,9,50,28,7,1,31,0,0,0.0,6.2,6.2,1,0,0.04428887777698407,1
25.096333,67.156,22.88,285,1,1,0,3,21,28,7,1,31,0,1,0.0,22.88,22.88,1,0,0.16344024573183796,1
25.056546,66.96932,117.98,98,1,1,0,7,22,28,7,1,31,0,0,0.0,117.98,117.98,1,1,0.8427744838917065,4
25.088687,67.18863,98.09,33,1,1,0,11,29,27,7,0,31,0,0,0.0,98.09,98.09,1,0,0.7006929066361883,4
24.912627,66.969157,16.02,28,1,1,0,1,43,28,7,1,31,0,1,0.0,16.02,16.02,1,0,0.11443674548182012,1
24.786487,67.168807,24.11,286,1,1,0,13,53,27,7,0,31,0,0,0.0,24.11,24.11,1,0,0.17222658761340096,1
24.872993,67.238894,37.38,254,1,1,0,12,2,27,7,0,31,0,0,0.0,37.38,37.38,1,0,0.26701907279091364,2
24.756324,67.236371,133.6,188,1,1,0,14,27,27,7,0,31,0,0,0.0,133.6,133.6,1,1,0.9543538824201727,4
24.759563,67.165953,4.63,12,1,1,0,10,14,28,7,1,31,0,0,0.0,4.63,4.63,1,0,0.03307379098507036,1
25.039742,66.991068,62.94,89,1,1,0,12,22,27,7,0,31,0,0,0.0,62.94,62.94,1,0,0.4496035431102221,3
24.777739,67.272804,97.34,231,1,1,0,5,55,28,7,1,31,0,1,0.0,97.34,97.34,1,0,0.6953353810986499,4
25.069075,67.115932,138.19,324,1,1,0,23,32,27,7,0,31,0,1,0.0,138.19,138.19,1,1,0.9871419387099077,4
25.026981,67.164709,55.92,88,1,1,0,5,51,28,7,1,31,0,1,0.0,55.92,55.92,1,0,0.39945710407886276,2
24.797358,67.125749,37.67,350,1,1,0,19,16,27,7,0,31,0,0,0.0,37.67,37.67,1,0,0.26909064933209514,2
24.763946,67.247159,60.88,235,1,1,0,21,59,27,7,0,31,0,1,0.0,60.88,60.88,1,0,0.43488820630045,3
24.803208,66.930097,99.05,193,1,1,0,3,44,28,7,1,31,0,1,0.0,99.05,99.05,1,0,0.7075505393242374,4
24.892178,67.037115,105.02,69,1,1,0,20,22,27,7,0,31,0,1,0.0,105.02,105.02,1,1,0.750196442603043,4
24.995309,66.929036,105.83,257,1,1,0,7,29,28,7,1,31,0,0,0.0,105.83,105.83,1,1,0.7559825701835845,4
24.905571,67.245949,107.38,195,1,1,0,3,48,28,7,1,31,0,1,0.0,107.38,107.38,1,1,0.7670547896278305,4
24.860244,67.070961,137.35,22,1,1,0,22,8,27,7,0,31,0,1,0.0,137.35,137.35,1,1,0.9811415101078648,4
24.81012,67.035358,139.81,82,1,1,0,4,35,28,7,1,31,0,1,0.0,139.81,139.81,1,1,0.9987141938709907,4
24.964701,66.937518,10.08,113,1,1,0,11,32,27,7,0,31,0,0,0.0,10.08,10.08,1,0,0.07200514322451604,1
24.991734,67.113588,110.94,223,1,1,0,12,34,27,7,0,31,0,0,0.0,110.94,110.94,1,1,0.7924851775126794,4
25.06752,66.994114,5.46,358,1,1,0,14,24,27,7,0,31,0,0,0.0,5.46,5.46,1,0,0.03900278591327952,1
25.013336,67.054019,82.04,58,1,1,0,1,32,28,7,1,31,0,1,0.0,82.04,82.04,1,0,0.5860418601328666,3
25.018992,67.236553,72.97,238,1,1,0,21,1,27,7,0,31,0,1,0.0,72.97,72.97,1,0,0.5212515179655689,3
24.947297,66.924567,104.92,242,1,1,0,14,18,27,7,0,31,0,0,0.0,104.92,104.92,1,1,0.7494821058647045,4
24.871373,67.040765,55.08,320,1,1,0,0,20,28,7,1,31,0,1,0.0,55.08,55.08,1,0,0.39345667547681973,2
25.087582,67.291164,95.37,80,1,1,0,20,32,27,7,0,31,0,1,0.0,95.37,95.37,1,0,0.6812629473533823,4
24.866294,67.101716,137.52,193,1,1,0,16,1,27,7,0,31,0,0,0.0,137.52,137.52,1,1,0.9823558825630402,4
24.911476,67.008488,130.39,104,1,1,0,3,34,28,7,1,31,0,1,0.0,130.39,130.39,1,1,0.9314236731195084,4
24.771738,67.067617,69.49,294,1,1,0,4,49,28,7,1,31,0,1,0.0,69.49,69.49,1,0,0.49639259947139075,3
24.91312,67.238159,6.84,244,1,1,0,23,6,27,7,0,31,0,1,0.0,6.84,6.84,1,0,0.04886063290235016,1
24.946332,67.237921,127.36,24,1,1,0,1,47,28,7,1,31,0,1,0.0,127.36,127.36,1,1,0.9097792699478534,4
24.983383,67.213509,137.89,56,1,1,0,9,20,28,7,1,31,0,0,0.0,137.89,137.89,1,1,0.9849989284948923,4
24.976671,67.202043,127.61,279,1,1,0,13,23,27,7,0,31,0,0,0.0,127.61,127.61,1,1,0.9115651117936995,4
24.857304,66.915577,139.44,355,1,1,0,3,41,28,7,1,31,0,1,0.0,139.44,139.44,1,1,0.9960711479391384,4
24.898246,66.905973,46.9,28,1,1,0,3,14,28,7,1,31,0,1,0.0,46.9,46.9,1,0,0.3350239302807343,2
24.831803,67.200377,39.86,322,1,1,0,9,48,28,7,1,31,0,0,0.0,39.86,39.86,1,0,0.28473462390170723,2
24.775115,67.257772,134.53,134,1,1,0,15,49,27,7,0,31,0,0,0.0,134.53,134.53,1,1,0.9609972140867205,4
25.066644,67.026992,56.32,27,1,1,0,15,35,27,7,0,31,0,0,0.0,56.32,56.32,1,0,0.4023144510322166,2
24.92204,67.238974,29.36,285,1,1,0,17,34,27,7,0,31,0,0,0.0,29.36,29.36,1,0,0.2097292663761697,1
24.845477,67.262122,39.91,75,1,1,0,19,25,27,7,0,31,0,0,0.0,39.91,39.91,1,0,0.28509179227087644,2
24.864788,67.145227,84.88,83,1,1,0,21,2,27,7,0,31,0,1,0.0,84.88,84.88,1,0,0.6063290235016786,3
24.929882,67.142665,12.1,78,1,1,0,15,28,27,7,0,31,0,0,0.0,12.1,12.1,1,0,0.08643474533895278,1
24.8252,67.049123,43.94,278,1,1,0,20,12,27,7,0,31,0,1,0.0,43.94,43.94,1,0,0.3138795628259161,2
24.760329,67.149533,127.44,241,1,1,0,3,6,28,7,1,31,0,1,0.0,127.44,127.44,1,1,0.9103507393385241,4
24.822744,67.027415,26.37,79,1,1,0,3,2,28,7,1,31,0,1,0.0,26.37,26.37,1,0,0.18837059789984997,1
24.897989,67.231501,67.94,143,1,1,0,9,22,28,7,1,31,0,0,0.0,67.94,67.94,1,0,0.4853203800271447,3
24.756898,67.093974,135.62,53,1,1,0,1,48,28,7,1,31,0,1,0.0,135.62,135.62,1,1,0.9687834845346096,4
25.028037,67.133879,60.78,202,1,1,0,2,30,28,7,1,31,0,1,0.0,60.78,60.78,1,0,0.43417386956211157,3
24.789493,67.08661,53.41,299,1,1,0,5,13,28,7,1,31,0,1,0.0,53.41,53.41,1,0,0.38152725194656756,2
24.899512,66.978179,115.7,196,1,1,0,15,54,27,7,0,31,0,0,0.0,115.7,115.7,1,1,0.8264876062575898,4
24.769815,67.05015,43.06,135,1,1,0,22,2,27,7,0,31,0,1,0.0,43.06,43.06,1,0,0.30759339952853776,2
24.880789,67.079931,26.96,115,1,1,0,6,42,28,7,1,31,0,0,0.0,26.96,26.96,1,0,0.19258518465604685,1
24.892873,67.04082,34.45,211,1,1,0,22,44,27,7,0,31,0,1,0.0,34.45,34.45,1,0,0.24608900635759698,2
25.04995,67.266856,120.26,66,1,1,0,19,18,27,7,0,31,0,0,0.0,120.26,120.26,1,1,0.8590613615258232,4
24.793516,66.934617,116.52,219,1,1,0,14,15,27,7,0,31,0,0,0.0,116.52,116.52,1,1,0.8323451675119651,4
24.929759,67.000076,80.63,335,1,1,0,9,29,28,7,1,31,0,0,0.0,80.63,80.63,1,0,0.5759697121222944,3
25.046346,67.250852,3.96,96,1,1,0,22,42,27,7,0,31,0,1,0.0,3.96,3.96,1,0,0.028287734838202728,1
25.079904,67.087319,67.73,256,1,1,0,23,5,27,7,0,31,0,1,0.0,67.73,67.73,1,0,0.48382027287663404,3
24.985809,66.993822,61.16,230,1,1,0,4,21,28,7,1,31,0,1,0.0,61.16,61.16,1,0,0.4368883491677977,3
24.809537,67.050183,133.23,38,1,1,0,15,26,27,7,0,31,0,0,0.0,133.23,133.23,1,1,0.9517108364883204,4
24.969168,66.909242,77.52,292,1,1,0,12,40,27,7,0,31,0,0,0.0,77.52,77.52,1,0,0.5537538395599685,3
24.894319,66.951995,59.67,144,1,1,0,16,1,27,7,0,31,0,0,0.0,59.67,59.67,1,0,0.42624473176655475,2
24.898849,66.977151,67.25,332,1,1,0,6,39,28,7,1,31,0,0,0.0,67.25,67.25,1,0,0.48039145653260945,3
24.980794,67.211753,5.04,84,1,1,0,17,27,27,7,0,31,0,0,0.0,5.04,5.04,1,0,0.03600257161225802,1
24.764715,67.188843,55.56,66,1,1,0,5,12,28,7,1,31,0,1,0.0,55.56,55.56,1,0,0.3968854918208443,2
25.026384,67.011109,38.18,281,1,1,0,4,56,28,7,1,31,0,1,0.0,38.18,38.18,1,0,0.2727337666976212,2
24.957162,67.1652,74.78,42,1,1,0,11,57,27,7,0,31,0,0,0.0,74.78,74.78,1,0,0.5341810129294949,3
24.765942,67.165083,124.52,141,1,1,0,1,6,28,7,1,31,0,1,0.0,124.52,124.52,1,1,0.8894921065790413,4
24.973633,67.149124,17.06,32,1,1,0,7,18,28,7,1,31,0,0,0.0,17.06,17.06,1,0,0.12186584756054002,1
24.985822,66.952207,116.74,80,1,1,0,21,15,27,7,0,31,0,1,0.0,116.74,116.74,1,1,0.8339167083363096,4
25.08301,67.20508,139.04,55,1,1,0,18,53,27,7,0,31,0,0,0.0,139.04,139.04,1,1,0.9932138009857846,4
24.956181,67.201193,55.37,124,1,1,0,1,56,28,7,1,31,0,1,0.0,55.37,55.37,1,0,0.39552825201800124,2
24.992324,66.963153,138.17,211,1,1,0,11,28,27,7,0,31,0,0,0.0,138.17,138.17,1,1,0.98699907136224,4
25.092764,66.94769,13.96,234,1,1,0,16,39,27,7,0,31,0,0,0.0,13.96,13.96,1,0,0.099721408672048,1
25.003467,67.01222,103.12,275,1,1,0,15,7,27,7,0,31,0,0,0.0,103.12,103.12,1,1,0.7366240445746125,4
24.96738,67.183768,41.56,77,1,1,0,9,19,28,7,1,31,0,0,0.0,41.56,41.56,1,0,0.29687834845346095,2
24.833327,66.948911,35.25,160,1,1,0,23,21,27,7,0,31,0,1,0.0,35.25,35.25,1,0,0.2518037002643046,2
24.774606,67.256385,133.13,213,1,1,0,5,55,28,7,1,31,0,1,0.0,133.13,133.13,1,1,0.950996499749982,4
25.053626,67.183584,55.02,115,1,1,0,1,4,28,7,1,31,0,1,0.0,55.02,55.02,1,0,0.3930280734338167,2
24.788781,67.278858,36.36,38,1,1,0,1,45,28,7,1,31,0,1,0.0,36.36,36.36,1,0,0.2597328380598614,2
24.916669,67.086292,134.72,285,1,1,0,18,2,27,7,0,31,0,0,0.0,134.72,134.72,1,1,0.9623544538895634,4
25.085444,67.092712,81.74,280,1,1,0,2,10,28,7,1,31,0,1,0.0,81.74,81.74,1,0,0.5838988499178512,3
24.891244,67.265014,44.9,138,1,1,0,3,29,28,7,1,31,0,1,0.0,44.9,44.9,1,0,0.32073719551396523,2
24.904644,67.172118,23.04,298,1,1,0,17,33,27,7,0,31,0,0,0.0,23.04,23.04,1,0,0.1645831845131795,1
25.063793,66.995996,3.56,322,1,1,0,21,16,27,7,0,31,0,1,0.0,3.56,3.56,1,0,0.025430387884848915,1
24.988063,67.218526,124.53,332,1,1,0,12,40,27,7,0,31,0,0,0.0,124.53,124.53,1,1,0.8895635402528752,4
24.875665,66.938445,126.52,188,1,1,0,16,41,27,7,0,31,0,0,0.0,126.52,126.52,1,1,0.9037788413458103,4
24.854923,66.973101,86.17,86,1,1,0,0,54,28,7,1,31,0,1,0.0,86.17,86.17,1,0,0.6155439674262447,3
24.91631,67.258228,123.35,265,1,1,0,1,31,28,7,1,31,0,1,0.0,123.35,123.35,1,1,0.8811343667404814,4
25.018255,66.973299,131.08,48,1,1,0,13,33,27,7,0,31,0,0,0.0,131.08,131.08,1,1,0.9363525966140439,4
24.839866,67.201227,91.37,43,1,1,0,6,48,28,7,1,31,0,0,0.0,91.37,91.37,1,0,0.6526894778198442,4
24.898338,67.245709,87.01,219,1,1,0,12,47,27,7,0,31,0,0,0.0,87.01,87.01,1,0,0.6215443960282877,3
24.940208,66.928193,112.46,193,1,1,0,20,40,27,7,0,31,0,1,0.0,112.46,112.46,1,1,0.8033430959354239,4
24.882774,67.095887,16.76,84,1,1,0,8,53,28,7,1,31,0,0,0.0,16.76,16.76,1,0,0.11972283734552468,1
24.761608,67.029231,9.11,245,1,1,0,13,0,27,7,0,31,0,0,0.0,9.11,9.11,1,0,0.06507607686263303,1
24.912121,67.146398,0.73,244,1,1,0,8,59,28,7,1,31,0,0,0.0,0.73,0.73,1,0,0.005214658189870705,1
24.784634,67.24952,98.08,44,1,1,0,18,40,27,7,0,31,0,0,0.0,98.08,98.08,1,0,0.7006214729623544,4
25.014821,66.953642,10.89,78,1,1,0,19,5,27,7,0,31,0,0,0.0,10.89,10.89,1,0,0.0777912708050575,1
24.899773,66.908331,134.71,135,1,1,0,8,32,28,7,1,31,0,0,0.0,134.71,134.71,1,1,0.9622830202157296,4
24.923777,67.295896,112.85,43,1,1,0,2,19,28,7,1,31,0,1,0.0,112.85,112.85,1,1,0.8061290092149438,4
25.068996,66.923422,75.89,97,1,1,0,6,38,28,7,1,31,0,0,0.0,75.89,75.89,1,0,0.5421101507250518,3
25.026825,67.020816,35.15,341,1,1,0,11,45,27,7,0,31,0,0,0.0,35.15,35.15,1,0,0.2510893635259661,2
24.760669,67.187917,62.69,175,1,1,0,9,8,28,7,1,31,0,0,0.0,62.69,62.69,1,0,0.447817701264376,3
24.801523,66.993891,95.4,357,1,1,0,6,4,28,7,1,31,0,0,0.0,95.4,95.4,1,0,0.6814772483748839,4
25.013422,66.913843,86.15,231,1,1,0,5,6,28,7,1,31,0,1,0.0,86.15,86.15,1,0,0.6154011000785771,3
24.927593,67.158898,135.82,151,1,1,0,18,5,27,7,0,31,0,0,0.0,135.82,135.82,1,1,0.9702121580112865,4
25.002828,67.126199,0.98,254,1,1,0,13,10,27,7,0,31,0,0,0.0,0.98,0.98,1,0,0.007000500035716836,1
24.762601,66.961646,138.62,124,1,1,0,8,28,28,7,1,31,0,0,0.0,138.62,138.62,1,1,0.9902135866847631,4
24.873756,66.932317,25.79,357,1,1,0,7,43,28,7,1,31,0,0,0.0,25.79,25.79,1,0,0.18422744481748696,1
24.75168,67.063944,124.68,284,1,1,0,5,21,28,7,1,31,0,1,0.0,124.68,124.68,1,1,0.8906350453603828,4
25.095725,67.154276,43.2,137,1,1,0,12,20,27,7,0,31,0,0,0.0,43.2,43.2,1,0,0.30859347096221157,2
25.035127,66.916624,63.34,125,1,1,0,21,39,27,7,0,31,0,1,0.0,63.34,63.34,1,0,0.452460890063576,3
24.814686,67.056277,127.39,303,1,1,0,14,45,27,7,0,31,0,0,0.0,127.39,127.39,1,1,0.9099935709693548,4
25.024825,67.021845,34.48,208,1,1,0,19,6,27,7,0,31,0,0,0.0,34.48,34.48,1,0,0.24630330737909847,2
24.844901,67.068076,94.23,35,1,1,0,5,56,28,7,1,31,0,1,0.0,94.23,94.23,1,0,0.673119508536324,4
25.021445,66.93572,59.52,131,1,1,0,13,39,27,7,0,31,0,0,0.0,59.52,59.52,1,0,0.42517322665904705,2
25.032618,67.249964,56.41,235,1,1,0,9,22,28,7,1,31,0,0,0.0,56.41,56.41,1,0,0.4029573540967211,2
24.908808,67.07675,30.36,307,1,1,0,13,30,27,7,0,31,0,0,0.0,30.36,30.36,1,0,0.21687263375955423,2
25.097158,67.23904,88.46,181,1,1,0,20,24,27,7,0,31,0,1,0.0,88.46,88.46,1,0,0.6319022787341952,3
25.09319,67.050914,43.5,158,1,1,0,14,53,27,7,0,31,0,0,0.0,43.5,43.5,1,0,0.3107364811772269,2
25.046592,67.141214,64.32,18,1,1,0,23,12,27,7,0,31,0,1,0.0,64.32,64.32,1,0,0.4594613900992927,3
24.804699,66.929834,136.05,299,1,1,0,13,22,27,7,0,31,0,0,0.0,136.05,136.05,1,1,0.971855132509465,4
25.000064,67.151075,115.35,229,1,1,0,9,19,28,7,1,31,0,0,0.0,115.35,115.35,1,1,0.8239874276734052,4
25.085441,67.011798,71.41,20,1,1,0,22,33,27,7,0,31,0,1,0.0,71.41,71.41,1,0,0.510107864847489,3
24.875563,67.10355,97.29,150,1,1,0,11,33,27,7,0,31,0,0,0.0,97.29,97.29,1,0,0.6949782127294807,4
24.86207,67.135628,87.98,143,1,1,0,17,32,27,7,0,31,0,0,0.0,87.98,87.98,1,0,0.6284734623901708,3
25.000227,67.259381,49.46,194,1,1,0,13,29,27,7,0,31,0,0,0.0,49.46,49.46,1,0,0.3533109507821987,2
24.946064,67.285783,135.64,106,1,1,0,13,48,27,7,0,31,0,0,0.0,135.64,135.64,1,1,0.9689263518822772,4
25.090347,67.168735,101.93,28,1,1,0,23,52,27,7,0,31,0,1,0.0,101.93,101.93,1,1,0.7281234373883849,4
24.905731,67.063035,93.12,100,1,1,0,14,4,27,7,0,31,0,0,0.0,93.12,93.12,1,0,0.6651903707407671,4
25.005835,67.115001,136.64,320,1,1,0,13,57,27,7,0,31,0,0,0.0,136.64,136.64,1,1,0.9760697192656617,4
24.985955,67.226446,81.91,108,1,1,0,15,17,27,7,0,31,0,0,0.0,81.91,81.91,1,0,0.5851132223730265,3
25.032808,67.242387,122.43,50,1,1,0,9,30,28,7,1,31,0,0,0.0,122.43,122.43,1,1,0.8745624687477677,4
25.057223,67.165881,9.37,243,1,1,0,20,44,27,7,0,31,0,1,0.0,9.37,9.37,1,0,0.06693335238231302,1
25.052237,67.15911,119.51,326,1,1,0,6,37,28,7,1,31,0,0,0.0,119.51,119.51,1,1,0.8537038359882848,4
24.753034,67.2449,110.17,27,1,1,0,23,16,27,7,0,31,0,1,0.0,110.17,110.17,1,1,0.7869847846274733,4
24.852073,67.116531,127.68,289,1,1,0,5,18,28,7,1,31,0,1,0.0,127.68,127.68,1,1,0.9120651475105365,4
24.992492,67.227586,61.38,209,1,1,0,17,10,27,7,0,31,0,0,0.0,61.38,61.38,1,0,0.4384598899921423,3
25.091154,67.144167,12.81,237,1,1,0,7,22,28,7,1,31,0,0,0.0,12.81,12.81,1,0,0.0915065361811558,1
24.993028,67.195092,134.54,89,1,1,0,8,7,28,7,1,31,0,0,0.0,134.54,134.54,1,1,0.9610686477605542,4
25.061644,66.968067,50.65,274,1,1,0,18,20,27,7,0,31,0,0,0.0,50.65,50.65,1,0,0.3618115579684263,2
25.003965,67.233014,61.41,344,1,1,0,13,27,27,7,0,31,0,0,0.0,61.41,61.41,1,0,0.4386741910136438,3
24.988105,67.203285,47.3,296,1,1,0,10,58,28,7,1,31,0,0,0.0,47.3,47.3,1,0,0.3378812772340881,2
25.033744,66.984217,88.52,143,1,1,0,21,59,27,7,0,31,0,1,0.0,88.52,88.52,1,0,0.6323308807771983,3
24.938569,67.029461,49.11,149,1,1,0,0,49,28,7,1,31,0,1,0.0,49.11,49.11,1,0,0.3508107721980141,2
24.971788,67.208569,137.43,354,1,1,0,10,19,28,7,1,31,0,0,0.0,137.43,137.43,1,1,0.9817129794985356,4
24.970123,67.035791,21.57,32,1,1,0,4,48,28,7,1,31,0,1,0.0,21.57,21.57,1,0,0.15408243445960426,1
24.867015,67.271541,57.72,169,1,1,0,7,20,28,7,1,31,0,0,0.0,57.72,57.72,1,0,0.4123151653689549,2
24.93322,67.044242,26.22,269,1,1,0,15,32,27,7,0,31,0,0,0.0,26.22,26.22,1,0,0.1872990927923423,1
25.013988,67.188003,21.51,139,1,1,0,9,51,28,7,1,31,0,0,0.0,21.51,21.51,1,0,0.1536538324166012,1
24.976348,66.972359,112.62,66,1,1,0,22,58,27,7,0,31,0,1,0.0,112.62,112.62,1,1,0.8044860347167655,4
24.830438,67.150683,14.37,150,1,1,0,21,31,27,7,0,31,0,1,0.0,14.37,14.37,1,0,0.10265018929923565,1
25.066036,67.165595,48.01,153,1,1,0,5,54,28,7,1,31,0,1,0.0,48.01,48.01,1,0,0.3429530680762911,2
24.77185,66.93403,130.74,68,1,1,0,14,27,27,7,0,31,0,0,0.0,130.74,130.74,1,1,0.9339238517036931,4
24.839774,67.028193,2.79,201,1,1,0,21,34,27,7,0,31,0,1,0.0,2.79,2.79,1,0,0.01992999499964283,1
24.862813,67.000147,5.58,46,1,1,0,3,1,28,7,1,31,0,1,0.0,5.58,5.58,1,0,0.03985998999928566,1
25.031999,66.940105,37.15,95,1,1,0,5,22,28,7,1,31,0,1,0.0,37.15,37.15,1,0,0.2653760982927352,2
24.909788,67.201695,134.08,288,1,1,0,15,5,27,7,0,31,0,0,0.0,134.08,134.08,1,1,0.9577826987641974,4
24.87203,67.166093,50.16,123,1,1,0,1,39,28,7,1,31,0,1,0.0,50.16,50.16,1,0,0.35831130795056787,2
24.834213,67.235106,25.44,164,1,1,0,17,50,27,7,0,31,0,0,0.0,25.44,25.44,1,0,0.18172726623330238,1
24.80947,67.27312,74.8,189,1,1,0,9,57,28,7,1,31,0,0,0.0,74.8,74.8,1,0,0.5343238802771626,3
24.805029,67.155918,107.26,259,1,1,0,18,29,27,7,0,31,0,0,0.0,107.26,107.26,1,1,0.7661975855418244,4
24.858173,67.211623,136.56,82,1,1,0,2,39,28,7,1,31,0,1,0.0,136.56,136.56,1,1,0.975498249874991,4
24.997107,67.022865,54.06,353,1,1,0,6,6,28,7,1,31,0,0,0.0,54.06,54.06,1,0,0.38617044074576756,2
24.973726,66.911041,0.01,314,1,1,0,5,36,28,7,1,31,0,1,0.0,0.01,0.01,1,0,7.143367383384527e-05,1
25.049583,67.072361,47.46,349,1,1,0,21,14,27,7,0,31,0,1,0.0,47.46,47.46,1,0,0.33902421601542965,2
24.976433,67.098746,9.69,13,1,1,0,16,27,27,7,0,31,0,0,0.0,9.69,9.69,1,0,0.06921922994499606,1
25.036649,67.052468,118.04,48,1,1,0,1,18,28,7,1,31,0,1,0.0,118.04,118.04,1,1,0.8432030859347096,4
24.9939,67.034254,5.04,262,1,1,0,19,53,27,7,0,31,0,0,0.0,5.04,5.04,1,0,0.03600257161225802,1
24.806757,67.08418,42.75,69,1,1,0,23,36,27,7,0,31,0,1,0.0,42.75,42.75,1,0,0.30537895563968853,2
24.911219,66.962049,53.1,96,1,1,0,7,14,28,7,1,31,0,0,0.0,53.1,53.1,1,0,0.3793128080577184,2
24.812803,66.946147,30.14,237,1,1,0,12,26,27,7,0,31,0,0,0.0,30.14,30.14,1,0,0.21530109293520966,2
24.78446,67.240332,107.32,11,1,1,0,17,35,27,7,0,31,0,0,0.0,107.32,107.32,1,1,0.7666261875848274,4
24.788905,67.141603,136.19,169,1,1,0,5,33,28,7,1,31,0,1,0.0,136.19,136.19,1,1,0.9728552039431387,4
24.799581,67.293121,91.54,40,1,1,0,0,14,28,7,1,31,0,1,0.0,91.54,91.54,1,0,0.6539038502750196,4
24.87825,67.1524,14.68,66,1,1,0,18,20,27,7,0,31,0,0,0.0,14.68,14.68,1,0,0.10486463318808485,1
24.874182,67.235689,118.51,88,1,1,0,4,56,28,7,1,31,0,1,0.0,118.51,118.51,1,1,0.8465604686049003,4
24.88681,67.052527,127.93,200,1,1,0,9,1,28,7,1,31,0,0,0.0,127.93,127.93,1,1,0.9138509893563825,4
24.779803,67.282067,90.32,277,1,1,0,14,20,27,7,0,31,0,0,0.0,90.32,90.32,1,0,0.6451889420672904,4
24.78951,67.091461,68.25,87,1,1,0,1,4,28,7,1,31,0,1,0.0,68.25,68.25,1,0,0.48753482391599395,3
24.807193,67.260457,124.84,15,1,1,0,13,3,27,7,0,31,0,0,0.0,124.84,124.84,1,1,0.8917779841417244,4
24.883637,66.981728,15.1,161,1,1,0,21,49,27,7,0,31,0,1,0.0,15.1,15.1,1,0,0.10786484748910635,1
25.016889,67.222564,116.63,123,1,1,0,19,28,27,7,0,31,0,0,0.0,116.63,116.63,1,1,0.8331309379241374,4
24.955681,67.130237,29.39,192,1,1,0,12,26,27,7,0,31,0,0,0.0,29.39,29.39,1,0,0.20994356739767125,1
24.86954,67.020963,67.71,106,1,1,0,15,9,27,7,0,31,0,0,0.0,67.71,67.71,1,0,0.48367740552896626,3
25.032115,66.984935,6.37,327,1,1,0,4,1,28,7,1,31,0,1,0.0,6.37,6.37,1,0,0.04550325023215944,1
24.936162,66.998645,116.04,286,1,1,0,14,6,27,7,0,31,0,0,0.0,116.04,116.04,1,1,0.8289163511679406,4
24.764126,67.134652,43.66,309,1,1,0,1,25,28,7,1,31,0,1,0.0,43.66,43.66,1,0,0.31187941995856844,2
24.903607,67.150188,119.48,36,1,1,0,14,37,27,7,0,31,0,0,0.0,119.48,119.48,1,1,0.8534895349667834,4
25.042185,67.089465,107.69,146,1,1,0,16,57,27,7,0,31,0,0,0.0,107.69,107.69,1,1,0.7692692335166798,4
24.898913,67.178144,29.33,289,1,1,0,7,51,28,7,1,31,0,0,0.0,29.33,29.33,1,0,0.20951496535466815,1
24.799194,67.002253,89.38,219,1,1,0,21,54,27,7,0,31,0,1,0.0,89.38,89.38,1,0,0.638474176726909,3
24.833575,67.188401,119.96,337,1,1,0,15,43,27,7,0,31,0,0,0.0,119.96,119.96,1,1,0.8569183513108078,4
24.768109,67.270687,90.43,40,1,1,0,9,6,28,7,1,31,0,0,0.0,90.43,90.43,1,0,0.6459747124794628,4
24.855784,67.114844,114.11,288,1,1,0,3,31,28,7,1,31,0,1,0.0,114.11,114.11,1,1,0.8151296521180084,4
24.88269,67.208594,106.36,30,1,1,0,19,53,27,7,0,31,0,0,0.0,106.36,106.36,1,1,0.7597685548967783,4
24.926393,67.168918,117.67,342,1,1,0,12,12,27,7,0,31,0,0,0.0,117.67,117.67,1,1,0.8405600400028573,4
25.075431,67.0551,66.74,205,1,1,0,15,5,27,7,0,31,0,0,0.0,66.74,66.74,1,0,0.4767483391670833,3
24.846458,66.984502,127.15,186,1,1,0,7,41,28,7,1,31,0,0,0.0,127.15,127.15,1,1,0.9082791627973427,4
25.011672,67.107336,66.33,318,1,1,0,20,52,27,7,0,31,0,1,0.0,66.33,66.33,1,0,0.47381955853989566,3
24.838957,67.232962,22.17,210,1,1,0,1,2,28,7,1,31,0,1,0.0,22.17,22.17,1,0,0.15836845488963497,1
24.979956,66.911518,1.96,275,1,1,0,13,41,27,7,0,31,0,0,0.0,1.96,1.96,1,0,0.014001000071433673,1
24.799431,67.020458,105.6,204,1,1,0,2,40,28,7,1,31,0,1,0.0,105.6,105.6,1,1,0.754339595685406,4
24.814941,66.926572,92.88,280,1,1,0,2,7,28,7,1,31,0,1,0.0,92.88,92.88,1,0,0.6634759625687549,4
24.96201,67.116707,33.58,352,1,1,0,14,14,27,7,0,31,0,0,0.0,33.58,33.58,1,0,0.2398742767340524,2
25.018353,66.952108,13.76,204,1,1,0,3,3,28,7,1,31,0,1,0.0,13.76,13.76,1,0,0.09829273519537109,1
24.831385,67.256595,41.57,142,1,1,0,0,57,28,7,1,31,0,1,0.0,41.57,41.57,1,0,0.2969497821272948,2
24.823892,66.929143,63.68,231,1,1,0,14,31,27,7,0,31,0,0,0.0,63.68,63.68,1,0,0.4548896349739267,3
25.026058,66.98701,135.21,191,1,1,0,18,35,27,7,0,31,0,0,0.0,135.21,135.21,1,1,0.965854703907422,4
24.853865,66.908336,6.76,73,1,1,0,18,21,27,7,0,31,0,0,0.0,6.76,6.76,1,0,0.0482891635116794,1
25.016351,67.071038,69.78,100,1,1,0,18,54,27,7,0,31,0,0,0.0,69.78,69.78,1,0,0.4984641760125723,3
24.788765,66.960045,53.02,300,1,1,0,20,14,27,7,0,31,0,1,0.0,53.02,53.02,1,0,0.3787413386670476,2
24.994877,66.97085,42.17,322,1,1,0,21,57,27,7,0,31,0,1,0.0,42.17,42.17,1,0,0.3012358025573255,2
24.951866,66.917613,57.74,32,1,1,0,1,7,28,7,1,31,0,1,0.0,57.74,57.74,1,0,0.4124580327166226,2
24.884164,66.920875,70.34,97,1,1,0,7,27,28,7,1,31,0,0,0.0,70.34,70.34,1,0,0.5024644617472677,3
24.88294,66.987548,11.0,216,1,1,0,2,41,28,7,1,31,0,1,0.0,11.0,11.0,1,0,0.0785770412172298,1
24.841676,66.910885,29.01,128,1,1,0,21,12,27,7,0,31,0,1,0.0,29.01,29.01,1,0,0.20722908779198515,1
24.931575,67.241622,45.07,135,1,1,0,15,15,27,7,0,31,0,0,0.0,45.07,45.07,1,0,0.32195156796914065,2
24.789497,67.007646,132.27,178,1,1,0,8,53,28,7,1,31,0,0,0.0,132.27,132.27,1,1,0.9448532038002715,4
24.826235,67.045427,38.68,22,1,1,0,14,5,27,7,0,31,0,0,0.0,38.68,38.68,1,0,0.2763054503893135,2
24.912051,67.187638,105.87,217,1,1,0,15,59,27,7,0,31,0,0,0.0,105.87,105.87,1,1,0.7562683048789199,4
24.769183,67.002725,52.31,140,1,1,0,8,40,28,7,1,31,0,0,0.0,52.31,52.31,1,0,0.37366954782484463,2
24.901416,67.264285,25.47,28,1,1,0,6,49,28,7,1,31,0,0,0.0,25.47,25.47,1,0,0.1819415672548039,1
25.075394,67.173351,107.1,201,1,1,0,23,52,27,7,0,31,0,1,0.0,107.1,107.1,1,1,0.7650546467604828,4
24.840242,67.154795,17.29,58,1,1,0,13,48,27,7,0,31,0,0,0.0,17.29,17.29,1,0,0.12350882205871846,1
25.043005,67.117343,65.77,35,1,1,0,4,0,28,7,1,31,0,1,0.0,65.77,65.77,1,0,0.4698192728052003,3
24.877478,67.057812,111.08,45,1,1,0,23,30,27,7,0,31,0,1,0.0,111.08,111.08,1,1,0.7934852489463532,4
24.863647,67.236087,53.66,198,1,1,0,23,16,27,7,0,31,0,1,0.0,53.66,53.66,1,0,0.3833130937924137,2
25.013289,67.185085,134.61,203,1,1,0,8,33,28,7,1,31,0,0,0.0,134.61,134.61,1,1,0.9615686834773913,4
24.859587,67.186307,14.87,260,1,1,0,14,10,27,7,0,31,0,0,0.0,14.87,14.87,1,0,0.1062218729909279,1
25.074754,66.955011,71.0,12,1,1,0,5,27,28,7,1,31,0,1,0.0,71.0,71.0,1,0,0.5071790842203014,3
24.784852,66.986513,57.52,146,1,1,0,9,33,28,7,1,31,0,0,0.0,57.52,57.52,1,0,0.410886491892278,2
24.882944,67.133124,121.15,71,1,1,0,6,56,28,7,1,31,0,0,0.0,121.15,121.15,1,1,0.8654189584970355,4
25.052078,67.278436,62.0,115,1,1,0,12,42,27,7,0,31,0,0,0.0,62.0,62.0,1,0,0.44288877776984065,3
24.82739,66.975367,14.34,286,1,1,0,13,1,27,7,0,31,0,0,0.0,14.34,14.34,1,0,0.10243588827773412,1
24.790246,67.044311,101.02,317,1,1,0,10,16,28,7,1,31,0,0,0.0,101.02,101.02,1,1,0.7216229730695048,4
25.045881,67.047024,31.39,142,1,1,0,14,26,27,7,0,31,0,0,0.0,31.39,31.39,1,0,0.22423030216444031,2
25.000897,67.080708,20.56,255,1,1,0,2,17,28,7,1,31,0,1,0.0,20.56,20.56,1,0,0.14686763340238587,1
25.048696,67.297561,8.98,16,1,1,0,0,19,28,7,1,31,0,1,0.0,8.98,8.98,1,0,0.06414743910279305,1
24.952059,67.232415,118.9,95,1,1,0,21,30,27,7,0,31,0,1,0.0,118.9,118.9,1,1,0.8493463818844204,4
24.860215,67.198685,43.59,14,1,1,0,18,26,27,7,0,31,0,0,0.0,43.59,43.59,1,0,0.31137938424173156,2
24.761298,67.170499,32.89,187,1,1,0,13,56,27,7,0,31,0,0,0.0,32.89,32.89,1,0,0.2349453532395171,2
24.906244,67.108408,0.96,212,1,1,0,16,1,27,7,0,31,0,0,0.0,0.96,0.96,1,0,0.006857632688049146,1
25.029739,67.047949,104.9,91,1,1,0,15,32,27,7,0,31,0,0,0.0,104.9,104.9,1,1,0.7493392385170369,4
24.835357,67.149507,81.12,6,1,1,0,18,39,27,7,0,31,0,0,0.0,81.12,81.12,1,0,0.5794699621401529,3
24.763906,66.972258,123.85,118,1,1,0,22,31,27,7,0,31,0,1,0.0,123.85,123.85,1,1,0.8847060504321737,4
24.772995,67.162386,81.2,286,1,1,0,20,1,27,7,0,31,0,1,0.0,81.2,81.2,1,0,0.5800414315308237,3
24.825077,67.259681,8.64,104,1,1,0,6,50,28,7,1,31,0,0,0.0,8.64,8.64,1,0,0.06171869419244232,1
24.840647,67.055883,25.99,119,1,1,0,6,28,28,7,1,31,0,0,0.0,25.99,25.99,1,0,0.18565611829416384,1
24.799999,67.252992,136.71,220,1,1,0,22,23,27,7,0,31,0,1,0.0,136.71,136.71,1,1,0.9765697549824988,4
24.900341,67.016568,62.84,314,1,1,0,23,7,27,7,0,31,0,1,0.0,62.84,62.84,1,0,0.4488892063718837,3
24.854297,67.027201,74.78,8,1,1,0,14,57,27,7,0,31,0,0,0.0,74.78,74.78,1,0,0.5341810129294949,3
24.980865,66.989652,108.72,14,1,1,0,18,28,27,7,0,31,0,0,0.0,108.72,108.72,1,1,0.7766269019215658,4
24.801622,67.253182,23.15,154,1,1,0,0,9,28,7,1,31,0,1,0.0,23.15,23.15,1,0,0.16536895492535178,1
24.757105,67.126862,111.92,54,1,1,0,2,34,28,7,1,31,0,1,0.0,111.92,111.92,1,1,0.7994856775483963,4
25.081841,67.119509,49.98,139,1,1,0,15,19,27,7,0,31,0,0,0.0,49.98,49.98,1,0,0.3570255018215586,2
24.762669,66.943192,106.09,327,1,1,0,10,38,28,7,1,31,0,0,0.0,106.09,106.09,1,1,0.7578398457032645,4
24.91829,66.988072,3.44,266,1,1,0,4,38,28,7,1,31,0,1,0.0,3.44,3.44,1,0,0.02457318379884277,1
25.028815,67.174098,38.7,242,1,1,0,17,14,27,7,0,31,0,0,0.0,38.7,38.7,1,0,0.2764483177369812,2
24.876771,66.979594,44.98,132,1,1,0,2,3,28,7,1,31,0,1,0.0,44.98,44.98,1,0,0.321308664904636,2
24.935939,67.081172,131.28,9,1,1,0,17,59,27,7,0,31,0,0,0.0,131.28,131.28,1,1,0.9377812700907208,4
24.926946,67.251519,43.3,182,1,1,0,10,45,28,7,1,31,0,0,0.0,43.3,43.3,1,0,0.30930780770055,2
24.932785,67.03645,22.47,267,1,1,0,1,23,28,7,1,31,0,1,0.0,22.47,22.47,1,0,0.1605114651046503,1
25.001044,67.271127,31.87,285,1,1,0,20,31,27,7,0,31,0,1,0.0,31.87,31.87,1,0,0.22765911850846487,2
24.897274,67.028781,97.23,212,1,1,0,12,3,27,7,0,31,0,0,0.0,97.23,97.23,1,0,0.6945496106864776,4
24.951178,66.990099,124.35,21,1,1,0,10,40,28,7,1,31,0,0,0.0,124.35,124.35,1,1,0.8882777341238659,4
24.978734,66.910998,48.84,96,1,1,0,2,57,28,7,1,31,0,1,0.0,48.84,48.84,1,0,0.3488820630045003,2
24.953094,67.284695,67.66,40,1,1,0,6,10,28,7,1,31,0,0,0.0,67.66,67.66,1,0,0.48332023715979705,3
25.082283,67.178594,54.41,276,1,1,0,20,5,27,7,0,31,0,1,0.0,54.41,54.41,1,0,0.3886706193299521,2
25.0624,67.226423,91.18,227,1,1,0,6,51,28,7,1,31,0,0,0.0,91.18,91.18,1,0,0.6513322380170012,4
25.055162,66.940086,126.15,171,1,1,0,9,26,28,7,1,31,0,0,0.0,126.15,126.15,1,1,0.9011357954139582,4
24.928136,67.078823,54.46,201,1,1,0,14,14,27,7,0,31,0,0,0.0,54.46,54.46,1,0,0.38902778769912133,2
25.072252,67.1816,92.32,50,1,1,0,10,24,28,7,1,31,0,0,0.0,92.32,92.32,1,0,0.6594756768340595,4
25.022669,66.910973,101.3,284,1,1,0,4,49,28,7,1,31,0,1,0.0,101.3,101.3,1,1,0.7236231159368526,4
24.843761,67.117242,71.51,187,1,1,0,15,37,27,7,0,31,0,0,0.0,71.51,71.51,1,0,0.5108222015858276,3
24.975311,67.05657,47.59,320,1,1,0,10,2,28,7,1,31,0,0,0.0,47.59,47.59,1,0,0.3399528537752697,2
24.9064,67.054639,85.24,150,1,1,0,4,59,28,7,1,31,0,1,0.0,85.24,85.24,1,0,0.608900635759697,3
24.955881,66.913944,71.28,29,1,1,0,3,39,28,7,1,31,0,1,0.0,71.28,71.28,1,0,0.5091792270876491,3
25.069463,67.163714,89.28,8,1,1,0,11,6,28,7,1,31,0,0,0.0,89.28,89.28,1,0,0.6377598399885706,3
24.921655,67.025174,74.77,180,1,1,0,13,16,27,7,0,31,0,0,0.0,74.77,74.77,1,0,0.534109579255661,3
24.941534,67.069739,70.03,307,1,1,0,10,52,28,7,1,31,0,0,0.0,70.03,70.03,1,0,0.5002500178584184,3
24.895206,66.995544,79.39,288,1,1,0,9,32,28,7,1,31,0,0,0.0,79.39,79.39,1,0,0.5671119365668976,3
24.787583,67.069942,14.21,244,1,1,0,4,30,28,7,1,31,0,1,0.0,14.21,14.21,1,0,0.10150725051789414,1
24.962176,67.129506,46.84,234,1,1,0,21,53,27,7,0,31,0,1,0.0,46.84,46.84,1,0,0.33459532823773125,2
25.042289,66.969063,82.31,101,1,1,0,1,37,28,7,1,31,0,1,0.0,82.31,82.31,1,0,0.5879705693263805,3
24.83638,67.102623,103.81,130,1,1,0,2,55,28,7,1,31,0,1,0.0,103.81,103.81,1,1,0.7415529680691477,4
24.827367,67.267584,121.08,352,1,1,0,13,29,27,7,0,31,0,0,0.0,121.08,121.08,1,1,0.8649189227801986,4
25.074495,66.965897,75.33,69,1,1,0,7,29,28,7,1,31,0,0,0.0,75.33,75.33,1,0,0.5381098649903564,3
24.888867,66.904685,116.95,246,1,1,0,17,44,27,7,0,31,0,0,0.0,116.95,116.95,1,1,0.8354168154868205,4
25.008043,67.146355,84.67,242,1,1,0,3,43,28,7,1,31,0,1,0.0,84.67,84.67,1,0,0.6048289163511679,3
24.817379,67.105558,6.14,49,1,1,0,5,15,28,7,1,31,0,1,0.0,6.14,6.14,1,0,0.04386027573398099,1
24.874119,67.027118,96.75,138,1,1,0,3,42,28,7,1,31,0,1,0.0,96.75,96.75,1,0,0.691120794342453,4
24.900403,67.145303,68.97,198,1,1,0,4,20,28,7,1,31,0,1,0.0,68.97,68.97,1,0,0.49267804843203084,3
24.971527,67.037408,38.82,224,1,1,0,13,36,27,7,0,31,0,0,0.0,38.82,38.82,1,0,0.27730552182298734,2
24.959381,67.199297,131.51,23,1,1,0,11,9,28,7,1,31,0,0,0.0,131.51,131.51,1,1,0.9394242445888991,4
24.911311,67.167317,112.28,139,1,1,0,15,39,27,7,0,31,0,0,0.0,112.28,112.28,1,1,0.8020572898064147,4
24.995203,67.182619,87.16,97,1,1,0,3,25,28,7,1,31,0,1,0.0,87.16,87.16,1,0,0.6226159011357953,3
24.82133,67.099543,93.9,242,1,1,0,11,17,28,7,1,31,0,0,0.0,93.9,93.9,1,0,0.6707621972998071,4
25.019177,66.975682,11.75,333,1,1,0,8,40,28,7,1,31,0,0,0.0,11.75,11.75,1,0,0.0839345667547682,1
24.799945,67.278148,13.3,354,1,1,0,5,9,28,7,1,31,0,1,0.0,13.3,13.3,1,0,0.09500678619901422,1
25.039097,67.211458,62.68,229,1,1,0,16,16,27,7,0,31,0,0,0.0,62.68,62.68,1,0,0.44774626759054215,3
24.957687,67.287891,137.24,321,1,1,0,20,38,27,7,0,31,0,1,0.0,137.24,137.24,1,1,0.9803557396956926,4
25.0556,67.10764,31.36,352,1,1,0,12,50,27,7,0,31,0,0,0.0,31.36,31.36,1,0,0.22401600114293876,2
24.780133,67.207888,120.15,75,1,1,0,18,5,27,7,0,31,0,0,0.0,120.15,120.15,1,1,0.8582755911136509,4
25.053757,67.176376,52.31,1,1,1,0,9,0,28,7,1,31,0,0,0.0,52.31,52.31,1,0,0.37366954782484463,2
24.837853,67.016927,120.21,319,1,1,0,9,42,28,7,1,31,0,0,0.0,120.21,120.21,1,1,0.8587041931566539,4
24.818394,67.272876,107.12,243,1,1,0,12,20,27,7,0,31,0,0,0.0,107.12,107.12,1,1,0.7651975141081505,4
24.856206,67.052568,132.55,290,1,1,0,5,32,28,7,1,31,0,1,0.0,132.55,132.55,1,1,0.9468533466676191,4
25.055334,66.91436,100.62,35,1,1,0,2,48,28,7,1,31,0,1,0.0,100.62,100.62,1,1,0.7187656261161511,4
24.864027,67.19954,84.7,16,1,1,0,5,43,28,7,1,31,0,1,0.0,84.7,84.7,1,0,0.6050432173726694,3
24.966506,67.090888,27.41,223,1,1,0,16,21,27,7,0,31,0,0,0.0,27.41,27.41,1,0,0.19579969997856989,1
25.087193,66.939856,8.11,261,1,1,0,2,6,28,7,1,31,0,1,0.0,8.11,8.11,1,0,0.05793270947924851,1
24.886687,66.93423,40.27,307,1,1,0,22,46,27,7,0,31,0,1,0.0,40.27,40.27,1,0,0.28766340452889494,2
25.03818,66.935044,68.51,68,1,1,0,21,57,27,7,0,31,0,1,0.0,68.51,68.51,1,0,0.48939209943567397,3
24.775632,67.174022,35.21,223,1,1,0,5,24,28,7,1,31,0,1,0.0,35.21,35.21,1,0,0.2515179655689692,2
24.970886,66.991577,30.83,16,1,1,0,23,19,27,7,0,31,0,1,0.0,30.83,30.83,1,0,0.22023001642974496,2
24.968798,67.074817,29.94,281,1,1,0,11,0,28,7,1,31,0,0,0.0,29.94,29.94,1,0,0.21387241945853275,1
24.752417,67.059771,100.29,34,1,1,0,4,45,28,7,1,31,0,1,0.0,100.29,100.29,1,1,0.7164083148796343,4
24.835503,67.160409,126.79,351,1,1,0,19,21,27,7,0,31,0,0,0.0,126.79,126.79,1,1,0.9057075505393242,4
24.765457,66.951149,19.85,143,1,1,0,22,13,27,7,0,31,0,1,0.0,19.85,19.85,1,0,0.14179584256018288,1
24.817287,66.967974,86.01,200,1,1,0,17,29,27,7,0,31,0,0,0.0,86.01,86.01,1,0,0.6144010286449032,3
24.849873,66.973068,137.17,45,1,1,0,5,44,28,7,1,31,0,1,0.0,137.17,137.17,1,1,0.9798557039788555,4
24.828718,67.177938,72.22,120,1,1,0,13,35,27,7,0,31,0,0,0.0,72.22,72.22,1,0,0.5158939924280306,3
24.810428,67.121674,89.44,40,1,1,0,1,43,28,7,1,31,0,1,0.0,89.44,89.44,1,0,0.6389027787699121,3
24.9476,67.191675,134.53,4,1,1,0,13,43,27,7,0,31,0,0,0.0,134.53,134.53,1,1,0.9609972140867205,4
25.080755,66.96655,131.15,154,1,1,0,7,25,28,7,1,31,0,0,0.0,131.15,131.15,1,1,0.9368526323308808,4
24.873837,67.086279,25.81,277,1,1,0,7,58,28,7,1,31,0,0,0.0,25.81,25.81,1,0,0.18437031216515462,1
25.019366,67.106472,29.8,279,1,1,0,11,37,27,7,0,31,0,0,0.0,29.8,29.8,1,0,0.2128723480248589,1
24.763401,67.143741,5.69,326,1,1,0,7,40,28,7,1,31,0,0,0.0,5.69,5.69,1,0,0.04064576041145796,1
24.953918,67.059036,33.92,160,1,1,0,10,4,28,7,1,31,0,0,0.0,33.92,33.92,1,0,0.24230302164440318,2
24.8194,66.9739,131.79,234,1,1,0,4,40,28,7,1,31,0,1,0.0,131.79,131.79,1,1,0.9414243874562468,4
24.861838,67.195889,58.11,50,1,1,0,22,24,27,7,0,31,0,1,0.0,58.11,58.11,1,0,0.41510107864847484,2
24.900383,67.138835,7.29,4,1,1,0,19,32,27,7,0,31,0,0,0.0,7.29,7.29,1,0,0.052075148224873205,1
24.915178,66.902633,48.85,315,1,1,0,18,59,27,7,0,31,0,0,0.0,48.85,48.85,1,0,0.34895349667833414,2
24.900997,67.176019,17.7,37,1,1,0,6,31,28,7,1,31,0,0,0.0,17.7,17.7,1,0,0.12643760268590612,1
24.904601,67.065462,16.91,294,1,1,0,8,6,28,7,1,31,0,0,0.0,16.91,16.91,1,0,0.12079434245303235,1
24.823518,67.191183,116.93,47,1,1,0,10,31,28,7,1,31,0,0,0.0,116.93,116.93,1,1,0.8352739481391528,4
24.885961,67.1534,43.68,72,1,1,0,2,24,28,7,1,31,0,1,0.0,43.68,43.68,1,0,0.31202228730623616,2
24.958925,67.10573,14.38,210,1,1,0,4,1,28,7,1,31,0,1,0.0,14.38,14.38,1,0,0.1027216229730695,1
25.021088,66.990905,98.69,74,1,1,0,13,45,27,7,0,31,0,0,0.0,98.69,98.69,1,0,0.704978927066219,4
24.885933,66.971926,127.77,163,1,1,0,13,36,27,7,0,31,0,0,0.0,127.77,127.77,1,1,0.912708050575041,4
24.957903,66.966302,8.96,82,1,1,0,16,3,27,7,0,31,0,0,0.0,8.96,8.96,1,0,0.06400457175512536,1
24.975474,67.197828,84.03,24,1,1,0,2,53,28,7,1,31,0,1,0.0,84.03,84.03,1,0,0.6002571612258019,3
24.863343,66.98993,85.88,20,1,1,0,2,23,28,7,1,31,0,1,0.0,85.88,85.88,1,0,0.6134723908850631,3
24.820169,67.120248,46.11,1,1,1,0,22,4,27,7,0,31,0,1,0.0,46.11,46.11,1,0,0.32938067004786054,2
24.973612,67.217667,120.07,354,1,1,0,15,26,27,7,0,31,0,0,0.0,120.07,120.07,1,1,0.8577041217229802,4
25.084973,67.103281,30.13,295,1,1,0,8,14,28,7,1,31,0,0,0.0,30.13,30.13,1,0,0.2152296592613758,2
25.082704,67.060002,8.6,306,1,1,0,0,25,28,7,1,31,0,1,0.0,8.6,8.6,1,0,0.06143295949710693,1
24.990046,67.296196,54.65,85,1,1,0,5,54,28,7,1,31,0,1,0.0,54.65,54.65,1,0,0.3903850275019644,2
24.852688,67.100684,119.64,310,1,1,0,12,17,27,7,0,31,0,0,0.0,119.64,119.64,1,1,0.8546324737481248,4
24.92073,67.271186,104.56,50,1,1,0,11,33,27,7,0,31,0,0,0.0,104.56,104.56,1,1,0.7469104936066862,4
24.801894,66.921467,120.85,29,1,1,0,15,18,27,7,0,31,0,0,0.0,120.85,120.85,1,1,0.86327594828202,4
24.909292,67.014658,136.61,60,1,1,0,0,0,28,7,1,31,0,1,0.0,136.61,136.61,1,1,0.9758554182441603,4
24.98549,67.168936,75.12,299,1,1,0,21,28,27,7,0,31,0,1,0.0,75.12,75.12,1,0,0.5366097578398457,3
25.08375,67.081234,136.64,95,1,1,0,7,8,28,7,1,31,0,0,0.0,136.64,136.64,1,1,0.9760697192656617,4
24.858977,67.023428,29.29,247,1,1,0,9,28,28,7,1,31,0,0,0.0,29.29,29.29,1,0,0.2092292306593328,1
24.873496,67.062954,68.21,134,1,1,0,7,45,28,7,1,31,0,0,0.0,68.21,68.21,1,0,0.4872490892206585,3
24.834337,67.155213,26.94,220,1,1,0,20,11,27,7,0,31,0,1,0.0,26.94,26.94,1,0,0.19244231730837916,1
24.949045,67.110923,63.33,204,1,1,0,6,0,28,7,1,31,0,0,0.0,63.33,63.33,1,0,0.4523894563897421,3
24.875784,67.09575,89.54,20,1,1,0,13,33,27,7,0,31,0,0,0.0,89.54,89.54,1,0,0.6396171155082506,3
24.914201,67.153862,119.18,181,1,1,0,19,39,27,7,0,31,0,0,0.0,119.18,119.18,1,1,0.851346524751768,4
25.042774,67.228233,2.38,21,1,1,0,9,2,28,7,1,31,0,0,0.0,2.38,2.38,1,0,0.017001214372455175,1
24.859747,67.168389,27.38,169,1,1,0,7,1,28,7,1,31,0,0,0.0,27.38,27.38,1,0,0.19558539895706833,1
25.000797,67.108019,21.78,142,1,1,0,13,43,27,7,0,31,0,0,0.0,21.78,21.78,1,0,0.155582541610115,1
24.92782,66.995994,5.96,248,1,1,0,4,44,28,7,1,31,0,1,0.0,5.96,5.96,1,0,0.04257446960497178,1
24.795401,67.059127,124.66,336,1,1,0,6,53,28,7,1,31,0,0,0.0,124.66,124.66,1,1,0.8904921780127151,4
24.997196,67.087684,99.15,346,1,1,0,13,48,27,7,0,31,0,0,0.0,99.15,99.15,1,0,0.7082648760625759,4
24.985341,67.097725,133.52,113,1,1,0,8,33,28,7,1,31,0,0,0.0,133.52,133.52,1,1,0.9537824130295021,4
24.905722,67.075956,70.64,95,1,1,0,16,4,27,7,0,31,0,0,0.0,70.64,70.64,1,0,0.504607471962283,3
24.764507,67.097084,108.03,195,1,1,0,14,25,27,7,0,31,0,0,0.0,108.03,108.03,1,1,0.7716979784270305,4
24.946189,67.012771,64.76,296,1,1,0,14,21,27,7,0,31,0,0,0.0,64.76,64.76,1,0,0.462604471747982,3
25.049236,67.01796,8.7,7,1,1,0,10,3,28,7,1,31,0,0,0.0,8.7,8.7,1,0,0.06214729623544538,1
25.076221,67.290921,49.91,69,1,1,0,19,14,27,7,0,31,0,0,0.0,49.91,49.91,1,0,0.35652546610472174,2
24.773801,67.011335,117.38,292,1,1,0,11,13,28,7,1,31,0,0,0.0,117.38,117.38,1,1,0.8384884634616757,4
25.048102,67.02012,60.7,342,1,1,0,23,59,27,7,0,31,0,1,0.0,60.7,60.7,1,0,0.4336024001714408,3
24.941076,66.971284,84.59,276,1,1,0,10,28,28,7,1,31,0,0,0.0,84.59,84.59,1,0,0.6042574469604972,3
24.951495,66.988154,79.29,54,1,1,0,13,7,27,7,0,31,0,0,0.0,79.29,79.29,1,0,0.5663975998285592,3
24.833996,67.198272,67.92,248,1,1,0,12,54,27,7,0,31,0,0,0.0,67.92,67.92,1,0,0.48517751267947706,3
24.961792,67.093187,5.96,21,1,1,0,13,37,27,7,0,31,0,0,0.0,5.96,5.96,1,0,0.04257446960497178,1
24.983642,67.208649,137.25,203,1,1,0,11,0,28,7,1,31,0,0,0.0,137.25,137.25,1,1,0.9804271733695263,4
24.772187,66.91706,26.63,119,1,1,0,15,39,27,7,0,31,0,0,0.0,26.63,26.63,1,0,0.19022787341952996,1
25.014115,66.951655,28.21,310,1,1,0,23,42,27,7,0,31,0,1,0.0,28.21,28.21,1,0,0.2015143938852775,1
25.064757,67.026829,36.67,333,1,1,0,11,17,28,7,1,31,0,0,0.0,36.67,36.67,1,0,0.26194728194871064,2
24.830154,67.193149,113.78,175,1,1,0,2,31,28,7,1,31,0,1,0.0,113.78,113.78,1,1,0.8127723408814915,4
24.904841,66.903146,74.89,201,1,1,0,2,2,28,7,1,31,0,1,0.0,74.89,74.89,1,0,0.5349667833416673,3
25.08579,67.12983,18.61,333,1,1,0,3,41,28,7,1,31,0,1,0.0,18.61,18.61,1,0,0.13293806700478605,1
25.024707,67.088378,66.3,338,1,1,0,1,42,28,7,1,31,0,1,0.0,66.3,66.3,1,0,0.4736052575183941,3
24.836627,67.133575,108.77,205,1,1,0,18,10,27,7,0,31,0,0,0.0,108.77,108.77,1,1,0.776984070290735,4
24.825179,67.210862,122.59,221,1,1,0,15,8,27,7,0,31,0,0,0.0,122.59,122.59,1,1,0.8757054075291092,4
24.985394,67.140551,116.87,151,1,1,0,21,49,27,7,0,31,0,1,0.0,116.87,116.87,1,1,0.8348453460961497,4
24.786763,66.914871,33.47,219,1,1,0,14,49,27,7,0,31,0,0,0.0,33.47,33.47,1,0,0.2390885063218801,2
24.925534,67.191583,9.09,42,1,1,0,5,4,28,7,1,31,0,1,0.0,9.09,9.09,1,0,0.06493320951496535,1
25.087916,67.212638,97.77,293,1,1,0,3,1,28,7,1,31,0,1,0.0,97.77,97.77,1,0,0.6984070290735052,4
24.889535,66.959581,118.06,300,1,1,0,0,2,28,7,1,31,0,1,0.0,118.06,118.06,1,1,0.8433459532823773,4
24.955422,66.906123,85.12,222,1,1,0,2,21,28,7,1,31,0,1,0.0,85.12,85.12,1,0,0.608043431673691,3
24.761516,67.271507,125.9,161,1,1,0,10,46,28,7,1,31,0,0,0.0,125.9,125.9,1,1,0.899349953568112,4
24.861211,67.20298,30.57,358,1,1,0,14,10,27,7,0,31,0,0,0.0,30.57,30.57,1,0,0.218372740910065,2
24.802423,67.191532,27.9,272,1,1,0,12,15,27,7,0,31,0,0,0.0,27.9,27.9,1,0,0.1992999499964283,1
24.917732,67.060322,10.36,259,1,1,0,20,7,27,7,0,31,0,1,0.0,10.36,10.36,1,0,0.0740052860918637,1
24.862787,67.076714,110.01,345,1,1,0,3,34,28,7,1,31,0,1,0.0,110.01,110.01,1,1,0.7858418458461318,4
25.066401,67.201073,50.67,157,1,1,0,3,14,28,7,1,31,0,1,0.0,50.67,50.67,1,0,0.361954425316094,2
24.961161,67.139619,14.43,185,1,1,0,2,34,28,7,1,31,0,1,0.0,14.43,14.43,1,0,0.10307879134223873,1
24.762082,66.92753,80.3,334,1,1,0,8,59,28,7,1,31,0,0,0.0,80.3,80.3,1,0,0.5736124008857775,3
24.962109,66.902854,69.0,326,1,1,0,20,55,27,7,0,31,0,1,0.0,69.0,69.0,1,0,0.4928923494535324,3
24.90908,66.920954,85.56,81,1,1,0,1,12,28,7,1,31,0,1,0.0,85.56,85.56,1,0,0.6111865133223802,3
25.062372,67.168469,89.37,310,1,1,0,5,47,28,7,1,31,0,1,0.0,89.37,89.37,1,0,0.6384027430530752,3
24.855836,66.997058,105.82,262,1,1,0,21,46,27,7,0,31,0,1,0.0,105.82,105.82,1,1,0.7559111365097506,4
24.866265,67.272326,3.47,342,1,1,0,2,19,28,7,1,31,0,1,0.0,3.47,3.47,1,0,0.02478748482034431,1
24.859622,67.00875,136.3,107,1,1,0,0,9,28,7,1,31,0,1,0.0,136.3,136.3,1,1,0.9736409743553112,4
24.995019,66.91479,127.8,173,1,1,0,11,1,28,7,1,31,0,0,0.0,127.8,127.8,1,1,0.9129223515965426,4
25.040089,66.92422,95.01,279,1,1,0,10,25,28,7,1,31,0,0,0.0,95.01,95.01,1,0,0.678691335095364,4
25.002599,66.91929,117.44,192,1,1,0,3,17,28,7,1,31,0,1,0.0,117.44,117.44,1,1,0.8389170655046788,4
24.863146,67.288074,63.68,206,1,1,0,16,36,27,7,0,31,0,0,0.0,63.68,63.68,1,0,0.4548896349739267,3
24.79822,66.988997,96.42,228,1,1,0,13,38,27,7,0,31,0,0,0.0,96.42,96.42,1,0,0.6887634831059362,4
24.840528,67.223338,13.66,93,1,1,0,23,7,27,7,0,31,0,1,0.0,13.66,13.66,1,0,0.09757839845703264,1
24.822693,67.001873,8.24,113,1,1,0,12,10,27,7,0,31,0,0,0.0,8.24,8.24,1,0,0.05886134723908851,1
24.843225,67.005058,12.54,108,1,1,0,11,58,27,7,0,31,0,0,0.0,12.54,12.54,1,0,0.08957782698764197,1
25.098105,67.082818,0.51,206,1,1,0,4,42,28,7,1,31,0,1,0.0,0.51,0.51,1,0,0.003643117365526109,1
24.792127,67.193368,134.08,99,1,1,0,16,17,27,7,0,31,0,0,0.0,134.08,134.08,1,1,0.9577826987641974,4
25.006159,67.164373,6.57,218,1,1,0,23,53,27,7,0,31,0,1,0.0,6.57,6.57,1,0,0.046931923708836344,1
25.041769,67.180226,61.31,94,1,1,0,23,36,27,7,0,31,0,1,0.0,61.31,61.31,1,0,0.43795985427530537,3
24.987581,67.259689,135.16,230,1,1,0,16,10,27,7,0,31,0,0,0.0,135.16,135.16,1,1,0.9654975355382527,4
24.802739,67.097432,101.79,175,1,1,0,20,3,27,7,0,31,0,1,0.0,101.79,101.79,1,1,0.727123365954711,4
25.065729,66.986795,4.59,350,1,1,0,9,42,28,7,1,31,0,0,0.0,4.59,4.59,1,0,0.032788056289734975,1
24.963273,66.927776,45.31,282,1,1,0,3,18,28,7,1,31,0,1,0.0,45.31,45.31,1,0,0.32366597614115294,2
25.04165,66.940967,48.14,62,1,1,0,6,23,28,7,1,31,0,0,0.0,48.14,48.14,1,0,0.34388170583613115,2
24.977365,66.981561,14.34,16,1,1,0,22,13,27,7,0,31,0,1,0.0,14.34,14.34,1,0,0.10243588827773412,1
24.837953,67.023324,84.97,340,1,1,0,15,36,27,7,0,31,0,0,0.0,84.97,84.97,1,0,0.6069719265661833,3
25.04481,67.025264,37.32,15,1,1,0,19,20,27,7,0,31,0,0,0.0,37.32,37.32,1,0,0.26659047074791054,2
24.800691,66.930041,100.08,93,1,1,0,10,43,28,7,1,31,0,0,0.0,100.08,100.08,1,1,0.7149082077291234,4
24.994573,67.265133,65.91,342,1,1,0,21,39,27,7,0,31,0,1,0.0,65.91,65.91,1,0,0.47081934423887417,3
24.98864,66.912147,128.72,243,1,1,0,4,59,28,7,1,31,0,1,0.0,128.72,128.72,1,1,0.9194942495892563,4
25.093169,66.988905,90.27,285,1,1,0,14,57,27,7,0,31,0,0,0.0,90.27,90.27,1,0,0.6448317736981212,4
24.973689,67.044642,92.73,18,1,1,0,20,19,27,7,0,31,0,1,0.0,92.73,92.73,1,0,0.6624044574612472,4
24.961281,66.90077,11.79,13,1,1,0,19,31,27,7,0,31,0,0,0.0,11.79,11.79,1,0,0.08422030145010356,1
25.001122,66.912636,79.82,170,1,1,0,12,6,27,7,0,31,0,0,0.0,79.82,79.82,1,0,0.5701835845417529,3
25.032494,67.263284,103.89,257,1,1,0,21,46,27,7,0,31,0,1,0.0,103.89,103.89,1,1,0.7421244374598185,4
24.84024,67.287414,115.45,86,1,1,0,0,18,28,7,1,31,0,1,0.0,115.45,115.45,1,1,0.8247017644117437,4
24.833417,67.180089,104.02,270,1,1,0,19,39,27,7,0,31,0,0,0.0,104.02,104.02,1,1,0.7430530752196585,4
24.852906,66.917201,6.69,48,1,1,0,19,39,27,7,0,31,0,0,0.0,6.69,6.69,1,0,0.04778912779484249,1
24.828136,67.244621,61.33,95,1,1,0,23,3,27,7,0,31,0,1,0.0,61.33,61.33,1,0,0.43810272162297303,3
24.757588,67.183493,8.65,331,1,1,0,22,54,27,7,0,31,0,1,0.0,8.65,8.65,1,0,0.06179012786627616,1
24.95015,66.982184,11.02,42,1,1,0,8,10,28,7,1,31,0,0,0.0,11.02,11.02,1,0,0.07871990856489748,1
24.818546,67.098985,16.47,328,1,1,0,17,0,27,7,0,31,0,0,0.0,16.47,16.47,1,0,0.11765126080434316,1
24.765651,67.254419,54.59,343,1,1,0,5,27,28,7,1,31,0,1,0.0,54.59,54.59,1,0,0.38995642545896136,2
24.907844,67.291936,45.48,299,1,1,0,4,18,28,7,1,31,0,1,0.0,45.48,45.48,1,0,0.32488034859632825,2
25.033972,67.276469,62.59,76,1,1,0,1,29,28,7,1,31,0,1,0.0,62.59,62.59,1,0,0.44710336452603755,3
24.797045,67.097044,137.07,124,1,1,0,23,32,27,7,0,31,0,1,0.0,137.07,137.07,1,1,0.979141367240517,4
25.006371,67.160989,19.63,199,1,1,0,4,7,28,7,1,31,0,1,0.0,19.63,19.63,1,0,0.14022430173583825,1
25.042411,67.280196,131.39,326,1,1,0,6,55,28,7,1,31,0,0,0.0,131.39,131.39,1,1,0.9385670405028929,4
25.006796,67.233492,39.38,259,1,1,0,9,2,28,7,1,31,0,0,0.0,39.38,39.38,1,0,0.2813058075576827,2
24.798872,66.946066,57.42,344,1,1,0,8,6,28,7,1,31,0,0,0.0,57.42,57.42,1,0,0.41017215515393957,2
24.925127,67.112888,1.84,164,1,1,0,22,58,27,7,0,31,0,1,0.0,1.84,1.84,1,0,0.013143795985427531,1
24.775519,67.139986,72.75,224,1,1,0,7,52,28,7,1,31,0,0,0.0,72.75,72.75,1,0,0.5196799771412244,3
24.918875,67.088888,98.76,233,1,1,0,15,16,27,7,0,31,0,0,0.0,98.76,98.76,1,0,0.7054789627830559,4
25.082043,67.216737,19.1,249,1,1,0,11,42,27,7,0,31,0,0,0.0,19.1,19.1,1,0,0.13643831702264447,1
25.039419,67.085538,3.82,185,1,1,0,21,21,27,7,0,31,0,1,0.0,3.82,3.82,1,0,0.027287663404528893,1
24.956866,67.051119,7.8,346,1,1,0,22,30,27,7,0,31,0,1,0.0,7.8,7.8,1,0,0.05571826559039931,1
24.85503,67.222951,19.41,256,1,1,0,23,16,27,7,0,31,0,1,0.0,19.41,19.41,1,0,0.13865276091149367,1
25.01332,67.12584,108.21,356,1,1,0,5,56,28,7,1,31,0,1,0.0,108.21,108.21,1,1,0.7729837845560397,4
24.964314,67.194127,44.27,18,1,1,0,7,49,28,7,1,31,0,0,0.0,44.27,44.27,1,0,0.31623687406243306,2
24.979393,67.207873,26.67,86,1,1,0,22,37,27,7,0,31,0,1,0.0,26.67,26.67,1,0,0.19051360811486534,1
24.9722,66.938859,64.74,115,1,1,0,10,41,28,7,1,31,0,0,0.0,64.74,64.74,1,0,0.46246160440031425,3
24.833697,67.170456,139.13,77,1,1,0,11,21,27,7,0,31,0,0,0.0,139.13,139.13,1,1,0.9938567040502893,4
24.878032,67.147769,11.7,276,1,1,0,13,56,27,7,0,31,0,0,0.0,11.7,11.7,1,0,0.08357739838559897,1
24.816142,67.221411,4.64,132,1,1,0,10,39,28,7,1,31,0,0,0.0,4.64,4.64,1,0,0.0331452246589042,1
25.021799,67.023955,1.61,335,1,1,0,17,8,27,7,0,31,0,0,0.0,1.61,1.61,1,0,0.01150082148724909,1
25.019489,67.202989,135.25,234,1,1,0,18,34,27,7,0,31,0,0,0.0,135.25,135.25,1,1,0.9661404386027572,4
25.02452,67.014196,110.42,330,1,1,0,18,35,27,7,0,31,0,0,0.0,110.42,110.42,1,1,0.7887706264733195,4
24.974578,67.298727,82.99,279,1,1,0,23,55,27,7,0,31,0,1,0.0,82.99,82.99,1,0,0.5928280591470818,3
24.755045,66.917184,28.74,203,1,1,0,2,16,28,7,1,31,0,1,0.0,28.74,28.74,1,0,0.2053003785984713,1
24.959764,66.903075,6.36,154,1,1,0,3,39,28,7,1,31,0,1,0.0,6.36,6.36,1,0,0.045431816558325594,1
25.05791,66.924031,2.9,163,1,1,0,18,26,27,7,0,31,0,0,0.0,2.9,2.9,1,0,0.020715765411815128,1
24.833226,66.957827,86.74,187,1,1,0,21,46,27,7,0,31,0,1,0.0,86.74,86.74,1,0,0.6196156868347739,3
24.908165,67.132612,15.44,87,1,1,0,19,50,27,7,0,31,0,0,0.0,15.44,15.44,1,0,0.11029359239945709,1
24.801477,67.133819,15.01,344,1,1,0,18,19,27,7,0,31,0,0,0.0,15.01,15.01,1,0,0.10722194442460174,1
24.784395,67.252656,106.64,26,1,1,0,23,44,27,7,0,31,0,1,0.0,106.64,106.64,1,1,0.7617686977641259,4
24.981232,67.04948,92.95,291,1,1,0,20,29,27,7,0,31,0,1,0.0,92.95,92.95,1,0,0.6639759982855918,4
24.844951,66.971841,42.11,64,1,1,0,15,46,27,7,0,31,0,0,0.0,42.11,42.11,1,0,0.3008072005143224,2
24.823177,66.994125,102.24,168,1,1,0,9,44,28,7,1,31,0,0,0.0,102.24,102.24,1,1,0.730337881277234,4
24.89281,67.118632,125.06,36,1,1,0,22,56,27,7,0,31,0,1,0.0,125.06,125.06,1,1,0.893349524966069,4
24.751825,67.035592,62.82,120,1,1,0,14,10,27,7,0,31,0,0,0.0,62.82,62.82,1,0,0.448746339024216,3
24.784468,66.993684,127.07,190,1,1,0,14,51,27,7,0,31,0,0,0.0,127.07,127.07,1,1,0.9077076934066718,4
24.886957,67.053975,113.34,117,1,1,0,21,4,27,7,0,31,0,1,0.0,113.34,113.34,1,1,0.8096292592328023,4
24.957872,67.258553,35.37,133,1,1,0,7,16,28,7,1,31,0,0,0.0,35.37,35.37,1,0,0.2526609043503107,2
24.777649,67.122766,19.28,197,1,1,0,18,6,27,7,0,31,0,0,0.0,19.28,19.28,1,0,0.1377241231516537,1
24.951402,66.975738,36.86,63,1,1,0,8,35,28,7,1,31,0,0,0.0,36.86,36.86,1,0,0.26330452175155367,2
24.837521,67.220025,89.1,63,1,1,0,20,37,27,7,0,31,0,1,0.0,89.1,89.1,1,0,0.6364740338595614,3
24.979516,67.21473,47.02,248,1,1,0,13,44,27,7,0,31,0,0,0.0,47.02,47.02,1,0,0.3358811343667405,2
25.079297,67.176273,117.81,343,1,1,0,2,37,28,7,1,31,0,1,0.0,117.81,117.81,1,1,0.8415601114365311,4
25.037412,66.926752,117.9,198,1,1,0,21,5,27,7,0,31,0,1,0.0,117.9,117.9,1,1,0.8422030145010357,4
24.888492,67.236645,18.97,194,1,1,0,23,21,27,7,0,31,0,1,0.0,18.97,18.97,1,0,0.13550967926280447,1
25.049931,66.970978,87.58,242,1,1,0,17,12,27,7,0,31,0,0,0.0,87.58,87.58,1,0,0.6256161154368168,3
24.907472,67.011633,18.75,356,1,1,0,7,56,28,7,1,31,0,0,0.0,18.75,18.75,1,0,0.1339381384384599,1
25.06409,67.175087,64.84,189,1,1,0,5,20,28,7,1,31,0,1,0.0,64.84,64.84,1,0,0.46317594113865274,3
24.951811,67.1738,89.46,164,1,1,0,18,51,27,7,0,31,0,0,0.0,89.46,89.46,1,0,0.6390456461175797,3
24.76336,67.189933,96.98,319,1,1,0,0,57,28,7,1,31,0,1,0.0,96.98,96.98,1,0,0.6927637688406315,4
25.070554,67.006409,108.36,54,1,1,0,9,9,28,7,1,31,0,0,0.0,108.36,108.36,1,1,0.7740552896635473,4
25.022629,67.095032,44.29,323,1,1,0,4,54,28,7,1,31,0,1,0.0,44.29,44.29,1,0,0.31637974141010067,2
24.992828,66.997295,106.96,275,1,1,0,9,56,28,7,1,31,0,0,0.0,106.96,106.96,1,1,0.764054575326809,4
25.076904,67.280361,64.07,320,1,1,0,15,26,27,7,0,31,0,0,0.0,64.07,64.07,1,0,0.4576755482534466,3
24.86298,67.027431,118.17,91,1,1,0,6,8,28,7,1,31,0,0,0.0,118.17,118.17,1,1,0.8441317236945496,4
25.060665,67.210024,87.44,38,1,1,0,9,57,28,7,1,31,0,0,0.0,87.44,87.44,1,0,0.6246160440031431,3
24.893731,67.200261,19.07,269,1,1,0,20,52,27,7,0,31,0,1,0.0,19.07,19.07,1,0,0.13622401600114292,1
24.969641,66.934738,106.83,84,1,1,0,10,4,28,7,1,31,0,0,0.0,106.83,106.83,1,1,0.763125937566969,4
25.099351,67.197952,18.54,36,1,1,0,20,58,27,7,0,31,0,1,0.0,18.54,18.54,1,0,0.13243803128794912,1
24.967287,67.200422,125.59,343,1,1,0,6,37,28,7,1,31,0,0,0.0,125.59,125.59,1,1,0.8971355096792628,4
24.783726,67.028706,76.16,23,1,1,0,23,27,27,7,0,31,0,1,0.0,76.16,76.16,1,0,0.5440388599185656,3
24.98533,66.990006,31.74,245,1,1,0,14,40,27,7,0,31,0,0,0.0,31.74,31.74,1,0,0.22673048074862487,2
25.096438,67.211851,94.19,107,1,1,0,7,26,28,7,1,31,0,0,0.0,94.19,94.19,1,0,0.6728337738409886,4
24.878024,67.003923,112.66,155,1,1,0,10,58,28,7,1,31,0,0,0.0,112.66,112.66,1,1,0.8047717694121008,4
24.753437,67.066521,73.41,76,1,1,0,18,13,27,7,0,31,0,0,0.0,73.41,73.41,1,0,0.524394599614258,3
24.831815,66.923014,139.11,171,1,1,0,21,51,27,7,0,31,0,1,0.0,139.11,139.11,1,1,0.9937138367026217,4
24.789457,66.903081,20.16,182,1,1,0,19,27,27,7,0,31,0,0,0.0,20.16,20.16,1,0,0.14401028644903208,1
24.810642,67.13346,61.98,220,1,1,0,19,43,27,7,0,31,0,0,0.0,61.98,61.98,1,0,0.442745910422173,3
25.015207,67.241106,27.96,57,1,1,0,9,21,28,7,1,31,0,0,0.0,27.96,27.96,1,0,0.19972855203943138,1
25.00032,67.066003,23.98,322,1,1,0,2,24,28,7,1,31,0,1,0.0,23.98,23.98,1,0,0.17129794985356095,1
24.963462,66.969278,77.09,274,1,1,0,11,40,27,7,0,31,0,0,0.0,77.09,77.09,1,0,0.5506821915851132,3
25.048235,67.240767,112.76,301,1,1,0,12,14,27,7,0,31,0,0,0.0,112.76,112.76,1,1,0.8054861061504393,4
24.886903,67.059122,118.37,20,1,1,0,17,47,27,7,0,31,0,0,0.0,118.37,118.37,1,1,0.8455603971712264,4
24.754782,67.137523,55.85,143,1,1,0,20,41,27,7,0,31,0,1,0.0,55.85,55.85,1,0,0.3989570683620258,2
25.035356,67.137925,15.12,0,1,1,0,21,13,27,7,0,31,0,1,0.0,15.12,15.12,1,0,0.10800771483677404,1
25.088634,67.25246,43.84,81,1,1,0,2,33,28,7,1,31,0,1,0.0,43.84,43.84,1,0,0.3131652260875777,2
25.035169,67.261094,51.31,319,1,1,0,5,56,28,7,1,31,0,1,0.0,51.31,51.31,1,0,0.36652618044146007,2
24.876352,66.935996,127.09,80,1,1,0,9,3,28,7,1,31,0,0,0.0,127.09,127.09,1,1,0.9078505607543396,4
24.953164,67.042052,9.02,286,1,1,0,9,29,28,7,1,31,0,0,0.0,9.02,9.02,1,0,0.06443317379812843,1
24.804619,66.935469,94.35,60,1,1,0,10,14,28,7,1,31,0,0,0.0,94.35,94.35,1,0,0.67397671262233,4
24.925263,67.2976,22.01,156,1,1,0,20,11,27,7,0,31,0,1,0.0,22.01,22.01,1,0,0.15722551610829344,1
25.072219,67.227695,61.62,230,1,1,0,20,48,27,7,0,31,0,1,0.0,61.62,61.62,1,0,0.44017429816415454,3
24.981025,67.113671,136.09,6,1,1,0,5,50,28,7,1,31,0,1,0.0,136.09,136.09,1,1,0.9721408672048003,4
24.98426,67.171566,47.81,193,1,1,0,12,2,27,7,0,31,0,0,0.0,47.81,47.81,1,0,0.34152439459961426,2
24.999949,67.038545,40.66,226,1,1,0,11,28,27,7,0,31,0,0,0.0,40.66,40.66,1,0,0.2904493178084148,2
24.912293,67.120298,98.59,181,1,1,0,13,52,27,7,0,31,0,0,0.0,98.59,98.59,1,0,0.7042645903278806,4
25.016898,66.966476,14.0,335,1,1,0,0,35,28,7,1,31,0,1,0.0,14.0,14.0,1,0,0.10000714336738338,1
24.785442,67.016071,48.54,201,1,1,0,13,1,27,7,0,31,0,0,0.0,48.54,48.54,1,0,0.3467390527894849,2
25.044649,66.99026,16.03,281,1,1,0,11,7,28,7,1,31,0,0,0.0,16.03,16.03,1,0,0.11450817915565398,1
25.029308,67.285589,125.76,284,1,1,0,7,17,28,7,1,31,0,0,0.0,125.76,125.76,1,1,0.8983498821344381,4
24.948224,67.097974,122.02,107,1,1,0,22,36,27,7,0,31,0,1,0.0,122.02,122.02,1,1,0.87163368812058,4
24.948906,67.107565,64.89,83,1,1,0,21,28,27,7,0,31,0,1,0.0,64.89,64.89,1,0,0.46353310950782195,3
25.056203,67.235964,66.17,218,1,1,0,15,21,27,7,0,31,0,0,0.0,66.17,66.17,1,0,0.4726766197585542,3
24.916552,66.993111,94.0,334,1,1,0,21,9,27,7,0,31,0,1,0.0,94.0,94.0,1,0,0.6714765340381456,4
24.925526,66.962528,106.57,354,1,1,0,15,57,27,7,0,31,0,0,0.0,106.57,106.57,1,1,0.761268662047289,4
24.812932,66.904056,127.16,91,1,1,0,14,41,27,7,0,31,0,0,0.0,127.16,127.16,1,1,0.9083505964711764,4
24.929023,67.084323,91.83,163,1,1,0,21,28,27,7,0,31,0,1,0.0,91.83,91.83,1,0,0.6559754268162011,4
25.018887,67.092584,108.93,312,1,1,0,10,58,28,7,1,31,0,0,0.0,108.93,108.93,1,1,0.7781270090720765,4
24.952659,66.982819,125.95,245,1,1,0,6,27,28,7,1,31,0,0,0.0,125.95,125.95,1,1,0.8997071219372812,4
24.988369,67.245267,69.02,73,1,1,0,19,21,27,7,0,31,0,0,0.0,69.02,69.02,1,0,0.49303521680120005,3
24.768974,66.975314,135.7,227,1,1,0,6,4,28,7,1,31,0,0,0.0,135.7,135.7,1,1,0.9693549539252803,4
24.825425,66.930148,2.81,353,1,1,0,7,4,28,7,1,31,0,0,0.0,2.81,2.81,1,0,0.02007286234731052,1
25.082573,67.1219,115.2,254,1,1,0,4,2,28,7,1,31,0,1,0.0,115.2,115.2,1,1,0.8229159225658975,4
24.848267,67.261002,96.16,59,1,1,0,2,22,28,7,1,31,0,1,0.0,96.16,96.16,1,0,0.6869062075862561,4
24.997903,67.299687,24.71,164,1,1,0,6,44,28,7,1,31,0,0,0.0,24.71,24.71,1,0,0.17651260804343166,1
24.848987,66.984274,17.61,11,1,1,0,16,17,27,7,0,31,0,0,0.0,17.61,17.61,1,0,0.12579469962140152,1
24.855741,67.08439,77.86,302,1,1,0,20,17,27,7,0,31,0,1,0.0,77.86,77.86,1,0,0.5561825844703193,3
25.067319,67.225097,21.31,207,1,1,0,11,0,28,7,1,31,0,0,0.0,21.31,21.31,1,0,0.15222515893992425,1
24.793416,67.181304,75.77,81,1,1,0,0,40,28,7,1,31,0,1,0.0,75.77,75.77,1,0,0.5412529466390456,3
24.916187,67.018842,22.94,233,1,1,0,14,19,27,7,0,31,0,0,0.0,22.94,22.94,1,0,0.16386884777484106,1
24.775279,67.214455,134.15,92,1,1,0,9,37,28,7,1,31,0,0,0.0,134.15,134.15,1,1,0.9582827344810343,4
24.998241,67.279678,78.91,358,1,1,0,20,50,27,7,0,31,0,1,0.0,78.91,78.91,1,0,0.563683120222873,3
24.915467,67.10981,120.49,2,1,1,0,16,51,27,7,0,31,0,0,0.0,120.49,120.49,1,1,0.8607043360240016,4
24.95606,67.054348,31.92,272,1,1,0,9,36,28,7,1,31,0,0,0.0,31.92,31.92,1,0,0.22801628687763412,2
25.091977,67.29366,32.91,294,1,1,0,6,25,28,7,1,31,0,0,0.0,32.91,32.91,1,0,0.23508822058718476,2
24.953879,67.215106,62.55,40,1,1,0,13,9,27,7,0,31,0,0,0.0,62.55,62.55,1,0,0.44681762983070217,3
25.080303,67.037345,40.46,204,1,1,0,14,10,27,7,0,31,0,0,0.0,40.46,40.46,1,0,0.28902064433173796,2
24.876405,66.900545,43.65,140,1,1,0,9,36,28,7,1,31,0,0,0.0,43.65,43.65,1,0,0.3118079862847346,2
24.944086,67.217525,16.22,229,1,1,0,4,17,28,7,1,31,0,1,0.0,16.22,16.22,1,0,0.11586541895849702,1
25.048276,67.027802,32.96,278,1,1,0,8,9,28,7,1,31,0,0,0.0,32.96,32.96,1,0,0.23544538895635403,2
24.817905,67.23353,134.42,344,1,1,0,17,54,27,7,0,31,0,0,0.0,134.42,134.42,1,1,0.960211443674548,4
24.868026,67.254255,47.45,246,1,1,0,1,35,28,7,1,31,0,1,0.0,47.45,47.45,1,0,0.3389527823415958,2
25.014285,67.091666,102.27,304,1,1,0,6,44,28,7,1,31,0,0,0.0,102.27,102.27,1,1,0.7305521822987355,4
25.061293,66.994448,62.52,182,1,1,0,15,24,27,7,0,31,0,0,0.0,62.52,62.52,1,0,0.4466033288092007,3
24.913591,66.936894,87.11,23,1,1,0,3,51,28,7,1,31,0,1,0.0,87.11,87.11,1,0,0.6222587327666261,3
25.063246,67.279998,32.52,220,1,1,0,20,33,27,7,0,31,0,1,0.0,32.52,32.52,1,0,0.23230230730766485,2
24.880593,67.121101,129.69,83,1,1,0,15,35,27,7,0,31,0,0,0.0,129.69,129.69,1,1,0.9264233159511392,4
24.909486,66.906994,115.25,159,1,1,0,21,19,27,7,0,31,0,1,0.0,115.25,115.25,1,1,0.8232730909350667,4
24.821939,66.980874,84.8,137,1,1,0,8,41,28,7,1,31,0,0,0.0,84.8,84.8,1,0,0.6057575541110078,3
25.005993,66.953278,139.27,225,1,1,0,16,25,27,7,0,31,0,0,0.0,139.27,139.27,1,1,0.9948567754839631,4
24.950848,66.943792,114.05,34,1,1,0,22,43,27,7,0,31,0,1,0.0,114.05,114.05,1,1,0.8147010500750053,4
24.921142,67.057116,77.81,41,1,1,0,11,43,27,7,0,31,0,0,0.0,77.81,77.81,1,0,0.5558254161011501,3
25.035413,67.022954,106.35,245,1,1,0,5,43,28,7,1,31,0,1,0.0,106.35,106.35,1,1,0.7596971212229444,4
25.081757,67.145322,28.87,168,1,1,0,6,38,28,7,1,31,0,0,0.0,28.87,28.87,1,0,0.2062290163583113,1
25.023719,67.008798,92.73,249,1,1,0,6,27,28,7,1,31,0,0,0.0,92.73,92.73,1,0,0.6624044574612472,4
24.827855,66.92974,112.51,80,1,1,0,16,53,27,7,0,31,0,0,0.0,112.51,112.51,1,1,0.8037002643045932,4
24.985522,66.942338,98.15,50,1,1,0,3,17,28,7,1,31,0,1,0.0,98.15,98.15,1,0,0.7011215086791913,4
24.774067,67.282039,75.1,105,1,1,0,6,37,28,7,1,31,0,0,0.0,75.1,75.1,1,0,0.5364668904921779,3
24.964214,67.226811,74.74,336,1,1,0,0,1,28,7,1,31,0,1,0.0,74.74,74.74,1,0,0.5338952782341595,3
24.865602,67.212645,80.72,240,1,1,0,19,19,27,7,0,31,0,0,0.0,80.72,80.72,1,0,0.576612615186799,3
24.964013,66.923857,92.4,203,1,1,0,15,54,27,7,0,31,0,0,0.0,92.4,92.4,1,0,0.6600471462247304,4
24.85798,66.937098,119.24,229,1,1,0,18,49,27,7,0,31,0,0,0.0,119.24,119.24,1,1,0.851775126794771,4
25.000035,67.174645,30.43,344,1,1,0,6,31,28,7,1,31,0,0,0.0,30.43,30.43,1,0,0.21737266947639117,2
24.946913,67.204314,127.09,219,1,1,0,23,25,27,7,0,31,0,1,0.0,127.09,127.09,1,1,0.9078505607543396,4
24.95484,67.093458,119.81,347,1,1,0,11,57,27,7,0,31,0,0,0.0,119.81,119.81,1,1,0.8558468462033002,4
24.87046,67.084727,102.61,60,1,1,0,2,25,28,7,1,31,0,1,0.0,102.61,102.61,1,1,0.7329809272090864,4
24.836587,67.111766,129.69,170,1,1,0,17,30,27,7,0,31,0,0,0.0,129.69,129.69,1,1,0.9264233159511392,4
24.865662,67.042511,38.68,49,1,1,0,20,37,27,7,0,31,0,1,0.0,38.68,38.68,1,0,0.2763054503893135,2
24.92495,67.073564,1.32,169,1,1,0,14,45,27,7,0,31,0,0,0.0,1.32,1.32,1,0,0.009429244946067577,1
24.881714,67.132303,100.98,105,1,1,0,19,6,27,7,0,31,0,0,0.0,100.98,100.98,1,1,0.7213372383741695,4
24.980044,67.002547,138.86,347,1,1,0,9,10,28,7,1,31,0,0,0.0,138.86,138.86,1,1,0.9919279948567755,4
24.863463,67.180634,0.93,91,1,1,0,16,9,27,7,0,31,0,0,0.0,0.93,0.93,1,0,0.00664333166654761,1
24.869078,66.95455,106.68,260,1,1,0,18,46,27,7,0,31,0,0,0.0,106.68,106.68,1,1,0.7620544324594614,4
25.008858,66.919748,87.5,134,1,1,0,3,19,28,7,1,31,0,1,0.0,87.5,87.5,1,0,0.6250446460461461,3
24.886973,67.04601,84.95,126,1,1,0,3,11,28,7,1,31,0,1,0.0,84.95,84.95,1,0,0.6068290592185156,3
25.033042,67.081373,12.73,262,1,1,0,20,13,27,7,0,31,0,1,0.0,12.73,12.73,1,0,0.09093506679048503,1
24.941793,67.055538,131.29,229,1,1,0,7,6,28,7,1,31,0,0,0.0,131.29,131.29,1,1,0.9378527037645545,4
24.81558,67.193048,47.78,217,1,1,0,2,12,28,7,1,31,0,1,0.0,47.78,47.78,1,0,0.3413100935781127,2
25.055355,67.230729,105.37,350,1,1,0,0,23,28,7,1,31,0,1,0.0,105.37,105.37,1,1,0.7526966211872277,4
24.837033,67.016676,2.54,206,1,1,0,18,50,27,7,0,31,0,0,0.0,2.54,2.54,1,0,0.018144153153796697,1
24.878762,66.909801,19.27,17,1,1,0,10,38,28,7,1,31,0,0,0.0,19.27,19.27,1,0,0.13765268947781983,1
25.069598,67.126872,56.16,161,1,1,0,3,36,28,7,1,31,0,1,0.0,56.16,56.16,1,0,0.401171512250875,2
24.803916,67.08927,60.99,15,1,1,0,23,11,27,7,0,31,0,1,0.0,60.99,60.99,1,0,0.4356739767126223,3
24.901585,67.164106,74.52,39,1,1,0,17,45,27,7,0,31,0,0,0.0,74.52,74.52,1,0,0.532323737409815,3
24.998954,66.948814,40.58,235,1,1,0,14,50,27,7,0,31,0,0,0.0,40.58,40.58,1,0,0.2898778484177441,2
24.773199,66.911676,92.72,355,1,1,0,14,29,27,7,0,31,0,0,0.0,92.72,92.72,1,0,0.6623330237874133,4
25.013293,67.132153,55.13,27,1,1,0,0,16,28,7,1,31,0,1,0.0,55.13,55.13,1,0,0.393813843845989,2
24.756864,67.098851,30.45,174,1,1,0,23,42,27,7,0,31,0,1,0.0,30.45,30.45,1,0,0.21751553682405883,2
25.053974,67.294544,37.68,42,1,1,0,1,34,28,7,1,31,0,1,0.0,37.68,37.68,1,0,0.269162083005929,2
24.892128,67.290999,99.79,167,1,1,0,17,32,27,7,0,31,0,0,0.0,99.79,99.79,1,0,0.712836631187942,4
24.774851,67.118279,14.95,327,1,1,0,12,57,27,7,0,31,0,0,0.0,14.95,14.95,1,0,0.10679334238159867,1
24.761532,67.224294,17.01,241,1,1,0,1,11,28,7,1,31,0,1,0.0,17.01,17.01,1,0,0.12150867919137082,1
25.073369,66.971051,115.66,147,1,1,0,11,13,28,7,1,31,0,0,0.0,115.66,115.66,1,1,0.8262018715622543,4
25.028869,67.119285,111.72,96,1,1,0,20,21,27,7,0,31,0,1,0.0,111.72,111.72,1,1,0.7980570040717193,4
25.010621,67.047238,20.79,64,1,1,0,22,52,27,7,0,31,0,1,0.0,20.79,20.79,1,0,0.1485106079005643,1
25.049609,67.123305,29.11,316,1,1,0,22,25,27,7,0,31,0,1,0.0,29.11,29.11,1,0,0.20794342453032358,1
25.055267,67.153925,124.83,153,1,1,0,20,26,27,7,0,31,0,1,0.0,124.83,124.83,1,1,0.8917065504678905,4
24.963046,67.182715,99.05,93,1,1,0,19,22,27,7,0,31,0,0,0.0,99.05,99.05,1,0,0.7075505393242374,4
24.765478,67.296509,125.76,258,1,1,0,10,7,28,7,1,31,0,0,0.0,125.76,125.76,1,1,0.8983498821344381,4
24.896156,67.230369,27.23,77,1,1,0,19,48,27,7,0,31,0,0,0.0,27.23,27.23,1,0,0.19451389384956067,1
24.778372,67.23228,117.18,337,1,1,0,17,52,27,7,0,31,0,0,0.0,117.18,117.18,1,1,0.837059789984999,4
24.839536,67.119731,109.13,246,1,1,0,6,13,28,7,1,31,0,0,0.0,109.13,109.13,1,1,0.7795556825487534,4
24.817516,67.108674,127.46,136,1,1,0,16,1,27,7,0,31,0,0,0.0,127.46,127.46,1,1,0.9104936066861917,4
24.812839,67.006283,16.02,173,1,1,0,12,21,27,7,0,31,0,0,0.0,16.02,16.02,1,0,0.11443674548182012,1
24.953372,67.070438,123.02,2,1,1,0,22,56,27,7,0,31,0,1,0.0,123.02,123.02,1,1,0.8787770555039645,4
25.063112,66.937111,14.99,253,1,1,0,22,11,27,7,0,31,0,1,0.0,14.99,14.99,1,0,0.10707907707693406,1
24.780341,66.940186,96.12,63,1,1,0,13,53,27,7,0,31,0,0,0.0,96.12,96.12,1,0,0.6866204728909208,4
24.875818,66.998428,67.76,44,1,1,0,23,47,27,7,0,31,0,1,0.0,67.76,67.76,1,0,0.4840345738981356,3
24.787319,67.012819,86.69,271,1,1,0,16,26,27,7,0,31,0,0,0.0,86.69,86.69,1,0,0.6192585184656046,3
24.837297,67.195018,20.39,166,1,1,0,23,46,27,7,0,31,0,1,0.0,20.39,20.39,1,0,0.1456532609472105,1
24.900852,67.273568,51.55,118,1,1,0,9,31,28,7,1,31,0,0,0.0,51.55,51.55,1,0,0.36824058861347236,2
24.940864,67.09187,127.86,239,1,1,0,11,43,27,7,0,31,0,0,0.0,127.86,127.86,1,1,0.9133509536395457,4
24.756731,67.070427,20.78,241,1,1,0,17,13,27,7,0,31,0,0,0.0,20.78,20.78,1,0,0.14843917422673047,1
25.025595,67.263979,57.23,134,1,1,0,12,29,27,7,0,31,0,0,0.0,57.23,57.23,1,0,0.40881491535109643,2
24.882623,67.214966,2.94,56,1,1,0,23,1,27,7,0,31,0,1,0.0,2.94,2.94,1,0,0.02100150010715051,1
24.867103,66.911093,119.69,161,1,1,0,7,3,28,7,1,31,0,0,0.0,119.69,119.69,1,1,0.854989642117294,4
24.884566,66.959967,69.29,319,1,1,0,14,25,27,7,0,31,0,0,0.0,69.29,69.29,1,0,0.4949639259947139,3
24.974945,67.101486,29.18,188,1,1,0,5,59,28,7,1,31,0,1,0.0,29.18,29.18,1,0,0.20844346024716048,1
24.824162,66.97709,132.87,21,1,1,0,19,56,27,7,0,31,0,0,0.0,132.87,132.87,1,1,0.9491392242303022,4
25.097821,67.12981,22.58,225,1,1,0,1,52,28,7,1,31,0,1,0.0,22.58,22.58,1,0,0.1612972355168226,1
24.837897,67.06228,108.43,168,1,1,0,4,54,28,7,1,31,0,1,0.0,108.43,108.43,1,1,0.7745553253803843,4
25.03573,67.04612,135.4,53,1,1,0,7,36,28,7,1,31,0,0,0.0,135.4,135.4,1,1,0.967211943710265,4
24.866042,66.917079,126.71,236,1,1,0,9,30,28,7,1,31,0,0,0.0,126.71,126.71,1,1,0.9051360811486534,4
25.081633,67.200863,59.6,193,1,1,0,18,59,27,7,0,31,0,0,0.0,59.6,59.6,1,0,0.4257446960497178,2
24.865308,66.983862,74.75,162,1,1,0,15,51,27,7,0,31,0,0,0.0,74.75,74.75,1,0,0.5339667119079934,3
24.786544,66.932112,94.88,231,1,1,0,17,11,27,7,0,31,0,0,0.0,94.88,94.88,1,0,0.6777626973355239,4
24.836022,67.111423,121.99,285,1,1,0,5,29,28,7,1,31,0,1,0.0,121.99,121.99,1,1,0.8714193870990784,4
24.949293,67.155455,27.57,6,1,1,0,16,16,27,7,0,31,0,0,0.0,27.57,27.57,1,0,0.19694263875991141,1
25.01676,67.266666,80.77,283,1,1,0,5,33,28,7,1,31,0,1,0.0,80.77,80.77,1,0,0.5769697835559682,3
24.88245,67.105281,12.17,86,1,1,0,17,4,27,7,0,31,0,0,0.0,12.17,12.17,1,0,0.0869347810557897,1
25.045925,67.098099,54.73,217,1,1,0,1,59,28,7,1,31,0,1,0.0,54.73,54.73,1,0,0.3909564968926351,2
24.839153,67.183514,53.93,0,1,1,0,16,25,27,7,0,31,0,0,0.0,53.93,53.93,1,0,0.38524180298592753,2
24.975341,67.060094,38.22,243,1,1,0,13,23,27,7,0,31,0,0,0.0,38.22,38.22,1,0,0.2730195013929566,2
25.093791,67.20847,41.79,106,1,1,0,17,32,27,7,0,31,0,0,0.0,41.79,41.79,1,0,0.29852132295163936,2
24.830783,67.231271,48.22,233,1,1,0,18,37,27,7,0,31,0,0,0.0,48.22,48.22,1,0,0.3444531752268019,2
24.787973,66.944815,114.91,260,1,1,0,1,46,28,7,1,31,0,1,0.0,114.91,114.91,1,1,0.820844346024716,4
24.940225,66.9023,64.21,252,1,1,0,2,41,28,7,1,31,0,1,0.0,64.21,64.21,1,0,0.45867561968712045,3
24.880071,67.160088,73.15,72,1,1,0,0,47,28,7,1,31,0,1,0.0,73.15,73.15,1,0,0.5225373240945782,3
24.923112,66.98499,97.3,343,1,1,0,3,28,28,7,1,31,0,1,0.0,97.3,97.3,1,0,0.6950496464033145,4
24.935471,67.237254,135.94,269,1,1,0,5,59,28,7,1,31,0,1,0.0,135.94,135.94,1,1,0.9710693620972926,4
24.919826,66.928513,120.61,59,1,1,0,8,33,28,7,1,31,0,0,0.0,120.61,120.61,1,1,0.8615615401100079,4
24.853756,67.115611,63.83,217,1,1,0,21,50,27,7,0,31,0,1,0.0,63.83,63.83,1,0,0.45596114008143435,3
24.977292,67.180206,44.6,134,1,1,0,19,0,27,7,0,31,0,0,0.0,44.6,44.6,1,0,0.3185941852989499,2
24.934129,67.195931,73.36,225,1,1,0,11,52,27,7,0,31,0,0,0.0,73.36,73.36,1,0,0.524037431245089,3
25.070407,67.019735,12.92,271,1,1,0,14,24,27,7,0,31,0,0,0.0,12.92,12.92,1,0,0.09229230659332809,1
24.931226,67.208575,127.68,288,1,1,0,10,17,28,7,1,31,0,0,0.0,127.68,127.68,1,1,0.9120651475105365,4
24.88083,67.273003,137.6,276,1,1,0,5,4,28,7,1,31,0,1,0.0,137.6,137.6,1,1,0.9829273519537108,4
24.843951,67.232074,106.47,30,1,1,0,7,42,28,7,1,31,0,0,0.0,106.47,106.47,1,1,0.7605543253089506,4
24.887105,66.905276,18.91,144,1,1,0,2,17,28,7,1,31,0,1,0.0,18.91,18.91,1,0,0.1350810772198014,1
25.015957,67.079562,69.18,289,1,1,0,11,56,27,7,0,31,0,0,0.0,69.18,69.18,1,0,0.49417815558254163,3
25.097744,67.253849,114.46,58,1,1,0,5,40,28,7,1,31,0,1,0.0,114.46,114.46,1,1,0.8176298307021929,4
24.886216,67.072082,95.11,323,1,1,0,21,15,27,7,0,31,0,1,0.0,95.11,95.11,1,0,0.6794056718337024,4
24.813142,67.012818,79.75,158,1,1,0,5,25,28,7,1,31,0,1,0.0,79.75,79.75,1,0,0.569683548824916,3
24.989415,67.239147,138.63,334,1,1,0,11,41,27,7,0,31,0,0,0.0,138.63,138.63,1,1,0.990285020358597,4
24.757574,67.128023,106.14,191,1,1,0,4,24,28,7,1,31,0,1,0.0,106.14,106.14,1,1,0.7581970140724337,4
24.817758,66.943485,96.17,118,1,1,0,3,35,28,7,1,31,0,1,0.0,96.17,96.17,1,0,0.68697764126009,4
25.049455,67.186872,115.69,21,1,1,0,1,2,28,7,1,31,0,1,0.0,115.69,115.69,1,1,0.8264161725837559,4
24.98288,66.950582,61.26,49,1,1,0,21,11,27,7,0,31,0,1,0.0,61.26,61.26,1,0,0.4376026859061361,3
24.983252,66.956401,105.49,105,1,1,0,15,14,27,7,0,31,0,0,0.0,105.49,105.49,1,1,0.7535538252732337,4
25.047213,67.101661,131.62,233,1,1,0,5,56,28,7,1,31,0,1,0.0,131.62,131.62,1,1,0.9402100150010715,4
24.978917,67.149634,4.12,307,1,1,0,12,29,27,7,0,31,0,0,0.0,4.12,4.12,1,0,0.029430673619544254,1
24.866135,67.298691,4.49,214,1,1,0,18,59,27,7,0,31,0,0,0.0,4.49,4.49,1,0,0.032073719551396526,1
24.934488,67.279159,8.87,176,1,1,0,13,47,27,7,0,31,0,0,0.0,8.87,8.87,1,0,0.06336166869062075,1
25.061684,67.070652,58.77,17,1,1,0,1,59,28,7,1,31,0,1,0.0,58.77,58.77,1,0,0.4198157011215087,2
24.770505,67.275534,118.21,141,1,1,0,13,7,27,7,0,31,0,0,0.0,118.21,118.21,1,1,0.8444174583898849,4
24.767547,67.14082,106.57,247,1,1,0,15,38,27,7,0,31,0,0,0.0,106.57,106.57,1,1,0.761268662047289,4
24.923528,67.209353,113.92,191,1,1,0,13,1,27,7,0,31,0,0,0.0,113.92,113.92,1,1,0.8137724123151653,4
25.067793,67.062216,17.46,254,1,1,0,14,48,27,7,0,31,0,0,0.0,17.46,17.46,1,0,0.12472319451389385,1
24.919644,67.067803,99.29,273,1,1,0,18,37,27,7,0,31,0,0,0.0,99.29,99.29,1,0,0.7092649474962497,4
24.94708,66.90493,19.12,236,1,1,0,3,28,28,7,1,31,0,1,0.0,19.12,19.12,1,0,0.13658118437031216,1
24.785863,67.03445,115.0,227,1,1,0,1,9,28,7,1,31,0,1,0.0,115.0,115.0,1,1,0.8214872490892206,4
24.897343,66.972013,71.29,20,1,1,0,16,42,27,7,0,31,0,0,0.0,71.29,71.29,1,0,0.509250660761483,3
24.991233,67.170386,73.25,9,1,1,0,14,58,27,7,0,31,0,0,0.0,73.25,73.25,1,0,0.5232516608329166,3
24.870153,66.938345,97.5,181,1,1,0,4,53,28,7,1,31,0,1,0.0,97.5,97.5,1,0,0.6964783198799914,4
24.832636,67.165199,38.57,193,1,1,0,11,15,28,7,1,31,0,0,0.0,38.57,38.57,1,0,0.2755196799771412,2
24.803521,67.27648,20.86,8,1,1,0,0,55,28,7,1,31,0,1,0.0,20.86,20.86,1,0,0.14901064361740124,1
25.081972,67.165153,33.95,160,1,1,0,9,16,28,7,1,31,0,0,0.0,33.95,33.95,1,0,0.2425173226659047,2
25.000803,67.089728,90.78,0,1,1,0,12,31,27,7,0,31,0,0,0.0,90.78,90.78,1,0,0.6484748910636474,4
25.000538,67.278132,36.5,52,1,1,0,23,5,27,7,0,31,0,1,0.0,36.5,36.5,1,0,0.2607329094935352,2
24.872851,67.248995,133.92,243,1,1,0,6,35,28,7,1,31,0,0,0.0,133.92,133.92,1,1,0.9566397599828558,4
24.995628,67.175361,11.77,263,1,1,0,19,59,27,7,0,31,0,0,0.0,11.77,11.77,1,0,0.08407743410243589,1
24.893801,66.962814,24.06,56,1,1,0,6,39,28,7,1,31,0,0,0.0,24.06,24.06,1,0,0.1718694192442317,1
24.986736,67.124655,8.44,123,1,1,0,13,5,27,7,0,31,0,0,0.0,8.44,8.44,1,0,0.060290020715765405,1
24.993272,67.065283,106.04,49,1,1,0,14,34,27,7,0,31,0,0,0.0,106.04,106.04,1,1,0.7574826773340952,4
25.030463,67.14725,2.92,353,1,1,0,22,10,27,7,0,31,0,1,0.0,2.92,2.92,1,0,0.02085863275948282,1
24.922464,67.293594,5.82,152,1,1,0,13,40,27,7,0,31,0,0,0.0,5.82,5.82,1,0,0.04157439817129795,1
25.010215,67.154583,48.41,327,1,1,0,17,10,27,7,0,31,0,0,0.0,48.41,48.41,1,0,0.34581041502964494,2
24.845198,67.111386,87.73,9,1,1,0,9,5,28,7,1,31,0,0,0.0,87.73,87.73,1,0,0.6266876205443246,3
24.847417,67.040966,27.53,100,1,1,0,22,54,27,7,0,31,0,1,0.0,27.53,27.53,1,0,0.19665690406457603,1
25.01813,67.060008,6.36,75,1,1,0,7,18,28,7,1,31,0,0,0.0,6.36,6.36,1,0,0.045431816558325594,1
24.764746,66.996092,28.27,31,1,1,0,20,48,27,7,0,31,0,1,0.0,28.27,28.27,1,0,0.20194299592828058,1
24.754137,66.984301,64.41,297,1,1,0,7,41,28,7,1,31,0,0,0.0,64.41,64.41,1,0,0.46010429316379736,3
25.025162,66.910023,42.37,291,1,1,0,10,21,28,7,1,31,0,0,0.0,42.37,42.37,1,0,0.30266447603400237,2
24.90102,67.291879,91.84,350,1,1,0,0,12,28,7,1,31,0,1,0.0,91.84,91.84,1,0,0.656046860490035,4
24.877246,66.913136,125.74,320,1,1,0,7,45,28,7,1,31,0,0,0.0,125.74,125.74,1,1,0.8982070147867703,4
24.907867,67.19563,99.26,159,1,1,0,15,2,27,7,0,31,0,0,0.0,99.26,99.26,1,0,0.7090506464747481,4
24.899325,67.209042,79.66,149,1,1,0,8,38,28,7,1,31,0,0,0.0,79.66,79.66,1,0,0.5690406457604114,3
25.096989,67.23635,133.18,316,1,1,0,14,46,27,7,0,31,0,0,0.0,133.18,133.18,1,1,0.9513536681191513,4
24.806423,66.977848,8.91,307,1,1,0,4,49,28,7,1,31,0,1,0.0,8.91,8.91,1,0,0.06364740338595613,1
24.924117,67.19377,96.99,8,1,1,0,5,51,28,7,1,31,0,1,0.0,96.99,96.99,1,0,0.6928352025144653,4
25.064829,67.166241,2.0,108,1,1,0,12,15,27,7,0,31,0,0,0.0,2.0,2.0,1,0,0.014286734766769053,1
24.856631,66.993026,43.38,260,1,1,0,20,31,27,7,0,31,0,1,0.0,43.38,43.38,1,0,0.3098792770912208,2
24.825436,66.927646,64.17,140,1,1,0,11,13,28,7,1,31,0,0,0.0,64.17,64.17,1,0,0.4583898849917851,3
24.796788,67.068422,15.49,169,1,1,0,10,12,28,7,1,31,0,0,0.0,15.49,15.49,1,0,0.11065076076862633,1
24.783051,67.073858,64.7,182,1,1,0,13,51,27,7,0,31,0,0,0.0,64.7,64.7,1,0,0.4621758697049789,3
25.070886,67.29973,21.79,90,1,1,0,22,10,27,7,0,31,0,1,0.0,21.79,21.79,1,0,0.15565397528394884,1
24.94997,66.917665,11.08,280,1,1,0,8,4,28,7,1,31,0,0,0.0,11.08,11.08,1,0,0.07914851060790055,1
24.761643,67.25977,57.67,116,1,1,0,2,19,28,7,1,31,0,1,0.0,57.67,57.67,1,0,0.4119579969997857,2
25.088725,67.122915,128.06,68,1,1,0,21,12,27,7,0,31,0,1,0.0,128.06,128.06,1,1,0.9147796271162225,4
24.925666,67.03524,128.03,308,1,1,0,11,11,28,7,1,31,0,0,0.0,128.03,128.03,1,1,0.914565326094721,4
24.961031,67.145653,79.87,34,1,1,0,19,34,27,7,0,31,0,0,0.0,79.87,79.87,1,0,0.5705407529109222,3
24.755584,67.256419,84.39,213,1,1,0,5,11,28,7,1,31,0,1,0.0,84.39,84.39,1,0,0.6028287734838202,3
24.998993,67.279505,134.62,42,1,1,0,22,26,27,7,0,31,0,1,0.0,134.62,134.62,1,1,0.9616401171512251,4
24.983401,66.972896,139.75,160,1,1,0,14,44,27,7,0,31,0,0,0.0,139.75,139.75,1,1,0.9982855918279876,4
25.087527,67.107231,80.73,188,1,1,0,1,28,28,7,1,31,0,1,0.0,80.73,80.73,1,0,0.5766840488606328,3
24.892938,67.00507,79.93,279,1,1,0,22,28,27,7,0,31,0,1,0.0,79.93,79.93,1,0,0.5709693549539253,3
24.832715,67.078459,63.49,350,1,1,0,7,7,28,7,1,31,0,0,0.0,63.49,63.49,1,0,0.4535323951710836,3
25.00506,67.030771,129.94,259,1,1,0,3,51,28,7,1,31,0,1,0.0,129.94,129.94,1,1,0.9282091577969854,4
24.841158,66.942348,96.74,307,1,1,0,4,41,28,7,1,31,0,1,0.0,96.74,96.74,1,0,0.6910493606686191,4
24.93239,67.03932,48.03,49,1,1,0,19,23,27,7,0,31,0,0,0.0,48.03,48.03,1,0,0.34309593542395883,2
25.093882,67.12112,5.87,314,1,1,0,9,31,28,7,1,31,0,0,0.0,5.87,5.87,1,0,0.041931566540467174,1
24.895469,67.207862,139.27,240,1,1,0,2,8,28,7,1,31,0,1,0.0,139.27,139.27,1,1,0.9948567754839631,4
24.878314,66.918773,75.12,82,1,1,0,14,59,27,7,0,31,0,0,0.0,75.12,75.12,1,0,0.5366097578398457,3
25.076374,66.94147,12.55,319,1,1,0,15,31,27,7,0,31,0,0,0.0,12.55,12.55,1,0,0.08964926066147581,1
24.840797,67.019543,65.27,312,1,1,0,16,13,27,7,0,31,0,0,0.0,65.27,65.27,1,0,0.46624758911350805,3
25.009009,67.246008,121.44,273,1,1,0,4,4,28,7,1,31,0,1,0.0,121.44,121.44,1,1,0.8674905350382169,4
24.899446,66.914554,0.26,212,1,1,0,9,45,28,7,1,31,0,0,0.0,0.26,0.26,1,0,0.001857275519679977,1
24.84848,67.111656,70.64,154,1,1,0,2,15,28,7,1,31,0,1,0.0,70.64,70.64,1,0,0.504607471962283,3
24.922212,66.979798,135.8,205,1,1,0,4,58,28,7,1,31,0,1,0.0,135.8,135.8,1,1,0.9700692906636188,4
24.774477,66.935886,22.6,357,1,1,0,6,52,28,7,1,31,0,0,0.0,22.6,22.6,1,0,0.16144010286449031,1
25.050516,66.920193,121.47,203,1,1,0,6,55,28,7,1,31,0,0,0.0,121.47,121.47,1,1,0.8677048360597185,4
24.853923,67.114167,33.56,125,1,1,0,21,35,27,7,0,31,0,1,0.0,33.56,33.56,1,0,0.23973140938638474,2
25.034627,66.998945,73.17,38,1,1,0,12,44,27,7,0,31,0,0,0.0,73.17,73.17,1,0,0.5226801914422459,3
25.038935,67.157387,20.21,51,1,1,0,13,45,27,7,0,31,0,0,0.0,20.21,20.21,1,0,0.1443674548182013,1
24.849018,67.126247,117.05,291,1,1,0,9,55,28,7,1,31,0,0,0.0,117.05,117.05,1,1,0.8361311522251589,4
24.854768,67.185853,45.88,105,1,1,0,20,46,27,7,0,31,0,1,0.0,45.88,45.88,1,0,0.32773769554968213,2
25.01122,67.070606,72.71,9,1,1,0,9,49,28,7,1,31,0,0,0.0,72.71,72.71,1,0,0.5193942424458889,3
25.019637,67.199071,130.23,308,1,1,0,10,56,28,7,1,31,0,0,0.0,130.23,130.23,1,1,0.9302807343381668,4
25.040659,67.02829,45.87,257,1,1,0,1,42,28,7,1,31,0,1,0.0,45.87,45.87,1,0,0.32766626187584824,2
24.84748,67.266385,41.04,117,1,1,0,20,26,27,7,0,31,0,1,0.0,41.04,41.04,1,0,0.293163797414101,2
24.756877,67.162041,17.41,299,1,1,0,2,45,28,7,1,31,0,1,0.0,17.41,17.41,1,0,0.12436602614472461,1
24.911068,67.123835,108.82,25,1,1,0,2,45,28,7,1,31,0,1,0.0,108.82,108.82,1,1,0.7773412386599042,4
24.822848,66.987122,126.37,31,1,1,0,10,36,28,7,1,31,0,0,0.0,126.37,126.37,1,1,0.9027073362383027,4
24.752232,67.064014,106.47,119,1,1,0,15,38,27,7,0,31,0,0,0.0,106.47,106.47,1,1,0.7605543253089506,4
25.027169,67.188738,96.37,31,1,1,0,20,21,27,7,0,31,0,1,0.0,96.37,96.37,1,0,0.6884063147367669,4
24.939474,67.220042,28.95,70,1,1,0,0,6,28,7,1,31,0,1,0.0,28.95,28.95,1,0,0.20680048574898205,1
25.001787,67.095799,22.14,16,1,1,0,6,52,28,7,1,31,0,0,0.0,22.14,22.14,1,0,0.15815415386813342,1
25.085863,67.205796,54.47,81,1,1,0,4,4,28,7,1,31,0,1,0.0,54.47,54.47,1,0,0.38909922137295516,2
24.988914,66.984133,97.8,207,1,1,0,0,49,28,7,1,31,0,1,0.0,97.8,97.8,1,0,0.6986213300950067,4
25.017383,67.183281,16.75,139,1,1,0,5,58,28,7,1,31,0,1,0.0,16.75,16.75,1,0,0.11965140367169083,1
24.849513,67.144694,42.79,272,1,1,0,3,27,28,7,1,31,0,1,0.0,42.79,42.79,1,0,0.3056646903350239,2
25.01641,67.265592,62.84,9,1,1,0,11,33,27,7,0,31,0,0,0.0,62.84,62.84,1,0,0.4488892063718837,3
24.768939,67.041025,53.95,34,1,1,0,6,33,28,7,1,31,0,0,0.0,53.95,53.95,1,0,0.38538467033359525,2
25.084884,66.996745,138.61,195,1,1,0,21,27,27,7,0,31,0,1,0.0,138.61,138.61,1,1,0.9901421530109293,4
24.800636,66.94381,90.88,178,1,1,0,2,23,28,7,1,31,0,1,0.0,90.88,90.88,1,0,0.6491892278019857,4
25.033547,67.271481,62.25,122,1,1,0,0,3,28,7,1,31,0,1,0.0,62.25,62.25,1,0,0.44467461961568683,3
24.762503,67.002112,89.45,34,1,1,0,9,7,28,7,1,31,0,0,0.0,89.45,89.45,1,0,0.638974212443746,3
25.059238,67.203789,121.57,110,1,1,0,8,25,28,7,1,31,0,0,0.0,121.57,121.57,1,1,0.8684191727980569,4
24.930739,66.966554,122.84,11,1,1,0,23,14,27,7,0,31,0,1,0.0,122.84,122.84,1,1,0.8774912493749554,4
24.991001,67.160983,92.57,152,1,1,0,18,33,27,7,0,31,0,0,0.0,92.57,92.57,1,0,0.6612615186799056,4
24.993837,66.92046,135.68,291,1,1,0,11,2,28,7,1,31,0,0,0.0,135.68,135.68,1,1,0.9692120865776127,4
25.022975,66.944412,15.21,274,1,1,0,20,27,27,7,0,31,0,1,0.0,15.21,15.21,1,0,0.10865061790127867,1
24.847252,66.980902,71.79,92,1,1,0,20,8,27,7,0,31,0,1,0.0,71.79,71.79,1,0,0.5128223444531752,3
24.838015,67.00935,84.41,44,1,1,0,16,51,27,7,0,31,0,0,0.0,84.41,84.41,1,0,0.6029716408314879,3
24.890858,66.911732,11.85,34,1,1,0,0,48,28,7,1,31,0,1,0.0,11.85,11.85,1,0,0.08464890349310664,1
24.836356,67.234923,11.38,328,1,1,0,4,23,28,7,1,31,0,1,0.0,11.38,11.38,1,0,0.08129152082291592,1
24.845555,67.164911,137.15,164,1,1,0,22,54,27,7,0,31,0,1,0.0,137.15,137.15,1,1,0.9797128366311879,4
24.811769,66.914927,40.72,196,1,1,0,14,34,27,7,0,31,0,0,0.0,40.72,40.72,1,0,0.2908779198514179,2
24.969329,66.996938,52.87,228,1,1,0,0,4,28,7,1,31,0,1,0.0,52.87,52.87,1,0,0.3776698335595399,2
25.023684,67.070606,106.86,13,1,1,0,15,34,27,7,0,31,0,0,0.0,106.86,106.86,1,1,0.7633402385884706,4
24.961117,67.238644,15.18,14,1,1,0,2,37,28,7,1,31,0,1,0.0,15.18,15.18,1,0,0.10843631687977712,1
24.841076,67.10359,14.57,173,1,1,0,18,37,27,7,0,31,0,0,0.0,14.57,14.57,1,0,0.10407886277591256,1
24.804827,67.110499,57.39,158,1,1,0,17,11,27,7,0,31,0,0,0.0,57.39,57.39,1,0,0.409957854132438,2
25.043152,66.930753,59.02,314,1,1,0,16,10,27,7,0,31,0,0,0.0,59.02,59.02,1,0,0.4216015429673548,2
24.817415,67.219771,138.33,355,1,1,0,22,24,27,7,0,31,0,1,0.0,138.33,138.33,1,1,0.9881420101435817,4
24.981855,66.952283,82.87,149,1,1,0,1,50,28,7,1,31,0,1,0.0,82.87,82.87,1,0,0.5919708550610758,3
24.945869,66.99396,60.6,339,1,1,0,1,3,28,7,1,31,0,1,0.0,60.6,60.6,1,0,0.4328880634331023,3
24.79928,67.017897,38.92,75,1,1,0,11,22,27,7,0,31,0,0,0.0,38.92,38.92,1,0,0.2780198585613258,2
25.065366,67.04512,87.94,162,1,1,0,20,5,27,7,0,31,0,1,0.0,87.94,87.94,1,0,0.6281877276948353,3
25.075903,67.131364,117.38,28,1,1,0,19,59,27,7,0,31,0,0,0.0,117.38,117.38,1,1,0.8384884634616757,4
24.793226,67.11059,133.25,156,1,1,0,13,54,27,7,0,31,0,0,0.0,133.25,133.25,1,1,0.9518537038359882,4
24.850315,66.934452,23.83,182,1,1,0,23,11,27,7,0,31,0,1,0.0,23.83,23.83,1,0,0.17022644474605328,1
24.763759,67.234695,109.61,172,1,1,0,0,20,28,7,1,31,0,1,0.0,109.61,109.61,1,1,0.782984498892778,4
25.091298,67.271358,36.07,216,1,1,0,19,20,27,7,0,31,0,0,0.0,36.07,36.07,1,0,0.2576612615186799,2
25.066632,67.228296,2.01,49,1,1,0,18,44,27,7,0,31,0,0,0.0,2.01,2.01,1,0,0.014358168440602897,1
24.951529,67.26321,81.02,192,1,1,0,20,54,27,7,0,31,0,1,0.0,81.02,81.02,1,0,0.5787556254018144,3
25.063808,67.200733,89.38,314,1,1,0,21,28,27,7,0,31,0,1,0.0,89.38,89.38,1,0,0.638474176726909,3
24.982136,67.149401,60.41,13,1,1,0,11,49,27,7,0,31,0,0,0.0,60.41,60.41,1,0,0.43153082363025924,3
24.824309,67.220149,124.38,118,1,1,0,9,33,28,7,1,31,0,0,0.0,124.38,124.38,1,1,0.8884920351453675,4
24.790798,66.952493,58.43,8,1,1,0,17,53,27,7,0,31,0,0,0.0,58.43,58.43,1,0,0.4173869562111579,2
24.965779,67.029493,10.89,162,1,1,0,10,50,28,7,1,31,0,0,0.0,10.89,10.89,1,0,0.0777912708050575,1
24.778558,67.141197,70.96,191,1,1,0,19,21,27,7,0,31,0,0,0.0,70.96,70.96,1,0,0.506893349524966,3
24.791115,67.018207,18.86,75,1,1,0,2,2,28,7,1,31,0,1,0.0,18.86,18.86,1,0,0.13472390885063218,1
24.919728,67.16463,93.93,142,1,1,0,19,8,27,7,0,31,0,0,0.0,93.93,93.93,1,0,0.6709764983213087,4
24.979476,67.150843,88.15,26,1,1,0,4,24,28,7,1,31,0,1,0.0,88.15,88.15,1,0,0.6296878348453461,3
24.995892,66.970991,31.27,248,1,1,0,23,41,27,7,0,31,0,1,0.0,31.27,31.27,1,0,0.22337309807843417,2
25.010715,67.071158,45.61,161,1,1,0,0,15,28,7,1,31,0,1,0.0,45.61,45.61,1,0,0.3258089863561683,2
24.983033,67.13446,139.09,281,1,1,0,3,45,28,7,1,31,0,1,0.0,139.09,139.09,1,1,0.9935709693549539,4
24.765189,67.227764,34.37,260,1,1,0,23,44,27,7,0,31,0,1,0.0,34.37,34.37,1,0,0.2455175369669262,2
24.846256,67.153231,85.16,280,1,1,0,23,30,27,7,0,31,0,1,0.0,85.16,85.16,1,0,0.6083291663690263,3
24.761311,67.187051,87.08,292,1,1,0,1,14,28,7,1,31,0,1,0.0,87.08,87.08,1,0,0.6220444317451246,3
24.939033,67.067515,8.64,163,1,1,0,18,7,27,7,0,31,0,0,0.0,8.64,8.64,1,0,0.06171869419244232,1
24.764666,67.292783,97.28,18,1,1,0,9,51,28,7,1,31,0,0,0.0,97.28,97.28,1,0,0.6949067790556468,4
25.087513,67.063178,114.54,293,1,1,0,20,13,27,7,0,31,0,1,0.0,114.54,114.54,1,1,0.8182013000928637,4
24.87058,67.290212,96.61,74,1,1,0,13,43,27,7,0,31,0,0,0.0,96.61,96.61,1,0,0.6901207229087791,4
25.066817,67.080405,38.53,212,1,1,0,10,20,28,7,1,31,0,0,0.0,38.53,38.53,1,0,0.27523394528180584,2
25.041677,67.099721,46.18,335,1,1,0,23,3,27,7,0,31,0,1,0.0,46.18,46.18,1,0,0.32988070576469747,2
24.848234,67.239895,114.2,38,1,1,0,16,1,27,7,0,31,0,0,0.0,114.2,114.2,1,1,0.815772555182513,4
24.758538,67.025629,32.92,165,1,1,0,8,9,28,7,1,31,0,0,0.0,32.92,32.92,1,0,0.23515965426101865,2
25.034343,66.951003,107.8,345,1,1,0,1,49,28,7,1,31,0,1,0.0,107.8,107.8,1,1,0.770055003928852,4
24.992979,66.911166,33.69,313,1,1,0,17,20,27,7,0,31,0,0,0.0,33.69,33.69,1,0,0.2406600471462247,2
24.835766,67.1413,28.98,123,1,1,0,4,54,28,7,1,31,0,1,0.0,28.98,28.98,1,0,0.2070147867704836,1
24.846197,67.290966,88.47,34,1,1,0,23,17,27,7,0,31,0,1,0.0,88.47,88.47,1,0,0.6319737124080291,3
24.995019,67.261847,93.04,294,1,1,0,11,13,28,7,1,31,0,0,0.0,93.04,93.04,1,0,0.6646189013500965,4
24.868647,67.248319,39.07,53,1,1,0,23,14,27,7,0,31,0,1,0.0,39.07,39.07,1,0,0.27909136366883347,2
24.97703,67.229731,135.0,296,1,1,0,12,45,27,7,0,31,0,0,0.0,135.0,135.0,1,1,0.9643545967569112,4
24.995137,67.010519,81.53,201,1,1,0,11,26,27,7,0,31,0,0,0.0,81.53,81.53,1,0,0.5823987427673405,3
24.845497,67.265885,134.93,358,1,1,0,3,31,28,7,1,31,0,1,0.0,134.93,134.93,1,1,0.9638545610400743,4
24.811754,67.047912,81.62,264,1,1,0,9,19,28,7,1,31,0,0,0.0,81.62,81.62,1,0,0.5830416458318451,3
25.074334,67.221194,59.6,66,1,1,0,18,53,27,7,0,31,0,0,0.0,59.6,59.6,1,0,0.4257446960497178,2
24.861986,66.98656,62.25,151,1,1,0,15,40,27,7,0,31,0,0,0.0,62.25,62.25,1,0,0.44467461961568683,3
24.766958,67.200459,3.48,349,1,1,0,9,44,28,7,1,31,0,0,0.0,3.48,3.48,1,0,0.024858918494178154,1
24.949659,67.088797,84.02,46,1,1,0,2,10,28,7,1,31,0,1,0.0,84.02,84.02,1,0,0.600185727551968,3
24.880657,66.949776,115.95,96,1,1,0,14,57,27,7,0,31,0,0,0.0,115.95,115.95,1,1,0.828273448103436,4
24.889523,67.205378,77.54,46,1,1,0,17,32,27,7,0,31,0,0,0.0,77.54,77.54,1,0,0.5538967069076363,3
25.00252,67.048915,27.71,134,1,1,0,4,49,28,7,1,31,0,1,0.0,27.71,27.71,1,0,0.19794271019358525,1
24.92621,66.950378,74.98,351,1,1,0,8,18,28,7,1,31,0,0,0.0,74.98,74.98,1,0,0.5356096864061719,3
25.061539,67.124933,134.84,335,1,1,0,18,44,27,7,0,31,0,0,0.0,134.84,134.84,1,1,0.9632116579755696,4
24.908651,67.111547,88.73,296,1,1,0,2,58,28,7,1,31,0,1,0.0,88.73,88.73,1,0,0.6338309879277091,3
24.798044,67.03483,83.91,354,1,1,0,17,31,27,7,0,31,0,0,0.0,83.91,83.91,1,0,0.5993999571397957,3
24.936866,67.250991,94.39,216,1,1,0,10,53,28,7,1,31,0,0,0.0,94.39,94.39,1,0,0.6742624473176655,4
24.890939,66.904239,65.1,103,1,1,0,6,8,28,7,1,31,0,0,0.0,65.1,65.1,1,0,0.4650332166583327,3
24.769618,67.276625,38.92,88,1,1,0,2,56,28,7,1,31,0,1,0.0,38.92,38.92,1,0,0.2780198585613258,2
24.768527,67.131056,27.09,276,1,1,0,1,5,28,7,1,31,0,1,0.0,27.09,27.09,1,0,0.19351382241588683,1
24.753988,66.983874,102.1,354,1,1,0,8,53,28,7,1,31,0,0,0.0,102.1,102.1,1,1,0.7293378098435601,4
24.989183,67.131866,17.6,8,1,1,0,19,32,27,7,0,31,0,0,0.0,17.6,17.6,1,0,0.1257232659475677,1
24.756113,67.18536,40.26,77,1,1,0,5,28,28,7,1,31,0,1,0.0,40.26,40.26,1,0,0.28759197085506105,2
24.798824,67.067704,20.47,309,1,1,0,14,28,27,7,0,31,0,0,0.0,20.47,20.47,1,0,0.14622473033788125,1
24.757148,67.114589,67.17,228,1,1,0,14,6,27,7,0,31,0,0,0.0,67.17,67.17,1,0,0.4798199871419387,3
24.844574,67.113576,6.56,9,1,1,0,12,1,27,7,0,31,0,0,0.0,6.56,6.56,1,0,0.04686049003500249,1
25.018024,67.284003,77.06,347,1,1,0,6,48,28,7,1,31,0,0,0.0,77.06,77.06,1,0,0.5504678905636117,3
24.99186,66.969088,113.81,249,1,1,0,14,35,27,7,0,31,0,0,0.0,113.81,113.81,1,1,0.8129866419029931,4
24.765371,67.14224,21.47,205,1,1,0,5,43,28,7,1,31,0,1,0.0,21.47,21.47,1,0,0.15336809772126578,1
24.982777,67.051374,114.36,29,1,1,0,22,23,27,7,0,31,0,1,0.0,114.36,114.36,1,1,0.8169154939638545,4
24.948854,67.124784,17.27,349,1,1,0,18,35,27,7,0,31,0,0,0.0,17.27,17.27,1,0,0.12336595471105077,1
24.856301,66.970075,91.13,37,1,1,0,11,41,27,7,0,31,0,0,0.0,91.13,91.13,1,0,0.6509750696478319,4
24.765035,66.920656,15.13,259,1,1,0,11,48,27,7,0,31,0,0,0.0,15.13,15.13,1,0,0.1080791485106079,1
24.799704,66.944584,63.36,241,1,1,0,0,50,28,7,1,31,0,1,0.0,63.36,63.36,1,0,0.45260375741124365,3
24.825567,67.124664,89.87,116,1,1,0,16,25,27,7,0,31,0,0,0.0,89.87,89.87,1,0,0.6419744267447675,3
25.07413,67.030329,135.33,88,1,1,0,5,42,28,7,1,31,0,1,0.0,135.33,135.33,1,1,0.9667119079934281,4
25.078187,67.110577,27.01,133,1,1,0,23,12,27,7,0,31,0,1,0.0,27.01,27.01,1,0,0.1929423530252161,1
25.022221,67.209425,120.19,46,1,1,0,21,1,27,7,0,31,0,1,0.0,120.19,120.19,1,1,0.8585613258089863,4
25.018802,67.285903,63.09,98,1,1,0,16,54,27,7,0,31,0,0,0.0,63.09,63.09,1,0,0.45067504821772986,3
24.852618,67.031756,64.54,132,1,1,0,18,53,27,7,0,31,0,0,0.0,64.54,64.54,1,0,0.4610329309236374,3
24.865344,67.273373,128.15,106,1,1,0,17,55,27,7,0,31,0,0,0.0,128.15,128.15,1,1,0.9154225301807272,4
24.751258,66.96948,87.74,258,1,1,0,15,48,27,7,0,31,0,0,0.0,87.74,87.74,1,0,0.6267590542181584,3
24.770511,67.256893,47.99,15,1,1,0,10,20,28,7,1,31,0,0,0.0,47.99,47.99,1,0,0.34281020072862345,2
24.793056,67.26394,10.44,139,1,1,0,17,28,27,7,0,31,0,0,0.0,10.44,10.44,1,0,0.07457675548253445,1
24.77676,67.215934,70.01,310,1,1,0,15,47,27,7,0,31,0,0,0.0,70.01,70.01,1,0,0.5001071505107507,3
24.988855,67.039297,96.15,172,1,1,0,3,22,28,7,1,31,0,1,0.0,96.15,96.15,1,0,0.6868347739124223,4
24.915366,67.272808,110.96,20,1,1,0,23,37,27,7,0,31,0,1,0.0,110.96,110.96,1,1,0.7926280448603471,4
24.839286,67.259538,29.75,94,1,1,0,0,56,28,7,1,31,0,1,0.0,29.75,29.75,1,0,0.21251517965568967,1
24.857908,67.006003,135.05,61,1,1,0,8,3,28,7,1,31,0,0,0.0,135.05,135.05,1,1,0.9647117651260805,4
24.897078,67.267435,73.27,16,1,1,0,19,59,27,7,0,31,0,0,0.0,73.27,73.27,1,0,0.5233945281805843,3
24.80344,67.195144,121.62,197,1,1,0,20,4,27,7,0,31,0,1,0.0,121.62,121.62,1,1,0.8687763411672262,4
24.771302,66.957795,8.31,161,1,1,0,16,12,27,7,0,31,0,0,0.0,8.31,8.31,1,0,0.059361382955925426,1
24.853072,67.139902,110.86,254,1,1,0,22,5,27,7,0,31,0,1,0.0,110.86,110.86,1,1,0.7919137081220087,4
24.948433,67.13743,31.61,97,1,1,0,23,29,27,7,0,31,0,1,0.0,31.61,31.61,1,0,0.2258018429887849,2
24.975406,67.135216,54.58,142,1,1,0,22,24,27,7,0,31,0,1,0.0,54.58,54.58,1,0,0.3898849917851275,2
24.964929,67.266466,138.24,317,1,1,0,14,58,27,7,0,31,0,0,0.0,138.24,138.24,1,1,0.9874991070790771,4
25.007433,67.168833,46.95,37,1,1,0,23,53,27,7,0,31,0,1,0.0,46.95,46.95,1,0,0.33538109864990356,2
24.985194,67.012683,1.75,358,1,1,0,21,26,27,7,0,31,0,1,0.0,1.75,1.75,1,0,0.012500892920922923,1
24.990619,67.268372,128.73,27,1,1,0,3,39,28,7,1,31,0,1,0.0,128.73,128.73,1,1,0.9195656832630901,4
24.958018,67.188105,119.11,227,1,1,0,16,34,27,7,0,31,0,0,0.0,119.11,119.11,1,1,0.850846489034931,4
24.882893,67.292064,17.06,176,1,1,0,6,1,28,7,1,31,0,0,0.0,17.06,17.06,1,0,0.12186584756054002,1
24.81742,67.048857,139.35,336,1,1,0,11,46,27,7,0,31,0,0,0.0,139.35,139.35,1,1,0.9954282448746338,4
24.992929,67.218932,7.3,264,1,1,0,16,17,27,7,0,31,0,0,0.0,7.3,7.3,1,0,0.052146581898707044,1
24.756902,67.075997,77.89,359,1,1,0,7,2,28,7,1,31,0,0,0.0,77.89,77.89,1,0,0.5563968854918208,3
24.843162,66.926339,7.44,51,1,1,0,1,19,28,7,1,31,0,1,0.0,7.44,7.44,1,0,0.05314665333238088,1
24.817744,66.947283,32.58,238,1,1,0,12,34,27,7,0,31,0,0,0.0,32.58,32.58,1,0,0.23273090935066787,2
24.951789,67.246916,73.02,231,1,1,0,10,30,28,7,1,31,0,0,0.0,73.02,73.02,1,0,0.5216086863347381,3
24.88083,67.126833,106.4,75,1,1,0,9,41,28,7,1,31,0,0,0.0,106.4,106.4,1,1,0.7600542895921137,4
24.955559,66.963094,85.5,105,1,1,0,13,49,27,7,0,31,0,0,0.0,85.5,85.5,1,0,0.6107579112793771,3
24.797916,66.942308,58.39,67,1,1,0,1,36,28,7,1,31,0,1,0.0,58.39,58.39,1,0,0.4171012215158225,2
24.940987,66.930077,91.36,270,1,1,0,5,27,28,7,1,31,0,1,0.0,91.36,91.36,1,0,0.6526180441460104,4
25.036913,67.021768,5.21,336,1,1,0,7,22,28,7,1,31,0,0,0.0,5.21,5.21,1,0,0.03721694406743339,1
24.883478,67.043584,119.47,151,1,1,0,0,36,28,7,1,31,0,1,0.0,119.47,119.47,1,1,0.8534181012929495,4
24.893248,67.058035,67.24,121,1,1,0,15,36,27,7,0,31,0,0,0.0,67.24,67.24,1,0,0.48032002285877556,3
24.767716,67.275501,97.22,242,1,1,0,17,42,27,7,0,31,0,0,0.0,97.22,97.22,1,0,0.6944781770126437,4
24.921103,67.131548,84.23,177,1,1,0,8,53,28,7,1,31,0,0,0.0,84.23,84.23,1,0,0.6016858347024787,3
24.755538,67.049146,123.96,68,1,1,0,21,55,27,7,0,31,0,1,0.0,123.96,123.96,1,1,0.885491820844346,4
25.099099,67.198707,88.36,222,1,1,0,7,46,28,7,1,31,0,0,0.0,88.36,88.36,1,0,0.6311879419958568,3
24.908171,66.937518,12.04,3,1,1,0,3,7,28,7,1,31,0,1,0.0,12.04,12.04,1,0,0.0860061432959497,1
24.857606,67.009548,42.62,231,1,1,0,4,14,28,7,1,31,0,1,0.0,42.62,42.62,1,0,0.3044503178798485,2
25.076233,67.089956,13.5,260,1,1,0,17,12,27,7,0,31,0,0,0.0,13.5,13.5,1,0,0.09643545967569112,1
24.824197,67.103587,45.99,114,1,1,0,15,16,27,7,0,31,0,0,0.0,45.99,45.99,1,0,0.3285234659618544,2
24.838954,67.254023,62.94,56,1,1,0,11,41,27,7,0,31,0,0,0.0,62.94,62.94,1,0,0.4496035431102221,3
24.933887,67.29801,85.24,181,1,1,0,6,37,28,7,1,31,0,0,0.0,85.24,85.24,1,0,0.608900635759697,3
24.821484,67.099902,49.02,200,1,1,0,6,1,28,7,1,31,0,0,0.0,49.02,49.02,1,0,0.35016786913350956,2
24.811386,67.258853,23.68,7,1,1,0,8,59,28,7,1,31,0,0,0.0,23.68,23.68,1,0,0.1691549396385456,1
24.925998,67.241088,8.0,80,1,1,0,9,16,28,7,1,31,0,0,0.0,8.0,8.0,1,0,0.05714693906707621,1
25.043179,67.003464,77.19,352,1,1,0,8,3,28,7,1,31,0,0,0.0,77.19,77.19,1,0,0.5513965283234517,3
24.935678,66.90339,139.01,332,1,1,0,5,22,28,7,1,31,0,1,0.0,139.01,139.01,1,1,0.992999499964283,4
24.823604,67.067963,68.11,160,1,1,0,12,17,27,7,0,31,0,0,0.0,68.11,68.11,1,0,0.48653475248232014,3
24.75268,67.271792,82.89,148,1,1,0,7,4,28,7,1,31,0,0,0.0,82.89,82.89,1,0,0.5921137224087435,3
24.94825,67.112425,82.86,218,1,1,0,3,42,28,7,1,31,0,1,0.0,82.86,82.86,1,0,0.5918994213872419,3
24.846676,67.257055,9.87,63,1,1,0,14,1,27,7,0,31,0,0,0.0,9.87,9.87,1,0,0.07050503607400528,1
24.943461,67.038003,68.54,272,1,1,0,5,20,28,7,1,31,0,1,0.0,68.54,68.54,1,0,0.4896064004571755,3
25.058314,67.151138,94.02,264,1,1,0,4,33,28,7,1,31,0,1,0.0,94.02,94.02,1,0,0.6716194013858132,4
24.945846,67.249591,1.96,35,1,1,0,15,3,27,7,0,31,0,0,0.0,1.96,1.96,1,0,0.014001000071433673,1
24.804258,66.905268,20.73,142,1,1,0,18,12,27,7,0,31,0,0,0.0,20.73,20.73,1,0,0.14808200585756126,1
24.964784,67.220699,65.97,10,1,1,0,7,30,28,7,1,31,0,0,0.0,65.97,65.97,1,0,0.4712479462818772,3
24.952068,67.021435,112.94,346,1,1,0,8,35,28,7,1,31,0,0,0.0,112.94,112.94,1,1,0.8067719122794484,4
24.823456,66.993489,31.86,300,1,1,0,15,13,27,7,0,31,0,0,0.0,31.86,31.86,1,0,0.22758768483463102,2
24.876272,67.049045,2.91,234,1,1,0,19,45,27,7,0,31,0,0,0.0,2.91,2.91,1,0,0.020787199085648973,1
24.863882,66.939062,16.01,227,1,1,0,4,56,28,7,1,31,0,1,0.0,16.01,16.01,1,0,0.11436531180798629,1
24.95759,67.233326,94.06,295,1,1,0,20,21,27,7,0,31,0,1,0.0,94.06,94.06,1,0,0.6719051360811487,4
24.829783,67.280682,44.43,132,1,1,0,1,58,28,7,1,31,0,1,0.0,44.43,44.43,1,0,0.31737981284377453,2
25.058348,67.082523,103.22,358,1,1,0,0,31,28,7,1,31,0,1,0.0,103.22,103.22,1,1,0.7373383813129508,4
25.062095,67.004085,76.81,246,1,1,0,1,45,28,7,1,31,0,1,0.0,76.81,76.81,1,0,0.5486820487177655,3
24.977379,67.18498,78.41,69,1,1,0,9,25,28,7,1,31,0,0,0.0,78.41,78.41,1,0,0.5601114365311808,3
24.759933,66.971735,105.99,352,1,1,0,22,23,27,7,0,31,0,1,0.0,105.99,105.99,1,1,0.757125508964926,4
25.077524,67.238265,61.69,226,1,1,0,16,55,27,7,0,31,0,0,0.0,61.69,61.69,1,0,0.4406743338809915,3
24.809888,66.918245,99.16,121,1,1,0,0,43,28,7,1,31,0,1,0.0,99.16,99.16,1,0,0.7083363097364097,4
24.920518,67.199597,23.9,280,1,1,0,20,7,27,7,0,31,0,1,0.0,23.9,23.9,1,0,0.17072648046289018,1
24.77336,67.190615,75.28,111,1,1,0,17,23,27,7,0,31,0,0,0.0,75.28,75.28,1,0,0.5377526966211872,3
24.967655,67.011914,126.06,104,1,1,0,6,21,28,7,1,31,0,0,0.0,126.06,126.06,1,1,0.9004928923494535,4
24.898506,67.257523,108.36,88,1,1,0,21,25,27,7,0,31,0,1,0.0,108.36,108.36,1,1,0.7740552896635473,4
24.816495,67.26436,96.54,77,1,1,0,13,53,27,7,0,31,0,0,0.0,96.54,96.54,1,0,0.6896206871919422,4
25.027965,67.285205,133.2,359,1,1,0,3,14,28,7,1,31,0,1,0.0,133.2,133.2,1,1,0.9514965354668189,4
25.083144,67.106462,128.52,349,1,1,0,22,10,27,7,0,31,0,1,0.0,128.52,128.52,1,1,0.9180655761125794,4
25.032931,67.192063,94.63,211,1,1,0,11,11,28,7,1,31,0,0,0.0,94.63,94.63,1,0,0.6759768554896778,4
25.010816,66.984803,52.06,100,1,1,0,17,47,27,7,0,31,0,0,0.0,52.06,52.06,1,0,0.3718837059789985,2
25.003689,67.05303,98.96,75,1,1,0,16,57,27,7,0,31,0,0,0.0,98.96,98.96,1,0,0.7069076362597327,4
25.02525,67.074558,83.52,261,1,1,0,7,8,28,7,1,31,0,0,0.0,83.52,83.52,1,0,0.5966140438602756,3
24.94726,67.219728,131.18,200,1,1,0,7,18,28,7,1,31,0,0,0.0,131.18,131.18,1,1,0.9370669333523823,4
24.96232,67.248157,84.93,341,1,1,0,21,25,27,7,0,31,0,1,0.0,84.93,84.93,1,0,0.6066861918708479,3
24.808178,67.23156,102.01,305,1,1,0,9,18,28,7,1,31,0,0,0.0,102.01,102.01,1,1,0.7286949067790557,4
24.764418,67.245512,47.27,41,1,1,0,9,41,28,7,1,31,0,0,0.0,47.27,47.27,1,0,0.3376669762125866,2
24.968864,67.283853,126.55,326,1,1,0,14,28,27,7,0,31,0,0,0.0,126.55,126.55,1,1,0.9039931423673119,4
24.921887,67.115077,122.56,208,1,1,0,11,33,27,7,0,31,0,0,0.0,122.56,122.56,1,1,0.8754911065076076,4
24.981719,67.002372,114.59,191,1,1,0,10,29,28,7,1,31,0,0,0.0,114.59,114.59,1,1,0.818558468462033,4
25.01082,66.948758,5.86,39,1,1,0,15,28,27,7,0,31,0,0,0.0,5.86,5.86,1,0,0.04186013286663333,1
24.896167,67.281661,64.52,51,1,1,0,14,48,27,7,0,31,0,0,0.0,64.52,64.52,1,0,0.4608900635759697,3
24.905527,67.052251,17.1,316,1,1,0,5,3,28,7,1,31,0,1,0.0,17.1,17.1,1,0,0.12215158225587543,1
24.85081,67.252339,37.39,248,1,1,0,6,55,28,7,1,31,0,0,0.0,37.39,37.39,1,0,0.26709050646474747,2
24.94055,67.069221,70.86,336,1,1,0,11,20,28,7,1,31,0,0,0.0,70.86,70.86,1,0,0.5061790127866276,3
24.929052,67.094327,40.61,113,1,1,0,8,50,28,7,1,31,0,0,0.0,40.61,40.61,1,0,0.29009214943924566,2
24.811913,67.203258,86.07,168,1,1,0,23,29,27,7,0,31,0,1,0.0,86.07,86.07,1,0,0.6148296306879062,3
24.824236,66.946301,48.11,306,1,1,0,8,10,28,7,1,31,0,0,0.0,48.11,48.11,1,0,0.3436674048146296,2
24.89141,66.939331,99.56,104,1,1,0,6,4,28,7,1,31,0,0,0.0,99.56,99.56,1,0,0.7111936566897635,4
24.859672,67.243078,88.7,244,1,1,0,20,35,27,7,0,31,0,1,0.0,88.7,88.7,1,0,0.6336166869062075,3
25.081596,67.299928,87.13,291,1,1,0,6,38,28,7,1,31,0,0,0.0,87.13,87.13,1,0,0.6224016001142938,3
24.847559,66.943858,76.84,86,1,1,0,20,7,27,7,0,31,0,1,0.0,76.84,76.84,1,0,0.548896349739267,3
25.059539,67.209471,26.58,146,1,1,0,18,33,27,7,0,31,0,0,0.0,26.58,26.58,1,0,0.18987070505036072,1
24.951523,67.254541,132.58,170,1,1,0,8,20,28,7,1,31,0,0,0.0,132.58,132.58,1,1,0.9470676476891207,4
24.967858,67.052439,84.99,112,1,1,0,10,34,28,7,1,31,0,0,0.0,84.99,84.99,1,0,0.6071147939138509,3
24.782368,66.922013,117.72,328,1,1,0,4,14,28,7,1,31,0,1,0.0,117.72,117.72,1,1,0.8409172083720265,4
24.924847,66.940883,98.21,19,1,1,0,15,15,27,7,0,31,0,0,0.0,98.21,98.21,1,0,0.7015501107221943,4
25.007875,66.969149,122.93,102,1,1,0,19,27,27,7,0,31,0,0,0.0,122.93,122.93,1,1,0.8781341524394599,4
24.782643,67.074968,132.82,321,1,1,0,13,45,27,7,0,31,0,0,0.0,132.82,132.82,1,1,0.9487820558611328,4
24.923448,66.948149,111.45,165,1,1,0,4,15,28,7,1,31,0,1,0.0,111.45,111.45,1,1,0.7961282948782056,4
24.958787,67.138794,92.9,313,1,1,0,9,3,28,7,1,31,0,0,0.0,92.9,92.9,1,0,0.6636188299164226,4
24.950164,67.136845,28.97,4,1,1,0,16,40,27,7,0,31,0,0,0.0,28.97,28.97,1,0,0.20694335309664974,1
25.05887,67.132368,53.15,336,1,1,0,6,11,28,7,1,31,0,0,0.0,53.15,53.15,1,0,0.3796699764268876,2
24.871904,67.08818,26.97,328,1,1,0,22,30,27,7,0,31,0,1,0.0,26.97,26.97,1,0,0.19265661832988068,1
24.902819,67.275197,1.74,200,1,1,0,14,37,27,7,0,31,0,0,0.0,1.74,1.74,1,0,0.012429459247089077,1
24.855767,67.063318,115.34,71,1,1,0,9,42,28,7,1,31,0,0,0.0,115.34,115.34,1,1,0.8239159939995714,4
24.935676,67.283436,51.5,139,1,1,0,2,54,28,7,1,31,0,1,0.0,51.5,51.5,1,0,0.36788342024430315,2
25.051134,66.928279,65.0,353,1,1,0,23,13,27,7,0,31,0,1,0.0,65.0,65.0,1,0,0.46431887991999427,3
24.942545,67.178947,44.7,230,1,1,0,17,46,27,7,0,31,0,0,0.0,44.7,44.7,1,0,0.3193085220372884,2
25.028778,66.968609,38.36,156,1,1,0,1,29,28,7,1,31,0,1,0.0,38.36,38.36,1,0,0.2740195728266305,2
24.95665,67.216585,124.74,307,1,1,0,19,56,27,7,0,31,0,0,0.0,124.74,124.74,1,1,0.8910636474033858,4
24.907907,66.98597,39.15,128,1,1,0,4,40,28,7,1,31,0,1,0.0,39.15,39.15,1,0,0.27966283305950423,2
24.805381,67.174898,96.78,86,1,1,0,17,36,27,7,0,31,0,0,0.0,96.78,96.78,1,0,0.6913350953639545,4
24.842246,67.086314,65.82,180,1,1,0,14,46,27,7,0,31,0,0,0.0,65.82,65.82,1,0,0.4701764411743695,3
24.803126,66.982898,6.78,60,1,1,0,18,35,27,7,0,31,0,0,0.0,6.78,6.78,1,0,0.048432030859347094,1
24.803895,67.059158,116.67,68,1,1,0,6,5,28,7,1,31,0,0,0.0,116.67,116.67,1,1,0.8334166726194728,4
24.852278,67.062276,44.58,310,1,1,0,12,33,27,7,0,31,0,0,0.0,44.58,44.58,1,0,0.3184513179512822,2
24.920887,66.983183,44.97,357,1,1,0,12,11,27,7,0,31,0,0,0.0,44.97,44.97,1,0,0.32123723123080217,2
25.09233,67.247717,122.12,345,1,1,0,10,22,28,7,1,31,0,0,0.0,122.12,122.12,1,1,0.8723480248589185,4
24.831611,67.08532,17.63,143,1,1,0,4,43,28,7,1,31,0,1,0.0,17.63,17.63,1,0,0.12593756696906921,1
24.975275,67.029268,29.59,28,1,1,0,8,46,28,7,1,31,0,0,0.0,29.59,29.59,1,0,0.21137224087434817,1
24.810656,67.074327,128.83,165,1,1,0,14,18,27,7,0,31,0,0,0.0,128.83,128.83,1,1,0.9202800200014287,4
24.809699,67.10634,121.94,116,1,1,0,10,5,28,7,1,31,0,0,0.0,121.94,121.94,1,1,0.8710622187299092,4
24.875421,67.248336,125.6,193,1,1,0,11,43,27,7,0,31,0,0,0.0,125.6,125.6,1,1,0.8972069433530966,4
24.872882,67.171834,48.18,310,1,1,0,4,6,28,7,1,31,0,1,0.0,48.18,48.18,1,0,0.34416744053146653,2
25.016575,67.03642,54.39,132,1,1,0,10,50,28,7,1,31,0,0,0.0,54.39,54.39,1,0,0.38852775198228445,2
24.768827,67.298847,102.4,241,1,1,0,18,48,27,7,0,31,0,0,0.0,102.4,102.4,1,1,0.7314808200585756,4
24.871055,66.973436,133.37,266,1,1,0,17,29,27,7,0,31,0,0,0.0,133.37,133.37,1,1,0.9527109079219944,4
25.078354,67.286877,27.34,253,1,1,0,6,17,28,7,1,31,0,0,0.0,27.34,27.34,1,0,0.19529966426173298,1
24.965203,66.994222,125.3,327,1,1,0,8,5,28,7,1,31,0,0,0.0,125.3,125.3,1,1,0.8950639331380812,4
25.075726,67.106289,83.21,36,1,1,0,5,42,28,7,1,31,0,1,0.0,83.21,83.21,1,0,0.5943995999714264,3
24.78614,67.089928,129.33,80,1,1,0,12,0,27,7,0,31,0,0,0.0,129.33,129.33,1,1,0.923851703693121,4
24.827794,67.298298,43.62,8,1,1,0,11,2,28,7,1,31,0,0,0.0,43.62,43.62,1,0,0.31159368526323306,2
24.825456,67.229822,16.9,97,1,1,0,23,2,27,7,0,31,0,1,0.0,16.9,16.9,1,0,0.1207229087791985,1
24.909984,67.139653,35.4,83,1,1,0,7,10,28,7,1,31,0,0,0.0,35.4,35.4,1,0,0.25287520537181224,2
24.899662,67.01782,21.5,338,1,1,0,12,35,27,7,0,31,0,0,0.0,21.5,21.5,1,0,0.15358239874276733,1
24.852248,67.277636,6.37,326,1,1,0,17,28,27,7,0,31,0,0,0.0,6.37,6.37,1,0,0.04550325023215944,1
24.845826,67.097797,76.72,355,1,1,0,3,22,28,7,1,31,0,1,0.0,76.72,76.72,1,0,0.548039145653261,3
24.847941,67.214685,18.85,127,1,1,0,18,44,27,7,0,31,0,0,0.0,18.85,18.85,1,0,0.13465247517679835,1
24.77386,66.942792,126.16,79,1,1,0,15,12,27,7,0,31,0,0,0.0,126.16,126.16,1,1,0.9012072290877919,4
24.941376,67.243384,94.8,331,1,1,0,15,42,27,7,0,31,0,0,0.0,94.8,94.8,1,0,0.6771912279448531,4
24.803316,67.024046,85.24,155,1,1,0,12,16,27,7,0,31,0,0,0.0,85.24,85.24,1,0,0.608900635759697,3
25.037217,67.190187,51.41,349,1,1,0,14,17,27,7,0,31,0,0,0.0,51.41,51.41,1,0,0.3672405171797985,2
24.896256,67.095641,77.83,330,1,1,0,18,29,27,7,0,31,0,0,0.0,77.83,77.83,1,0,0.5559682834488178,3
25.054795,67.155715,84.52,294,1,1,0,0,54,28,7,1,31,0,1,0.0,84.52,84.52,1,0,0.6037574112436602,3
24.986025,67.113449,11.24,162,1,1,0,12,31,27,7,0,31,0,0,0.0,11.24,11.24,1,0,0.08029144938924208,1
24.899674,67.054445,55.66,6,1,1,0,0,59,28,7,1,31,0,1,0.0,55.66,55.66,1,0,0.39759982855918274,2
25.078566,67.243075,82.74,306,1,1,0,1,38,28,7,1,31,0,1,0.0,82.74,82.74,1,0,0.5910422173012357,3
24.799164,67.207962,114.42,358,1,1,0,23,55,27,7,0,31,0,1,0.0,114.42,114.42,1,1,0.8173440960068576,4
24.75496,67.165798,101.1,213,1,1,0,9,6,28,7,1,31,0,0,0.0,101.1,101.1,1,1,0.7221944424601756,4
24.940506,66.9991,121.4,217,1,1,0,15,20,27,7,0,31,0,0,0.0,121.4,121.4,1,1,0.8672048003428816,4
24.985741,66.991331,92.99,186,1,1,0,12,27,27,7,0,31,0,0,0.0,92.99,92.99,1,0,0.6642617329809272,4
24.817667,67.144756,28.29,13,1,1,0,9,36,28,7,1,31,0,0,0.0,28.29,28.29,1,0,0.20208586327594827,1
25.031748,67.245043,77.25,321,1,1,0,14,46,27,7,0,31,0,0,0.0,77.25,77.25,1,0,0.5518251303664548,3
24.89266,67.117044,98.9,212,1,1,0,9,5,28,7,1,31,0,0,0.0,98.9,98.9,1,0,0.7064790342167298,4
24.985478,66.981557,61.54,38,1,1,0,18,14,27,7,0,31,0,0,0.0,61.54,61.54,1,0,0.4396028287734838,3
24.914463,67.23194,47.23,212,1,1,0,0,23,28,7,1,31,0,1,0.0,47.23,47.23,1,0,0.3373812415172512,2
24.897985,67.014309,80.4,8,1,1,0,23,51,27,7,0,31,0,1,0.0,80.4,80.4,1,0,0.574326737624116,3
25.044228,67.200984,22.99,17,1,1,0,14,34,27,7,0,31,0,0,0.0,22.99,22.99,1,0,0.16422601614401028,1
24.874086,66.940535,124.63,251,1,1,0,4,9,28,7,1,31,0,1,0.0,124.63,124.63,1,1,0.8902778769912135,4
24.980391,66.932826,105.26,102,1,1,0,8,32,28,7,1,31,0,0,0.0,105.26,105.26,1,1,0.7519108507750554,4
24.896832,66.933947,32.05,322,1,1,0,19,3,27,7,0,31,0,0,0.0,32.05,32.05,1,0,0.22894492463747407,2
24.882505,66.99116,16.64,305,1,1,0,2,14,28,7,1,31,0,1,0.0,16.64,16.64,1,0,0.11886563325951853,1
25.030246,66.969889,14.26,72,1,1,0,11,15,28,7,1,31,0,0,0.0,14.26,14.26,1,0,0.10186441888706335,1
25.068846,67.156893,25.94,254,1,1,0,4,25,28,7,1,31,0,1,0.0,25.94,25.94,1,0,0.18529894992499463,1
24.870496,66.937294,112.63,144,1,1,0,16,11,27,7,0,31,0,0,0.0,112.63,112.63,1,1,0.8045574683905993,4
24.888925,67.072339,49.62,170,1,1,0,9,25,28,7,1,31,0,0,0.0,49.62,49.62,1,0,0.35445388956354024,2
24.99986,67.060969,69.9,62,1,1,0,18,33,27,7,0,31,0,0,0.0,69.9,69.9,1,0,0.49932138009857846,3
24.785743,67.042268,139.54,16,1,1,0,2,47,28,7,1,31,0,1,0.0,139.54,139.54,1,1,0.9967854846774769,4
24.882742,67.121081,106.34,28,1,1,0,12,10,27,7,0,31,0,0,0.0,106.34,106.34,1,1,0.7596256875491106,4
25.08772,67.048674,52.84,359,1,1,0,7,29,28,7,1,31,0,0,0.0,52.84,52.84,1,0,0.37745553253803843,2
24.922086,67.198695,4.65,152,1,1,0,9,13,28,7,1,31,0,0,0.0,4.65,4.65,1,0,0.033216658332738055,1
24.906931,67.02247,73.85,80,1,1,0,14,24,27,7,0,31,0,0,0.0,73.85,73.85,1,0,0.5275376812629473,3
24.96878,66.970939,92.66,241,1,1,0,2,54,28,7,1,31,0,1,0.0,92.66,92.66,1,0,0.6619044217444102,4
25.048245,67.096578,99.68,70,1,1,0,5,23,28,7,1,31,0,1,0.0,99.68,99.68,1,0,0.7120508607757697,4
25.049527,67.272558,86.11,206,1,1,0,12,18,27,7,0,31,0,0,0.0,86.11,86.11,1,0,0.6151153653832416,3
24.926752,66.914261,96.86,189,1,1,0,19,39,27,7,0,31,0,0,0.0,96.86,96.86,1,0,0.6919065647546253,4
25.047096,67.240748,90.08,84,1,1,0,8,37,28,7,1,31,0,0,0.0,90.08,90.08,1,0,0.6434745338952782,4
24.884303,67.127472,48.58,47,1,1,0,8,58,28,7,1,31,0,0,0.0,48.58,48.58,1,0,0.3470247874848203,2
24.938019,67.165718,49.76,34,1,1,0,18,27,27,7,0,31,0,0,0.0,49.76,49.76,1,0,0.35545396099721405,2
24.980615,67.076625,135.06,311,1,1,0,17,33,27,7,0,31,0,0,0.0,135.06,135.06,1,1,0.9647831987999143,4
24.87238,67.228215,27.94,116,1,1,0,3,14,28,7,1,31,0,1,0.0,27.94,27.94,1,0,0.1995856846917637,1
25.097938,67.165596,83.12,56,1,1,0,6,52,28,7,1,31,0,0,0.0,83.12,83.12,1,0,0.5937566969069219,3
24.821255,67.105271,5.95,276,1,1,0,10,12,28,7,1,31,0,0,0.0,5.95,5.95,1,0,0.04250303593113794,1
25.011728,67.299552,14.92,147,1,1,0,8,6,28,7,1,31,0,0,0.0,14.92,14.92,1,0,0.10657904136009715,1
24.769966,67.219238,105.67,116,1,1,0,16,39,27,7,0,31,0,0,0.0,105.67,105.67,1,1,0.754839631402243,4
25.044499,67.148765,56.51,14,1,1,0,10,24,28,7,1,31,0,0,0.0,56.51,56.51,1,0,0.4036716908350596,2
24.951723,66.913385,37.7,19,1,1,0,14,39,27,7,0,31,0,0,0.0,37.7,37.7,1,0,0.2693049503535967,2
24.853513,67.067012,70.63,237,1,1,0,23,19,27,7,0,31,0,1,0.0,70.63,70.63,1,0,0.5045360382884491,3
24.907068,67.177109,54.76,65,1,1,0,0,28,28,7,1,31,0,1,0.0,54.76,54.76,1,0,0.39117079791413667,2
24.954306,67.223369,0.09,289,1,1,0,15,51,27,7,0,31,0,0,0.0,0.09,0.09,1,0,0.0006429030645046074,1
24.881179,67.275999,80.8,217,1,1,0,14,17,27,7,0,31,0,0,0.0,80.8,80.8,1,0,0.5771840845774697,3
24.963081,66.987167,14.47,287,1,1,0,16,53,27,7,0,31,0,0,0.0,14.47,14.47,1,0,0.10336452603757411,1
24.822566,67.146123,111.54,212,1,1,0,20,16,27,7,0,31,0,1,0.0,111.54,111.54,1,1,0.7967711979427102,4
25.083446,67.24237,130.46,141,1,1,0,8,33,28,7,1,31,0,0,0.0,130.46,130.46,1,1,0.9319237088363455,4
24.873069,67.072612,87.48,11,1,1,0,1,0,28,7,1,31,0,1,0.0,87.48,87.48,1,0,0.6249017786984784,3
24.75534,67.028349,119.89,119,1,1,0,22,23,27,7,0,31,0,1,0.0,119.89,119.89,1,1,0.856418315593971,4
25.077356,66.972772,77.34,6,1,1,0,20,6,27,7,0,31,0,1,0.0,77.34,77.34,1,0,0.5524680334309593,3
24.794647,67.261209,136.87,298,1,1,0,9,42,28,7,1,31,0,0,0.0,136.87,136.87,1,1,0.9777126937638403,4
24.818907,67.03169,134.09,32,1,1,0,12,33,27,7,0,31,0,0,0.0,134.09,134.09,1,1,0.9578541324380313,4
24.988494,67.250029,33.4,295,1,1,0,4,31,28,7,1,31,0,1,0.0,33.4,33.4,1,0,0.23858847060504318,2
25.086466,67.137694,76.71,123,1,1,0,15,33,27,7,0,31,0,0,0.0,76.71,76.71,1,0,0.5479677119794271,3
24.978114,67.201693,91.02,126,1,1,0,4,5,28,7,1,31,0,1,0.0,91.02,91.02,1,0,0.6501892992356596,4
24.927294,67.185964,88.34,346,1,1,0,0,29,28,7,1,31,0,1,0.0,88.34,88.34,1,0,0.6310450746481892,3
24.970563,67.198137,70.24,201,1,1,0,19,42,27,7,0,31,0,0,0.0,70.24,70.24,1,0,0.5017501250089291,3
24.950451,67.003204,112.91,37,1,1,0,12,40,27,7,0,31,0,0,0.0,112.91,112.91,1,1,0.8065576112579469,4
24.892711,67.034929,110.98,220,1,1,0,22,28,27,7,0,31,0,1,0.0,110.98,110.98,1,1,0.7927709122080149,4
24.863147,67.126237,110.59,95,1,1,0,8,9,28,7,1,31,0,0,0.0,110.59,110.59,1,1,0.7899849989284948,4
24.879835,67.207769,30.37,357,1,1,0,10,28,28,7,1,31,0,0,0.0,30.37,30.37,1,0,0.2169440674333881,2
25.069539,67.071494,81.05,351,1,1,0,14,39,27,7,0,31,0,0,0.0,81.05,81.05,1,0,0.5789699264233159,3
25.034854,67.193424,37.14,144,1,1,0,6,33,28,7,1,31,0,0,0.0,37.14,37.14,1,0,0.26530466461890134,2
24.892056,67.221802,137.68,84,1,1,0,0,40,28,7,1,31,0,1,0.0,137.68,137.68,1,1,0.9834988213443817,4
24.777104,67.193217,18.32,213,1,1,0,18,49,27,7,0,31,0,0,0.0,18.32,18.32,1,0,0.13086649046360455,1
24.910086,67.074459,97.65,124,1,1,0,3,4,28,7,1,31,0,1,0.0,97.65,97.65,1,0,0.6975498249874991,4
24.875978,66.913531,37.25,350,1,1,0,5,51,28,7,1,31,0,1,0.0,37.25,37.25,1,0,0.26609043503107366,2
24.963033,67.106227,98.14,145,1,1,0,17,9,27,7,0,31,0,0,0.0,98.14,98.14,1,0,0.7010500750053574,4
24.805562,67.240905,20.96,291,1,1,0,17,7,27,7,0,31,0,0,0.0,20.96,20.96,1,0,0.1497249803557397,1
25.025295,66.911992,51.11,104,1,1,0,0,12,28,7,1,31,0,1,0.0,51.11,51.11,1,0,0.36509750696478316,2
25.055412,67.277102,60.2,84,1,1,0,22,57,27,7,0,31,0,1,0.0,60.2,60.2,1,0,0.43003071647974855,3
24.782604,66.900589,126.18,229,1,1,0,9,39,28,7,1,31,0,0,0.0,126.18,126.18,1,1,0.9013500964354597,4
25.060501,66.945159,120.95,295,1,1,0,4,2,28,7,1,31,0,1,0.0,120.95,120.95,1,1,0.8639902850203586,4
24.784272,67.064819,8.55,192,1,1,0,19,38,27,7,0,31,0,0,0.0,8.55,8.55,1,0,0.06107579112793771,1
24.86245,67.165301,89.63,68,1,1,0,20,3,27,7,0,31,0,1,0.0,89.63,89.63,1,0,0.6402600185727552,3
25.001045,66.952747,123.66,32,1,1,0,8,52,28,7,1,31,0,0,0.0,123.66,123.66,1,1,0.8833488106293306,4
24.828993,67.141678,34.09,43,1,1,0,13,22,27,7,0,31,0,0,0.0,34.09,34.09,1,0,0.24351739409957854,2
25.096628,67.223558,23.67,319,1,1,0,10,21,28,7,1,31,0,0,0.0,23.67,23.67,1,0,0.16908350596471178,1
25.049649,67.223379,89.89,114,1,1,0,1,55,28,7,1,31,0,1,0.0,89.89,89.89,1,0,0.6421172940924351,3
24.89523,67.273699,38.67,259,1,1,0,1,37,28,7,1,31,0,1,0.0,38.67,38.67,1,0,0.27623401671547965,2
25.032356,66.919524,4.75,4,1,1,0,21,16,27,7,0,31,0,1,0.0,4.75,4.75,1,0,0.033930995071076504,1
25.06021,67.238107,49.05,169,1,1,0,20,51,27,7,0,31,0,1,0.0,49.05,49.05,1,0,0.35038217015501105,2
24.862298,67.28872,46.77,163,1,1,0,17,43,27,7,0,31,0,0,0.0,46.77,46.77,1,0,0.33409529252089437,2
24.961596,66.934013,36.21,349,1,1,0,22,13,27,7,0,31,0,1,0.0,36.21,36.21,1,0,0.2586613329523537,2
25.060243,67.005396,109.64,204,1,1,0,13,15,27,7,0,31,0,0,0.0,109.64,109.64,1,1,0.7831987999142795,4
25.02815,66.905566,139.29,136,1,1,0,4,38,28,7,1,31,0,1,0.0,139.29,139.29,1,1,0.9949996428316307,4
24.774906,67.073664,12.41,307,1,1,0,3,28,28,7,1,31,0,1,0.0,12.41,12.41,1,0,0.08864918922780197,1
24.984592,67.22032,30.9,195,1,1,0,7,16,28,7,1,31,0,0,0.0,30.9,30.9,1,0,0.22073005214658187,2
24.874517,67.013754,127.16,242,1,1,0,1,54,28,7,1,31,0,1,0.0,127.16,127.16,1,1,0.9083505964711764,4
24.927067,67.252951,9.39,321,1,1,0,9,2,28,7,1,31,0,0,0.0,9.39,9.39,1,0,0.06707621972998071,1
24.857121,67.207262,109.79,278,1,1,0,1,13,28,7,1,31,0,1,0.0,109.79,109.79,1,1,0.7842703050217873,4
25.045459,67.288708,109.34,57,1,1,0,4,50,28,7,1,31,0,1,0.0,109.34,109.34,1,1,0.7810557896992643,4
25.006997,67.017545,119.99,99,1,1,0,6,8,28,7,1,31,0,0,0.0,119.99,119.99,1,1,0.8571326523323094,4
24.809353,66.91146,131.08,290,1,1,0,14,28,27,7,0,31,0,0,0.0,131.08,131.08,1,1,0.9363525966140439,4
24.87051,67.117844,111.27,40,1,1,0,7,52,28,7,1,31,0,0,0.0,111.27,111.27,1,1,0.7948424887491963,4
24.981717,67.153658,48.34,324,1,1,0,22,32,27,7,0,31,0,1,0.0,48.34,48.34,1,0,0.34531037931280806,2
24.944994,67.011401,70.23,78,1,1,0,18,56,27,7,0,31,0,0,0.0,70.23,70.23,1,0,0.5016786913350954,3
24.767604,67.290796,64.11,258,1,1,0,5,40,28,7,1,31,0,1,0.0,64.11,64.11,1,0,0.457961282948782,3
24.90634,66.945137,53.38,122,1,1,0,10,51,28,7,1,31,0,0,0.0,53.38,53.38,1,0,0.38131295092506606,2
25.029893,67.093309,20.91,164,1,1,0,8,17,28,7,1,31,0,0,0.0,20.91,20.91,1,0,0.14936781198657045,1
24.876798,66.961906,69.69,327,1,1,0,9,41,28,7,1,31,0,0,0.0,69.69,69.69,1,0,0.49782127294806766,3
24.901973,67.067956,119.65,25,1,1,0,12,1,27,7,0,31,0,0,0.0,119.65,119.65,1,1,0.8547039074219587,4
24.95366,66.942027,100.77,121,1,1,0,9,33,28,7,1,31,0,0,0.0,100.77,100.77,1,1,0.7198371312236588,4
24.826265,66.929212,35.62,216,1,1,0,22,48,27,7,0,31,0,1,0.0,35.62,35.62,1,0,0.2544467461961568,2
25.05164,67.013431,43.69,118,1,1,0,5,17,28,7,1,31,0,1,0.0,43.69,43.69,1,0,0.31209372098007,2
24.976269,66.92471,123.46,225,1,1,0,11,49,27,7,0,31,0,0,0.0,123.46,123.46,1,1,0.8819201371526536,4
24.776962,67.192515,73.1,357,1,1,0,2,3,28,7,1,31,0,1,0.0,73.1,73.1,1,0,0.5221801557254089,3
24.893454,67.061004,139.64,342,1,1,0,16,4,27,7,0,31,0,0,0.0,139.64,139.64,1,1,0.9974998214158153,4
24.949937,66.912128,138.02,217,1,1,0,21,24,27,7,0,31,0,1,0.0,138.02,138.02,1,1,0.9859275662547324,4
25.060319,67.059434,112.93,288,1,1,0,10,40,28,7,1,31,0,0,0.0,112.93,112.93,1,1,0.8067004786056147,4
24.756296,67.103166,18.9,203,1,1,0,17,47,27,7,0,31,0,0,0.0,18.9,18.9,1,0,0.13500964354596756,1
24.977045,67.013708,9.44,233,1,1,0,22,31,27,7,0,31,0,1,0.0,9.44,9.44,1,0,0.06743338809914994,1
24.926197,66.991435,11.67,316,1,1,0,5,41,28,7,1,31,0,1,0.0,11.67,11.67,1,0,0.08336309736409743,1
24.814466,66.97044,121.67,190,1,1,0,21,35,27,7,0,31,0,1,0.0,121.67,121.67,1,1,0.8691335095363955,4
24.907571,67.037829,96.3,130,1,1,0,5,15,28,7,1,31,0,1,0.0,96.3,96.3,1,0,0.68790627901993,4
25.061798,67.185625,136.62,157,1,1,0,14,37,27,7,0,31,0,0,0.0,136.62,136.62,1,1,0.9759268519179941,4
24.988416,67.109166,4.1,4,1,1,0,10,23,28,7,1,31,0,0,0.0,4.1,4.1,1,0,0.02928780627187656,1
24.894769,67.078929,104.5,301,1,1,0,15,1,27,7,0,31,0,0,0.0,104.5,104.5,1,1,0.746481891563683,4
24.786282,67.132761,33.76,170,1,1,0,6,29,28,7,1,31,0,0,0.0,33.76,33.76,1,0,0.24116008286306162,2
25.035407,66.986891,130.52,291,1,1,0,12,54,27,7,0,31,0,0,0.0,130.52,130.52,1,1,0.9323523108793486,4
24.945945,66.98179,90.59,65,1,1,0,9,23,28,7,1,31,0,0,0.0,90.59,90.59,1,0,0.6471176512608043,4
24.918061,67.138696,105.54,341,1,1,0,2,18,28,7,1,31,0,1,0.0,105.54,105.54,1,1,0.753910993642403,4
24.75529,67.073226,119.03,112,1,1,0,10,48,28,7,1,31,0,0,0.0,119.03,119.03,1,1,0.8502750196442602,4
24.759415,67.256537,48.84,174,1,1,0,21,29,27,7,0,31,0,1,0.0,48.84,48.84,1,0,0.3488820630045003,2
25.087162,67.025068,17.32,318,1,1,0,14,34,27,7,0,31,0,0,0.0,17.32,17.32,1,0,0.12372312308022002,1
24.865813,67.223639,22.79,219,1,1,0,20,12,27,7,0,31,0,1,0.0,22.79,22.79,1,0,0.16279734266733337,1
24.771315,67.122851,36.09,349,1,1,0,21,45,27,7,0,31,0,1,0.0,36.09,36.09,1,0,0.2578041288663476,2
24.871333,67.10296,101.82,352,1,1,0,14,17,27,7,0,31,0,0,0.0,101.82,101.82,1,1,0.7273376669762125,4
25.026679,67.236308,4.57,265,1,1,0,13,30,27,7,0,31,0,0,0.0,4.57,4.57,1,0,0.03264518894206729,1
24.881256,67.201762,53.66,34,1,1,0,17,29,27,7,0,31,0,0,0.0,53.66,53.66,1,0,0.3833130937924137,2
24.949314,67.142996,139.94,12,1,1,0,0,38,28,7,1,31,0,1,0.0,139.94,139.94,1,1,0.9996428316308307,4
25.073642,67.171918,97.91,347,1,1,0,0,3,28,7,1,31,0,1,0.0,97.91,97.91,1,0,0.699407100507179,4
25.017953,67.272179,128.79,166,1,1,0,0,42,28,7,1,31,0,1,0.0,128.79,128.79,1,1,0.9199942853060932,4
25.00417,66.977555,85.75,306,1,1,0,11,43,27,7,0,31,0,0,0.0,85.75,85.75,1,0,0.6125437531252232,3
25.088472,67.010809,62.45,274,1,1,0,5,32,28,7,1,31,0,1,0.0,62.45,62.45,1,0,0.44610329309236374,3
24.809322,67.198295,26.98,25,1,1,0,12,57,27,7,0,31,0,0,0.0,26.98,26.98,1,0,0.19272805200371454,1
24.876566,67.101696,126.79,110,1,1,0,13,9,27,7,0,31,0,0,0.0,126.79,126.79,1,1,0.9057075505393242,4
25.071661,67.175981,23.31,72,1,1,0,18,28,27,7,0,31,0,0,0.0,23.31,23.31,1,0,0.1665118937066933,1
24.862079,67.057167,83.04,120,1,1,0,4,56,28,7,1,31,0,1,0.0,83.04,83.04,1,0,0.5931852275162511,3
25.065069,67.168796,10.25,246,1,1,0,11,3,28,7,1,31,0,0,0.0,10.25,10.25,1,0,0.0732195156796914,1
25.0074,67.249097,69.86,105,1,1,0,3,0,28,7,1,31,0,1,0.0,69.86,69.86,1,0,0.4990356454032431,3
25.040961,67.19206,128.88,178,1,1,0,23,59,27,7,0,31,0,1,0.0,128.88,128.88,1,1,0.9206371883705978,4
24.953316,67.182153,67.95,21,1,1,0,7,51,28,7,1,31,0,0,0.0,67.95,67.95,1,0,0.4853918137009786,3
24.852603,67.252674,124.54,277,1,1,0,16,11,27,7,0,31,0,0,0.0,124.54,124.54,1,1,0.889634973926709,4
24.961992,67.024876,110.97,165,1,1,0,19,52,27,7,0,31,0,0,0.0,110.97,110.97,1,1,0.792699478534181,4
24.850125,67.123864,63.56,251,1,1,0,15,38,27,7,0,31,0,0,0.0,63.56,63.56,1,0,0.45403243088792056,3
25.031952,67.075848,0.99,349,1,1,0,23,14,27,7,0,31,0,1,0.0,0.99,0.99,1,0,0.007071933709550682,1
24.913617,67.14424,111.55,26,1,1,0,12,12,27,7,0,31,0,0,0.0,111.55,111.55,1,1,0.796842631616544,4
24.768996,66.989167,133.05,232,1,1,0,23,15,27,7,0,31,0,1,0.0,133.05,133.05,1,1,0.9504250303593114,4
25.03718,66.998223,68.48,148,1,1,0,6,49,28,7,1,31,0,0,0.0,68.48,68.48,1,0,0.4891777984141724,3
24.798561,67.021666,64.7,247,1,1,0,10,30,28,7,1,31,0,0,0.0,64.7,64.7,1,0,0.4621758697049789,3
24.821774,67.183042,103.31,239,1,1,0,21,34,27,7,0,31,0,1,0.0,103.31,103.31,1,1,0.7379812843774555,4
24.910538,67.058683,22.96,148,1,1,0,15,13,27,7,0,31,0,0,0.0,22.96,22.96,1,0,0.16401171512250876,1
24.930179,66.98414,79.63,298,1,1,0,21,14,27,7,0,31,0,1,0.0,79.63,79.63,1,0,0.5688263447389098,3
25.046063,67.019677,2.78,71,1,1,0,12,28,27,7,0,31,0,0,0.0,2.78,2.78,1,0,0.019858561325808984,1
25.012824,67.128625,32.93,304,1,1,0,16,59,27,7,0,31,0,0,0.0,32.93,32.93,1,0,0.23523108793485248,2
25.076769,67.103644,58.76,52,1,1,0,1,45,28,7,1,31,0,1,0.0,58.76,58.76,1,0,0.4197442674476748,2
24.905206,67.253723,6.96,306,1,1,0,14,5,27,7,0,31,0,0,0.0,6.96,6.96,1,0,0.04971783698835631,1
25.054327,67.272564,45.89,308,1,1,0,13,31,27,7,0,31,0,0,0.0,45.89,45.89,1,0,0.32780912922351596,2
24.838086,67.054958,89.84,91,1,1,0,13,59,27,7,0,31,0,0,0.0,89.84,89.84,1,0,0.6417601257232659,3
24.916812,66.911238,8.35,122,1,1,0,3,32,28,7,1,31,0,1,0.0,8.35,8.35,1,0,0.059647117651260795,1
24.987797,67.019039,57.13,35,1,1,0,15,49,27,7,0,31,0,0,0.0,57.13,57.13,1,0,0.40810057861275806,2
24.836726,67.123579,45.11,18,1,1,0,4,8,28,7,1,31,0,1,0.0,45.11,45.11,1,0,0.32223730266447603,2
24.834604,67.277689,95.03,58,1,1,0,18,35,27,7,0,31,0,0,0.0,95.03,95.03,1,0,0.6788342024430316,4
24.763465,67.275418,122.05,285,1,1,0,7,59,28,7,1,31,0,0,0.0,122.05,122.05,1,1,0.8718479891420815,4
24.793268,67.103582,124.63,274,1,1,0,3,56,28,7,1,31,0,1,0.0,124.63,124.63,1,1,0.8902778769912135,4
24.945023,66.943306,13.92,82,1,1,0,20,13,27,7,0,31,0,1,0.0,13.92,13.92,1,0,0.09943567397671262,1
24.801598,67.058696,77.1,358,1,1,0,16,17,27,7,0,31,0,0,0.0,77.1,77.1,1,0,0.550753625258947,3
24.988652,66.994088,78.05,319,1,1,0,13,10,27,7,0,31,0,0,0.0,78.05,78.05,1,0,0.5575398242731623,3
24.880989,67.087483,55.44,95,1,1,0,2,30,28,7,1,31,0,1,0.0,55.44,55.44,1,0,0.39602828773483817,2
24.803848,67.236078,83.19,67,1,1,0,15,55,27,7,0,31,0,0,0.0,83.19,83.19,1,0,0.5942567326237588,3
25.013982,66.909183,69.08,338,1,1,0,11,56,27,7,0,31,0,0,0.0,69.08,69.08,1,0,0.4934638188442031,3
24.981914,66.931158,76.23,293,1,1,0,17,38,27,7,0,31,0,0,0.0,76.23,76.23,1,0,0.5445388956354025,3
24.802115,67.226469,60.9,157,1,1,0,1,20,28,7,1,31,0,1,0.0,60.9,60.9,1,0,0.43503107364811766,3
24.771089,67.257687,98.05,241,1,1,0,10,11,28,7,1,31,0,0,0.0,98.05,98.05,1,0,0.7004071719408529,4
24.841929,66.958059,28.04,110,1,1,0,5,47,28,7,1,31,0,1,0.0,28.04,28.04,1,0,0.20030002143010214,1
24.788145,67.26939,26.71,46,1,1,0,18,6,27,7,0,31,0,0,0.0,26.71,26.71,1,0,0.19079934281020072,1
24.902904,67.224329,48.49,272,1,1,0,13,46,27,7,0,31,0,0,0.0,48.49,48.49,1,0,0.34638188442031576,2
24.822046,67.296213,42.81,53,1,1,0,10,45,28,7,1,31,0,0,0.0,42.81,42.81,1,0,0.30580755768269163,2
24.752052,67.045535,61.64,328,1,1,0,7,39,28,7,1,31,0,0,0.0,61.64,61.64,1,0,0.44031716551182226,3
24.942248,67.070592,23.3,10,1,1,0,17,56,27,7,0,31,0,0,0.0,23.3,23.3,1,0,0.16644046003285948,1
24.821601,67.006095,139.15,28,1,1,0,18,20,27,7,0,31,0,0,0.0,139.15,139.15,1,1,0.993999571397957,4
24.938446,66.914951,16.03,336,1,1,0,19,58,27,7,0,31,0,0,0.0,16.03,16.03,1,0,0.11450817915565398,1
24.879254,67.070281,7.01,345,1,1,0,0,34,28,7,1,31,0,1,0.0,7.01,7.01,1,0,0.050075005357525536,1
24.9082,67.031284,71.06,296,1,1,0,15,14,27,7,0,31,0,0,0.0,71.06,71.06,1,0,0.5076076862633045,3
24.896191,67.075472,60.03,285,1,1,0,10,15,28,7,1,31,0,0,0.0,60.03,60.03,1,0,0.42881634402457314,3
25.016346,67.113423,42.21,78,1,1,0,9,45,28,7,1,31,0,0,0.0,42.21,42.21,1,0,0.3015215372526609,2
24.819237,66.945911,82.57,115,1,1,0,11,46,27,7,0,31,0,0,0.0,82.57,82.57,1,0,0.5898278448460603,3
24.929698,67.292815,51.13,12,1,1,0,17,31,27,7,0,31,0,0,0.0,51.13,51.13,1,0,0.3652403743124509,2
24.997128,67.259908,105.18,202,1,1,0,18,14,27,7,0,31,0,0,0.0,105.18,105.18,1,1,0.7513393813843846,4
24.977118,67.18852,29.22,225,1,1,0,12,46,27,7,0,31,0,0,0.0,29.22,29.22,1,0,0.20872919494249587,1
24.805739,67.251263,118.86,138,1,1,0,21,0,27,7,0,31,0,1,0.0,118.86,118.86,1,1,0.8490606471890849,4
25.021669,67.015339,39.05,53,1,1,0,5,8,28,7,1,31,0,1,0.0,39.05,39.05,1,0,0.27894849632116575,2
24.831922,67.009612,116.34,151,1,1,0,0,5,28,7,1,31,0,1,0.0,116.34,116.34,1,1,0.8310593613829559,4
24.820774,66.909619,0.55,317,1,1,0,10,54,28,7,1,31,0,0,0.0,0.55,0.55,1,0,0.00392885206086149,1
24.922621,67.216952,130.2,178,1,1,0,5,24,28,7,1,31,0,1,0.0,130.2,130.2,1,1,0.9300664333166654,4
24.915194,67.046889,119.05,104,1,1,0,23,31,27,7,0,31,0,1,0.0,119.05,119.05,1,1,0.8504178869919279,4
25.020968,67.059252,138.39,70,1,1,0,7,0,28,7,1,31,0,0,0.0,138.39,138.39,1,1,0.9885706121865846,4
24.784196,67.02722,93.04,116,1,1,0,16,3,27,7,0,31,0,0,0.0,93.04,93.04,1,0,0.6646189013500965,4
24.832522,67.29781,7.46,191,1,1,0,3,10,28,7,1,31,0,1,0.0,7.46,7.46,1,0,0.05328952068004857,1
24.894403,67.154472,59.04,304,1,1,0,23,35,27,7,0,31,0,1,0.0,59.04,59.04,1,0,0.42174441031502247,2
24.982198,67.145531,128.83,277,1,1,0,9,48,28,7,1,31,0,0,0.0,128.83,128.83,1,1,0.9202800200014287,4
25.012716,67.297202,42.0,116,1,1,0,6,57,28,7,1,31,0,0,0.0,42.0,42.0,1,0,0.30002143010215016,2
24.932677,67.10009,15.74,173,1,1,0,13,4,27,7,0,31,0,0,0.0,15.74,15.74,1,0,0.11243660261447246,1
24.817626,67.241478,71.68,340,1,1,0,21,40,27,7,0,31,0,1,0.0,71.68,71.68,1,0,0.5120365740410029,3
25.057358,67.094735,8.82,125,1,1,0,4,46,28,7,1,31,0,1,0.0,8.82,8.82,1,0,0.06300450032145154,1
24.932108,67.149119,58.92,358,1,1,0,6,21,28,7,1,31,0,0,0.0,58.92,58.92,1,0,0.4208872062290163,2
25.030617,67.167196,94.85,135,1,1,0,12,33,27,7,0,31,0,0,0.0,94.85,94.85,1,0,0.6775483963140223,4
24.976801,67.090716,77.53,28,1,1,0,20,32,27,7,0,31,0,1,0.0,77.53,77.53,1,0,0.5538252732338024,3
24.846637,67.000572,12.44,201,1,1,0,2,12,28,7,1,31,0,1,0.0,12.44,12.44,1,0,0.08886349024930351,1
25.061954,66.969876,53.95,260,1,1,0,7,37,28,7,1,31,0,0,0.0,53.95,53.95,1,0,0.38538467033359525,2
24.940247,66.952958,21.32,302,1,1,0,13,2,27,7,0,31,0,0,0.0,21.32,21.32,1,0,0.1522965926137581,1
24.754322,67.115194,36.53,331,1,1,0,23,41,27,7,0,31,0,1,0.0,36.53,36.53,1,0,0.2609472105150368,2
25.009867,67.096172,22.98,258,1,1,0,14,15,27,7,0,31,0,0,0.0,22.98,22.98,1,0,0.16415458247017645,1
24.982263,67.027901,117.58,237,1,1,0,17,29,27,7,0,31,0,0,0.0,117.58,117.58,1,1,0.8399171369383527,4
25.026189,67.109198,21.66,198,1,1,0,11,28,27,7,0,31,0,0,0.0,21.66,21.66,1,0,0.15472533752410886,1
24.89308,67.135147,1.91,174,1,1,0,6,37,28,7,1,31,0,0,0.0,1.91,1.91,1,0,0.013643831702264447,1
24.982786,67.035301,50.61,359,1,1,0,8,51,28,7,1,31,0,0,0.0,50.61,50.61,1,0,0.3615258232730909,2
24.957788,67.107778,29.88,227,1,1,0,11,0,28,7,1,31,0,0,0.0,29.88,29.88,1,0,0.21344381741552965,1
24.926852,67.193971,23.49,79,1,1,0,17,48,27,7,0,31,0,0,0.0,23.49,23.49,1,0,0.16779769983570253,1
24.931005,67.276637,77.67,110,1,1,0,7,12,28,7,1,31,0,0,0.0,77.67,77.67,1,0,0.5548253446674762,3
24.819502,67.172847,33.91,36,1,1,0,14,55,27,7,0,31,0,0,0.0,33.91,33.91,1,0,0.2422315879705693,2
24.949582,67.20897,139.44,67,1,1,0,2,48,28,7,1,31,0,1,0.0,139.44,139.44,1,1,0.9960711479391384,4
24.840631,66.904269,41.92,325,1,1,0,13,48,27,7,0,31,0,0,0.0,41.92,41.92,1,0,0.2994499607114794,2
24.884221,67.012143,130.06,131,1,1,0,18,0,27,7,0,31,0,0,0.0,130.06,130.06,1,1,0.9290663618829916,4
24.808594,67.290416,134.4,283,1,1,0,9,25,28,7,1,31,0,0,0.0,134.4,134.4,1,1,0.9600685763268805,4
24.864127,67.083354,39.23,66,1,1,0,12,12,27,7,0,31,0,0,0.0,39.23,39.23,1,0,0.280234302450175,2
24.771531,67.187536,8.44,43,1,1,0,19,39,27,7,0,31,0,0,0.0,8.44,8.44,1,0,0.060290020715765405,1
25.013447,67.122096,31.79,202,1,1,0,3,48,28,7,1,31,0,1,0.0,31.79,31.79,1,0,0.2270876491177941,2
24.853116,66.967003,49.41,355,1,1,0,13,35,27,7,0,31,0,0,0.0,49.41,49.41,1,0,0.35295378241302944,2
24.94565,67.252955,72.49,192,1,1,0,9,44,28,7,1,31,0,0,0.0,72.49,72.49,1,0,0.5178227016215443,3
25.078382,66.97242,103.09,27,1,1,0,0,14,28,7,1,31,0,1,0.0,103.09,103.09,1,1,0.736409743553111,4
25.088663,67.017415,116.31,144,1,1,0,5,39,28,7,1,31,0,1,0.0,116.31,116.31,1,1,0.8308450603614543,4
24.99523,66.935886,65.39,335,1,1,0,2,31,28,7,1,31,0,1,0.0,65.39,65.39,1,0,0.4671047931995142,3
25.002035,67.143625,82.7,126,1,1,0,1,16,28,7,1,31,0,1,0.0,82.7,82.7,1,0,0.5907564826059004,3
24.89603,67.066798,74.15,60,1,1,0,20,38,27,7,0,31,0,1,0.0,74.15,74.15,1,0,0.5296806914779627,3
24.873801,67.230755,120.58,192,1,1,0,12,55,27,7,0,31,0,0,0.0,120.58,120.58,1,1,0.8613472390885063,4
25.043099,66.940867,23.87,102,1,1,0,4,21,28,7,1,31,0,1,0.0,23.87,23.87,1,0,0.17051217944138866,1
24.847392,67.172236,53.77,161,1,1,0,20,58,27,7,0,31,0,1,0.0,53.77,53.77,1,0,0.38409886420458605,2
24.969122,67.171901,94.52,226,1,1,0,10,28,28,7,1,31,0,0,0.0,94.52,94.52,1,0,0.6751910850775055,4
24.794107,66.944244,38.35,169,1,1,0,22,54,27,7,0,31,0,1,0.0,38.35,38.35,1,0,0.27394813915279664,2
24.781737,66.934862,66.11,205,1,1,0,8,8,28,7,1,31,0,0,0.0,66.11,66.11,1,0,0.4722480177155511,3
25.002897,67.080476,110.77,255,1,1,0,1,44,28,7,1,31,0,1,0.0,110.77,110.77,1,1,0.791270805057504,4
24.872857,66.938507,103.95,211,1,1,0,3,46,28,7,1,31,0,1,0.0,103.95,103.95,1,1,0.7425530395028216,4
25.083753,67.168708,57.82,243,1,1,0,8,55,28,7,1,31,0,0,0.0,57.82,57.82,1,0,0.41302950210729333,2
24.802203,67.090151,79.98,356,1,1,0,5,16,28,7,1,31,0,1,0.0,79.98,79.98,1,0,0.5713265233230945,3
24.822873,67.045625,131.47,258,1,1,0,0,33,28,7,1,31,0,1,0.0,131.47,131.47,1,1,0.9391385098935637,4
24.837507,67.066525,19.48,102,1,1,0,0,23,28,7,1,31,0,1,0.0,19.48,19.48,1,0,0.13915279662833058,1
24.939327,67.141151,82.12,359,1,1,0,3,29,28,7,1,31,0,1,0.0,82.12,82.12,1,0,0.5866133295235374,3
25.042079,67.273518,136.66,253,1,1,0,15,3,27,7,0,31,0,0,0.0,136.66,136.66,1,1,0.9762125866133294,4
25.040803,66.961259,128.39,142,1,1,0,3,25,28,7,1,31,0,1,0.0,128.39,128.39,1,1,0.9171369383527394,4
24.917364,66.958973,60.42,164,1,1,0,9,8,28,7,1,31,0,0,0.0,60.42,60.42,1,0,0.43160225730409313,3
24.824464,67.236274,139.89,144,1,1,0,9,41,28,7,1,31,0,0,0.0,139.89,139.89,1,1,0.9992856632616613,4
24.892323,66.934538,126.59,304,1,1,0,8,11,28,7,1,31,0,0,0.0,126.59,126.59,1,1,0.9042788770626473,4
24.754974,67.0718,24.81,168,1,1,0,11,48,27,7,0,31,0,0,0.0,24.81,24.81,1,0,0.17722694478177012,1
25.025526,67.052214,38.03,359,1,1,0,21,45,27,7,0,31,0,1,0.0,38.03,38.03,1,0,0.2716622615901136,2
24.958463,67.287568,84.72,167,1,1,0,10,16,28,7,1,31,0,0,0.0,84.72,84.72,1,0,0.6051860847203371,3
24.953768,66.976121,106.51,80,1,1,0,16,31,27,7,0,31,0,0,0.0,106.51,106.51,1,1,0.7608400600042861,4
24.758053,66.95141,120.61,54,1,1,0,2,30,28,7,1,31,0,1,0.0,120.61,120.61,1,1,0.8615615401100079,4
24.769036,67.200417,93.94,281,1,1,0,18,33,27,7,0,31,0,0,0.0,93.94,93.94,1,0,0.6710479319951425,4
24.989879,67.123162,68.61,222,1,1,0,11,36,27,7,0,31,0,0,0.0,68.61,68.61,1,0,0.4901064361740124,3
24.759179,67.081992,63.83,161,1,1,0,10,47,28,7,1,31,0,0,0.0,63.83,63.83,1,0,0.45596114008143435,3
24.95887,67.040293,65.41,152,1,1,0,8,8,28,7,1,31,0,0,0.0,65.41,65.41,1,0,0.46724766054718186,3
24.842742,67.296651,47.53,170,1,1,0,17,56,27,7,0,31,0,0,0.0,47.53,47.53,1,0,0.3395242517322666,2
24.890999,67.23737,26.95,109,1,1,0,11,25,27,7,0,31,0,0,0.0,26.95,26.95,1,0,0.192513750982213,1
24.823141,67.077431,89.78,8,1,1,0,18,16,27,7,0,31,0,0,0.0,89.78,89.78,1,0,0.6413315236802628,3
25.079733,67.137364,78.52,42,1,1,0,6,12,28,7,1,31,0,0,0.0,78.52,78.52,1,0,0.560897206943353,3
25.035201,66.911786,123.01,284,1,1,0,1,9,28,7,1,31,0,1,0.0,123.01,123.01,1,1,0.8787056218301307,4
24.871452,67.028107,25.28,116,1,1,0,5,25,28,7,1,31,0,1,0.0,25.28,25.28,1,0,0.18058432745196085,1
24.917709,66.962433,24.65,249,1,1,0,5,39,28,7,1,31,0,1,0.0,24.65,24.65,1,0,0.1760840060004286,1
24.946338,67.206973,31.66,318,1,1,0,13,0,27,7,0,31,0,0,0.0,31.66,31.66,1,0,0.22615901135795413,2
24.770606,67.201502,96.6,359,1,1,0,16,11,27,7,0,31,0,0,0.0,96.6,96.6,1,0,0.6900492892349452,4
24.891954,67.095515,99.7,328,1,1,0,6,7,28,7,1,31,0,0,0.0,99.7,99.7,1,0,0.7121937281234374,4
24.926712,67.227989,87.86,68,1,1,0,9,41,28,7,1,31,0,0,0.0,87.86,87.86,1,0,0.6276162583041646,3
24.974885,66.979645,107.92,21,1,1,0,10,1,28,7,1,31,0,0,0.0,107.92,107.92,1,1,0.7709122080148582,4
24.955093,67.099365,70.3,295,1,1,0,22,36,27,7,0,31,0,1,0.0,70.3,70.3,1,0,0.5021787270519322,3
24.847683,66.924179,74.01,249,1,1,0,1,52,28,7,1,31,0,1,0.0,74.01,74.01,1,0,0.5286806200442888,3
25.069469,67.237072,6.96,170,1,1,0,21,39,27,7,0,31,0,1,0.0,6.96,6.96,1,0,0.04971783698835631,1
24.9759,67.103124,91.82,40,1,1,0,3,41,28,7,1,31,0,1,0.0,91.82,91.82,1,0,0.6559039931423672,4
24.798407,67.205583,32.97,43,1,1,0,0,15,28,7,1,31,0,1,0.0,32.97,32.97,1,0,0.23551682263018786,2
25.08567,67.040061,30.66,64,1,1,0,15,38,27,7,0,31,0,0,0.0,30.66,30.66,1,0,0.2190156439745696,2
24.875916,67.11665,129.59,274,1,1,0,19,18,27,7,0,31,0,0,0.0,129.59,129.59,1,1,0.9257089792128009,4
25.027886,67.039334,67.84,243,1,1,0,11,22,27,7,0,31,0,0,0.0,67.84,67.84,1,0,0.48460604328880635,3
24.752384,67.277488,112.27,358,1,1,0,19,8,27,7,0,31,0,0,0.0,112.27,112.27,1,1,0.8019858561325808,4
24.848294,67.298037,25.31,47,1,1,0,19,31,27,7,0,31,0,0,0.0,25.31,25.31,1,0,0.18079862847346237,1
24.916633,67.184737,77.72,229,1,1,0,10,43,28,7,1,31,0,0,0.0,77.72,77.72,1,0,0.5551825130366455,3
25.002721,66.903189,129.34,233,1,1,0,3,12,28,7,1,31,0,1,0.0,129.34,129.34,1,1,0.9239231373669547,4
24.973032,66.96244,9.02,278,1,1,0,11,36,27,7,0,31,0,0,0.0,9.02,9.02,1,0,0.06443317379812843,1
24.922935,67.1868,44.54,61,1,1,0,23,37,27,7,0,31,0,1,0.0,44.54,44.54,1,0,0.31816558325594685,2
25.003366,67.020935,29.43,260,1,1,0,15,46,27,7,0,31,0,0,0.0,29.43,29.43,1,0,0.21022930209300664,1
24.999359,67.201281,88.95,164,1,1,0,16,8,27,7,0,31,0,0,0.0,88.95,88.95,1,0,0.6354025287520537,3
24.921618,67.065512,62.64,24,1,1,0,8,16,28,7,1,31,0,0,0.0,62.64,62.64,1,0,0.44746053289520676,3
24.761162,67.173415,131.81,343,1,1,0,10,51,28,7,1,31,0,0,0.0,131.81,131.81,1,1,0.9415672548039146,4
24.79075,67.183906,45.28,340,1,1,0,0,32,28,7,1,31,0,1,0.0,45.28,45.28,1,0,0.3234516751196514,2
24.829901,67.101259,95.21,75,1,1,0,7,55,28,7,1,31,0,0,0.0,95.21,95.21,1,0,0.6801200085720408,4
24.968236,67.126948,72.14,198,1,1,0,4,19,28,7,1,31,0,1,0.0,72.14,72.14,1,0,0.5153225230373598,3
24.898017,67.253805,134.33,266,1,1,0,16,51,27,7,0,31,0,0,0.0,134.33,134.33,1,1,0.9595685406100436,4
24.800135,66.981505,94.71,322,1,1,0,1,32,28,7,1,31,0,1,0.0,94.71,94.71,1,0,0.6765483248803486,4
25.07857,67.249879,125.63,271,1,1,0,4,0,28,7,1,31,0,1,0.0,125.63,125.63,1,1,0.8974212443745981,4
25.013738,67.238595,104.75,11,1,1,0,5,10,28,7,1,31,0,1,0.0,104.75,104.75,1,1,0.7482677334095292,4
25.026362,67.113962,136.84,27,1,1,0,10,35,28,7,1,31,0,0,0.0,136.84,136.84,1,1,0.9774983927423387,4
25.080533,67.183405,71.95,335,1,1,0,5,44,28,7,1,31,0,1,0.0,71.95,71.95,1,0,0.5139652832345167,3
25.084795,67.13091,9.25,100,1,1,0,10,58,28,7,1,31,0,0,0.0,9.25,9.25,1,0,0.06607614829630687,1
25.05688,67.044036,78.04,218,1,1,0,21,21,27,7,0,31,0,1,0.0,78.04,78.04,1,0,0.5574683905993285,3
24.951048,66.971968,130.73,145,1,1,0,7,4,28,7,1,31,0,0,0.0,130.73,130.73,1,1,0.9338524180298592,4
25.022811,67.217502,19.5,30,1,1,0,16,15,27,7,0,31,0,0,0.0,19.5,19.5,1,0,0.13929566397599827,1
24.773853,67.247377,19.25,137,1,1,0,20,34,27,7,0,31,0,1,0.0,19.25,19.25,1,0,0.13750982213015214,1
24.756385,66.940705,42.27,205,1,1,0,13,45,27,7,0,31,0,0,0.0,42.27,42.27,1,0,0.301950139295664,2
24.849435,66.987578,136.54,134,1,1,0,5,0,28,7,1,31,0,1,0.0,136.54,136.54,1,1,0.9753553825273232,4
24.92062,67.254562,9.39,80,1,1,0,13,8,27,7,0,31,0,0,0.0,9.39,9.39,1,0,0.06707621972998071,1
25.034549,67.051143,4.73,205,1,1,0,6,34,28,7,1,31,0,0,0.0,4.73,4.73,1,0,0.03378812772340881,1
25.023986,67.286451,64.69,186,1,1,0,16,55,27,7,0,31,0,0,0.0,64.69,64.69,1,0,0.46210443603114504,3
24.785046,67.282566,55.69,306,1,1,0,21,17,27,7,0,31,0,1,0.0,55.69,55.69,1,0,0.3978141295806843,2
24.975403,67.273116,87.84,264,1,1,0,17,24,27,7,0,31,0,0,0.0,87.84,87.84,1,0,0.6274733909564969,3
25.079113,67.246198,12.98,264,1,1,0,8,24,28,7,1,31,0,0,0.0,12.98,12.98,1,0,0.09272090863633116,1
24.91507,67.181203,111.36,300,1,1,0,5,14,28,7,1,31,0,1,0.0,111.36,111.36,1,1,0.7954853918137009,4
25.057932,67.240673,5.96,205,1,1,0,6,48,28,7,1,31,0,0,0.0,5.96,5.96,1,0,0.04257446960497178,1
24.815061,67.278829,28.68,104,1,1,0,0,58,28,7,1,31,0,1,0.0,28.68,28.68,1,0,0.20487177655546823,1
24.801462,67.24332,85.0,32,1,1,0,16,27,27,7,0,31,0,0,0.0,85.0,85.0,1,0,0.6071862275876848,3
24.997741,67.289844,121.04,316,1,1,0,18,6,27,7,0,31,0,0,0.0,121.04,121.04,1,1,0.8646331880848632,4
25.015621,67.214931,86.23,39,1,1,0,20,13,27,7,0,31,0,1,0.0,86.23,86.23,1,0,0.6159725694692478,3
25.043574,67.191204,135.87,234,1,1,0,11,10,28,7,1,31,0,0,0.0,135.87,135.87,1,1,0.9705693263804557,4
24.888792,67.154191,75.16,337,1,1,0,2,5,28,7,1,31,0,1,0.0,75.16,75.16,1,0,0.536895492535181,3
25.038194,67.113838,89.94,0,1,1,0,11,44,27,7,0,31,0,0,0.0,89.94,89.94,1,0,0.6424744624616043,3
24.858046,67.146455,119.37,82,1,1,0,20,40,27,7,0,31,0,1,0.0,119.37,119.37,1,1,0.852703764554611,4
24.829629,66.924393,57.96,198,1,1,0,16,19,27,7,0,31,0,0,0.0,57.96,57.96,1,0,0.4140295735409672,2
24.77492,67.15756,125.1,193,1,1,0,1,59,28,7,1,31,0,1,0.0,125.1,125.1,1,1,0.8936352596614043,4
25.037093,67.203377,45.2,281,1,1,0,8,59,28,7,1,31,0,0,0.0,45.2,45.2,1,0,0.32288020572898063,2
25.01708,67.129569,132.84,271,1,1,0,21,59,27,7,0,31,0,1,0.0,132.84,132.84,1,1,0.9489249232088006,4
25.097847,67.255503,116.01,282,1,1,0,14,53,27,7,0,31,0,0,0.0,116.01,116.01,1,1,0.828702050146439,4
24.847474,67.192913,31.91,310,1,1,0,17,38,27,7,0,31,0,0,0.0,31.91,31.91,1,0,0.22794485320380026,2
24.899508,67.261884,58.75,300,1,1,0,9,13,28,7,1,31,0,0,0.0,58.75,58.75,1,0,0.41967283377384096,2
25.076293,67.228194,128.63,291,1,1,0,18,39,27,7,0,31,0,0,0.0,128.63,128.63,1,1,0.9188513465247516,4
24.837442,67.128272,58.4,39,1,1,0,9,28,28,7,1,31,0,0,0.0,58.4,58.4,1,0,0.41717265518965635,2
25.043505,66.96908,98.6,322,1,1,0,7,59,28,7,1,31,0,0,0.0,98.6,98.6,1,0,0.7043360240017144,4
25.066235,67.084118,3.02,101,1,1,0,5,43,28,7,1,31,0,1,0.0,3.02,3.02,1,0,0.02157296949782127,1
25.096471,66.99082,43.84,256,1,1,0,0,40,28,7,1,31,0,1,0.0,43.84,43.84,1,0,0.3131652260875777,2
25.017832,67.111008,56.89,35,1,1,0,20,39,27,7,0,31,0,1,0.0,56.89,56.89,1,0,0.40638617044074576,2
24.776873,66.986025,22.39,256,1,1,0,21,59,27,7,0,31,0,1,0.0,22.39,22.39,1,0,0.15993999571397957,1
24.945004,67.22381,77.33,83,1,1,0,7,12,28,7,1,31,0,0,0.0,77.33,77.33,1,0,0.5523965997571254,3
24.896132,67.10481,25.04,69,1,1,0,4,23,28,7,1,31,0,1,0.0,25.04,25.04,1,0,0.17886991927994855,1
24.910209,66.977662,24.93,183,1,1,0,1,31,28,7,1,31,0,1,0.0,24.93,24.93,1,0,0.17808414886777627,1
24.812831,67.059286,36.54,264,1,1,0,7,28,28,7,1,31,0,0,0.0,36.54,36.54,1,0,0.2610186441888706,2
24.862233,67.020706,83.71,73,1,1,0,16,22,27,7,0,31,0,0,0.0,83.71,83.71,1,0,0.5979712836631187,3
25.027883,67.018041,96.75,238,1,1,0,2,14,28,7,1,31,0,1,0.0,96.75,96.75,1,0,0.691120794342453,4
24.888532,66.903239,3.07,351,1,1,0,9,33,28,7,1,31,0,0,0.0,3.07,3.07,1,0,0.021930137866990496,1
24.9621,67.018924,107.99,65,1,1,0,7,32,28,7,1,31,0,0,0.0,107.99,107.99,1,1,0.771412243731695,4
24.993614,67.015787,120.56,139,1,1,0,16,43,27,7,0,31,0,0,0.0,120.56,120.56,1,1,0.8612043717408386,4
24.957322,66.95389,34.11,262,1,1,0,9,55,28,7,1,31,0,0,0.0,34.11,34.11,1,0,0.2436602614472462,2
25.021426,67.077813,101.72,310,1,1,0,17,38,27,7,0,31,0,0,0.0,101.72,101.72,1,1,0.7266233302378741,4
24.895451,67.262382,92.04,104,1,1,0,5,23,28,7,1,31,0,1,0.0,92.04,92.04,1,0,0.6574755339667119,4
24.99407,67.036745,126.22,187,1,1,0,18,6,27,7,0,31,0,0,0.0,126.22,126.22,1,1,0.901635831130795,4
24.855987,67.009869,9.56,28,1,1,0,22,32,27,7,0,31,0,1,0.0,9.56,9.56,1,0,0.06829059218515608,1
24.921801,67.017826,66.7,219,1,1,0,4,31,28,7,1,31,0,1,0.0,66.7,66.7,1,0,0.476462604471748,3
24.956378,66.907207,89.96,52,1,1,0,5,53,28,7,1,31,0,1,0.0,89.96,89.96,1,0,0.642617329809272,3
24.978052,67.001453,50.72,274,1,1,0,19,55,27,7,0,31,0,0,0.0,50.72,50.72,1,0,0.3623115936852632,2
24.833795,66.998986,51.75,335,1,1,0,13,45,27,7,0,31,0,0,0.0,51.75,51.75,1,0,0.3696692620901493,2
24.769571,67.284294,79.33,152,1,1,0,16,1,27,7,0,31,0,0,0.0,79.33,79.33,1,0,0.5666833345238945,3
25.00094,67.211537,101.87,93,1,1,0,18,25,27,7,0,31,0,0,0.0,101.87,101.87,1,1,0.7276948353453818,4
24.844982,66.936053,31.96,217,1,1,0,11,21,27,7,0,31,0,0,0.0,31.96,31.96,1,0,0.2283020215729695,2
24.779652,67.123569,18.05,329,1,1,0,23,23,27,7,0,31,0,1,0.0,18.05,18.05,1,0,0.12893778127009073,1
25.024697,67.225412,59.94,30,1,1,0,14,35,27,7,0,31,0,0,0.0,59.94,59.94,1,0,0.42817344096006854,2
25.090953,66.933436,82.31,30,1,1,0,23,3,27,7,0,31,0,1,0.0,82.31,82.31,1,0,0.5879705693263805,3
24.922453,66.916635,57.37,224,1,1,0,6,24,28,7,1,31,0,0,0.0,57.37,57.37,1,0,0.4098149867847703,2
24.832415,67.122936,86.2,280,1,1,0,22,47,27,7,0,31,0,1,0.0,86.2,86.2,1,0,0.6157582684477463,3
24.890108,67.242997,1.02,181,1,1,0,22,13,27,7,0,31,0,1,0.0,1.02,1.02,1,0,0.007286234731052218,1
24.998972,67.23595,132.37,286,1,1,0,19,16,27,7,0,31,0,0,0.0,132.37,132.37,1,1,0.9455675405386099,4
24.800543,67.154837,75.1,89,1,1,0,21,12,27,7,0,31,0,1,0.0,75.1,75.1,1,0,0.5364668904921779,3
24.786436,67.216985,98.36,281,1,1,0,20,43,27,7,0,31,0,1,0.0,98.36,98.36,1,0,0.7026216158297021,4
25.057263,67.005655,121.45,335,1,1,0,17,40,27,7,0,31,0,0,0.0,121.45,121.45,1,1,0.8675619687120508,4
24.963127,67.211892,118.53,252,1,1,0,19,39,27,7,0,31,0,0,0.0,118.53,118.53,1,1,0.846703335952568,4
24.886038,67.250021,7.13,93,1,1,0,4,46,28,7,1,31,0,1,0.0,7.13,7.13,1,0,0.050932209443531676,1
25.098464,67.009084,9.34,247,1,1,0,6,45,28,7,1,31,0,0,0.0,9.34,9.34,1,0,0.06671905136081148,1
24.817363,67.153747,121.78,72,1,1,0,3,55,28,7,1,31,0,1,0.0,121.78,121.78,1,1,0.8699192799485677,4
24.973708,67.134533,21.83,118,1,1,0,8,42,28,7,1,31,0,0,0.0,21.83,21.83,1,0,0.15593970997928422,1
24.816338,67.220679,43.28,292,1,1,0,14,25,27,7,0,31,0,0,0.0,43.28,43.28,1,0,0.30916494035288233,2
24.795819,67.290685,52.62,309,1,1,0,3,54,28,7,1,31,0,1,0.0,52.62,52.62,1,0,0.3758839917136938,2
24.768218,67.071917,35.56,281,1,1,0,4,40,28,7,1,31,0,1,0.0,35.56,35.56,1,0,0.25401814415315377,2
25.010962,67.133744,49.65,158,1,1,0,17,34,27,7,0,31,0,0,0.0,49.65,49.65,1,0,0.35466819058504173,2
25.001522,67.178785,80.23,53,1,1,0,13,51,27,7,0,31,0,0,0.0,80.23,80.23,1,0,0.5731123651689406,3
25.03051,66.98121,22.71,60,1,1,0,20,4,27,7,0,31,0,1,0.0,22.71,22.71,1,0,0.1622258732766626,1
24.831135,67.046253,22.53,331,1,1,0,20,49,27,7,0,31,0,1,0.0,22.53,22.53,1,0,0.1609400671476534,1
24.831231,66.905444,52.63,196,1,1,0,8,40,28,7,1,31,0,0,0.0,52.63,52.63,1,0,0.3759554253875277,2
24.915399,66.918071,0.14,8,1,1,0,14,41,27,7,0,31,0,0,0.0,0.14,0.14,1,0,0.0010000714336738338,1
25.011058,67.172278,88.58,252,1,1,0,13,39,27,7,0,31,0,0,0.0,88.58,88.58,1,0,0.6327594828202013,3
25.091269,67.189122,10.87,178,1,1,0,11,32,27,7,0,31,0,0,0.0,10.87,10.87,1,0,0.0776484034573898,1
24.928039,67.192319,134.7,245,1,1,0,17,13,27,7,0,31,0,0,0.0,134.7,134.7,1,1,0.9622115865418958,4
25.01214,67.118056,110.27,69,1,1,0,19,47,27,7,0,31,0,0,0.0,110.27,110.27,1,1,0.7876991213658118,4
24.985889,67.008841,22.04,338,1,1,0,19,54,27,7,0,31,0,0,0.0,22.04,22.04,1,0,0.15743981712979496,1
24.853085,67.146396,19.68,71,1,1,0,8,34,28,7,1,31,0,0,0.0,19.68,19.68,1,0,0.1405814701050075,1
24.875689,67.117807,138.52,248,1,1,0,22,49,27,7,0,31,0,1,0.0,138.52,138.52,1,1,0.9894992499464248,4
24.869848,67.141748,56.21,108,1,1,0,18,0,27,7,0,31,0,0,0.0,56.21,56.21,1,0,0.40152868062004426,2
25.082803,67.274266,114.06,275,1,1,0,22,4,27,7,0,31,0,1,0.0,114.06,114.06,1,1,0.8147724837488391,4
25.091119,67.037866,39.71,93,1,1,0,19,36,27,7,0,31,0,0,0.0,39.71,39.71,1,0,0.2836631187941996,2
25.066508,67.24945,34.82,216,1,1,0,1,2,28,7,1,31,0,1,0.0,34.82,34.82,1,0,0.24873205228944922,2
24.952271,66.985096,84.06,336,1,1,0,17,47,27,7,0,31,0,0,0.0,84.06,84.06,1,0,0.6004714622473034,3
24.772033,66.904039,118.01,2,1,1,0,16,30,27,7,0,31,0,0,0.0,118.01,118.01,1,1,0.8429887849132081,4
24.934165,67.214049,109.71,141,1,1,0,10,5,28,7,1,31,0,0,0.0,109.71,109.71,1,1,0.7836988356311164,4
24.982565,67.022961,103.41,157,1,1,0,20,18,27,7,0,31,0,1,0.0,103.41,103.41,1,1,0.7386956211157939,4
24.986513,67.035972,56.46,349,1,1,0,4,32,28,7,1,31,0,1,0.0,56.46,56.46,1,0,0.4033145224658904,2
24.769026,67.174479,33.99,108,1,1,0,23,13,27,7,0,31,0,1,0.0,33.99,33.99,1,0,0.24280305736124008,2
24.783613,66.949537,93.45,308,1,1,0,10,58,28,7,1,31,0,0,0.0,93.45,93.45,1,0,0.6675476819772841,4
25.041804,67.02155,79.67,107,1,1,0,19,42,27,7,0,31,0,0,0.0,79.67,79.67,1,0,0.5691120794342452,3
24.807284,67.071188,114.03,149,1,1,0,4,39,28,7,1,31,0,1,0.0,114.03,114.03,1,1,0.8145581827273376,4
24.779847,67.197421,92.93,189,1,1,0,0,40,28,7,1,31,0,1,0.0,92.93,92.93,1,0,0.6638331309379242,4
24.841231,67.281327,30.01,147,1,1,0,3,53,28,7,1,31,0,1,0.0,30.01,30.01,1,0,0.21437245517536965,2
25.004278,67.294782,33.79,56,1,1,0,9,10,28,7,1,31,0,0,0.0,33.79,33.79,1,0,0.24137438388456317,2
24.76985,67.173905,20.07,209,1,1,0,16,29,27,7,0,31,0,0,0.0,20.07,20.07,1,0,0.14336738338452745,1
24.831838,66.984338,81.92,72,1,1,0,5,22,28,7,1,31,0,1,0.0,81.92,81.92,1,0,0.5851846560468604,3
24.978555,67.184173,48.11,309,1,1,0,11,52,27,7,0,31,0,0,0.0,48.11,48.11,1,0,0.3436674048146296,2
24.894211,67.275236,89.58,312,1,1,0,9,58,28,7,1,31,0,0,0.0,89.58,89.58,1,0,0.639902850203586,3
24.875578,66.987528,103.03,249,1,1,0,2,54,28,7,1,31,0,1,0.0,103.03,103.03,1,1,0.7359811415101079,4
24.991386,67.224142,134.85,332,1,1,0,9,44,28,7,1,31,0,0,0.0,134.85,134.85,1,1,0.9632830916494034,4
25.022488,66.923436,30.66,241,1,1,0,16,4,27,7,0,31,0,0,0.0,30.66,30.66,1,0,0.2190156439745696,2
24.96607,67.069221,87.84,155,1,1,0,9,3,28,7,1,31,0,0,0.0,87.84,87.84,1,0,0.6274733909564969,3
24.800373,67.071857,6.31,109,1,1,0,9,15,28,7,1,31,0,0,0.0,6.31,6.31,1,0,0.04507464818915636,1
24.926592,67.158056,128.29,182,1,1,0,8,21,28,7,1,31,0,0,0.0,128.29,128.29,1,1,0.9164226016144009,4
24.865624,66.941178,133.27,10,1,1,0,17,7,27,7,0,31,0,0,0.0,133.27,133.27,1,1,0.951996571183656,4
25.082361,67.295804,62.66,166,1,1,0,5,11,28,7,1,31,0,1,0.0,62.66,62.66,1,0,0.4476034002428744,3
25.049941,67.095685,119.7,110,1,1,0,13,48,27,7,0,31,0,0,0.0,119.7,119.7,1,1,0.8550610757911279,4
24.821276,67.240375,23.42,311,1,1,0,12,55,27,7,0,31,0,0,0.0,23.42,23.42,1,0,0.16729766411886562,1
24.995431,67.096936,50.14,247,1,1,0,2,8,28,7,1,31,0,1,0.0,50.14,50.14,1,0,0.3581684406029002,2
24.843549,66.911481,130.17,257,1,1,0,18,20,27,7,0,31,0,0,0.0,130.17,130.17,1,1,0.9298521322951638,4
24.946694,67.094546,15.96,174,1,1,0,22,25,27,7,0,31,0,1,0.0,15.96,15.96,1,0,0.11400814343881706,1
24.808256,67.188242,120.16,342,1,1,0,6,40,28,7,1,31,0,0,0.0,120.16,120.16,1,1,0.8583470247874847,4
24.947131,66.925314,38.24,354,1,1,0,5,46,28,7,1,31,0,1,0.0,38.24,38.24,1,0,0.27316236874062433,2
24.890818,66.911196,7.16,81,1,1,0,16,57,27,7,0,31,0,0,0.0,7.16,7.16,1,0,0.05114651046503321,1
24.764983,66.98271,8.8,184,1,1,0,21,13,27,7,0,31,0,1,0.0,8.8,8.8,1,0,0.06286163297378385,1
24.818781,67.163945,12.09,279,1,1,0,21,45,27,7,0,31,0,1,0.0,12.09,12.09,1,0,0.08636331166511893,1
24.886954,66.956084,89.26,185,1,1,0,1,11,28,7,1,31,0,1,0.0,89.26,89.26,1,0,0.6376169726409029,3
24.931938,67.00469,86.38,344,1,1,0,0,45,28,7,1,31,0,1,0.0,86.38,86.38,1,0,0.6170440745767554,3
25.004372,67.206381,96.67,106,1,1,0,21,7,27,7,0,31,0,1,0.0,96.67,96.67,1,0,0.6905493249517822,4
25.014801,67.08849,118.87,119,1,1,0,7,52,28,7,1,31,0,0,0.0,118.87,118.87,1,1,0.8491320808629188,4
25.078422,67.208918,71.09,12,1,1,0,22,17,27,7,0,31,0,1,0.0,71.09,71.09,1,0,0.5078219872848061,3
24.79822,67.075181,60.16,315,1,1,0,21,57,27,7,0,31,0,1,0.0,60.16,60.16,1,0,0.4297449817844131,3
24.94019,67.058901,73.46,169,1,1,0,19,7,27,7,0,31,0,0,0.0,73.46,73.46,1,0,0.5247517679834273,3
24.933273,67.268877,96.24,70,1,1,0,7,33,28,7,1,31,0,0,0.0,96.24,96.24,1,0,0.6874776769769269,4
24.810337,67.164276,18.2,16,1,1,0,20,32,27,7,0,31,0,1,0.0,18.2,18.2,1,0,0.1300092863775984,1
24.833341,67.026284,137.27,188,1,1,0,0,19,28,7,1,31,0,1,0.0,137.27,137.27,1,1,0.9805700407171941,4
24.842685,67.215849,5.67,193,1,1,0,6,15,28,7,1,31,0,0,0.0,5.67,5.67,1,0,0.04050289306379027,1
24.981518,67.195732,92.66,297,1,1,0,9,51,28,7,1,31,0,0,0.0,92.66,92.66,1,0,0.6619044217444102,4
24.847484,67.028515,24.41,302,1,1,0,13,22,27,7,0,31,0,0,0.0,24.41,24.41,1,0,0.1743695978284163,1
24.78794,67.15305,47.11,309,1,1,0,13,12,27,7,0,31,0,0,0.0,47.11,47.11,1,0,0.33652403743124504,2
24.969035,67.196914,100.26,247,1,1,0,16,4,27,7,0,31,0,0,0.0,100.26,100.26,1,1,0.7161940138581327,4
24.802413,67.298582,43.87,277,1,1,0,3,59,28,7,1,31,0,1,0.0,43.87,43.87,1,0,0.3133795271090792,2
24.805358,67.196966,85.75,310,1,1,0,3,46,28,7,1,31,0,1,0.0,85.75,85.75,1,0,0.6125437531252232,3
24.929827,66.95629,68.05,146,1,1,0,10,37,28,7,1,31,0,0,0.0,68.05,68.05,1,0,0.48610615043931704,3
24.853183,67.010774,126.64,263,1,1,0,16,32,27,7,0,31,0,0,0.0,126.64,126.64,1,1,0.9046360454318165,4
24.833515,67.132049,13.29,309,1,1,0,19,59,27,7,0,31,0,0,0.0,13.29,13.29,1,0,0.09493535252518036,1
25.099287,67.085474,43.62,16,1,1,0,23,19,27,7,0,31,0,1,0.0,43.62,43.62,1,0,0.31159368526323306,2
25.010678,67.240439,47.83,293,1,1,0,6,16,28,7,1,31,0,0,0.0,47.83,47.83,1,0,0.3416672619472819,2
25.045342,67.219528,138.24,326,1,1,0,23,36,27,7,0,31,0,1,0.0,138.24,138.24,1,1,0.9874991070790771,4
24.949386,67.131568,56.53,20,1,1,0,12,48,27,7,0,31,0,0,0.0,56.53,56.53,1,0,0.4038145581827273,2
24.860396,67.259248,118.72,294,1,1,0,1,20,28,7,1,31,0,1,0.0,118.72,118.72,1,1,0.848060575755411,4
24.839376,67.073757,5.1,98,1,1,0,2,12,28,7,1,31,0,1,0.0,5.1,5.1,1,0,0.036431173655261086,1
24.757138,66.90816,7.08,22,1,1,0,5,6,28,7,1,31,0,1,0.0,7.08,7.08,1,0,0.050575041074362455,1
24.97468,67.23874,104.28,191,1,1,0,21,29,27,7,0,31,0,1,0.0,104.28,104.28,1,1,0.7449103507393385,4
24.855178,67.109071,58.38,272,1,1,0,6,7,28,7,1,31,0,0,0.0,58.38,58.38,1,0,0.4170297878419887,2
24.915149,66.978507,78.96,125,1,1,0,23,31,27,7,0,31,0,1,0.0,78.96,78.96,1,0,0.5640402885920422,3
24.910918,67.085569,16.28,337,1,1,0,21,12,27,7,0,31,0,1,0.0,16.28,16.28,1,0,0.1162940210015001,1
24.982242,67.244148,117.39,166,1,1,0,18,0,27,7,0,31,0,0,0.0,117.39,117.39,1,1,0.8385598971355096,4
24.891246,67.097608,74.15,252,1,1,0,6,51,28,7,1,31,0,0,0.0,74.15,74.15,1,0,0.5296806914779627,3
25.047537,67.218271,88.88,203,1,1,0,3,25,28,7,1,31,0,1,0.0,88.88,88.88,1,0,0.6349024930352167,3
24.981616,67.077476,40.93,71,1,1,0,13,29,27,7,0,31,0,0,0.0,40.93,40.93,1,0,0.29237802700192866,2
24.912128,66.954108,80.16,215,1,1,0,18,9,27,7,0,31,0,0,0.0,80.16,80.16,1,0,0.5726123294521036,3
24.891406,67.263071,87.81,60,1,1,0,17,20,27,7,0,31,0,0,0.0,87.81,87.81,1,0,0.6272590899349954,3
24.833455,67.244581,51.74,62,1,1,0,9,29,28,7,1,31,0,0,0.0,51.74,51.74,1,0,0.36959782841631544,2
25.078166,66.966701,90.75,343,1,1,0,5,22,28,7,1,31,0,1,0.0,90.75,90.75,1,0,0.6482605900421459,4
25.040136,67.19551,113.85,350,1,1,0,16,11,27,7,0,31,0,0,0.0,113.85,113.85,1,1,0.8132723765983284,4
24.983173,66.939557,86.22,133,1,1,0,7,33,28,7,1,31,0,0,0.0,86.22,86.22,1,0,0.615901135795414,3
24.799258,67.059149,37.96,125,1,1,0,3,54,28,7,1,31,0,1,0.0,37.96,37.96,1,0,0.27116222587327665,2
25.079108,66.985141,95.89,89,1,1,0,3,23,28,7,1,31,0,1,0.0,95.89,95.89,1,0,0.6849774983927422,4
24.985112,67.177886,24.48,119,1,1,0,17,1,27,7,0,31,0,0,0.0,24.48,24.48,1,0,0.17486963354525323,1
24.819488,67.191544,31.04,199,1,1,0,19,42,27,7,0,31,0,0,0.0,31.04,31.04,1,0,0.2217301235802557,2
25.085857,66.984157,20.95,222,1,1,0,15,44,27,7,0,31,0,0,0.0,20.95,20.95,1,0,0.14965354668190584,1
24.971863,67.104067,32.81,293,1,1,0,2,21,28,7,1,31,0,1,0.0,32.81,32.81,1,0,0.23437388384884636,2
24.986921,67.147879,59.34,261,1,1,0,18,25,27,7,0,31,0,0,0.0,59.34,59.34,1,0,0.42388742053003786,2
24.789363,67.108342,122.96,158,1,1,0,19,35,27,7,0,31,0,0,0.0,122.96,122.96,1,1,0.8783484534609614,4
24.879704,67.259751,60.55,27,1,1,0,3,50,28,7,1,31,0,1,0.0,60.55,60.55,1,0,0.4325308950639331,3
25.011368,67.188638,56.1,40,1,1,0,19,34,27,7,0,31,0,0,0.0,56.1,56.1,1,0,0.40074291020787195,2
25.045861,66.924139,72.28,39,1,1,0,9,0,28,7,1,31,0,0,0.0,72.28,72.28,1,0,0.5163225944710336,3
24.939156,67.285403,120.66,129,1,1,0,4,58,28,7,1,31,0,1,0.0,120.66,120.66,1,1,0.861918708479177,4
25.07465,67.046995,130.54,332,1,1,0,16,27,27,7,0,31,0,0,0.0,130.54,130.54,1,1,0.9324951782270161,4
24.946518,67.14431,6.36,113,1,1,0,4,40,28,7,1,31,0,1,0.0,6.36,6.36,1,0,0.045431816558325594,1
24.834296,67.01262,70.69,86,1,1,0,4,58,28,7,1,31,0,1,0.0,70.69,70.69,1,0,0.5049646403314522,3
24.865965,67.060536,48.54,118,1,1,0,22,28,27,7,0,31,0,1,0.0,48.54,48.54,1,0,0.3467390527894849,2
24.755076,67.071244,66.29,126,1,1,0,2,19,28,7,1,31,0,1,0.0,66.29,66.29,1,0,0.47353382384456033,3
24.862668,66.912736,20.39,331,1,1,0,0,12,28,7,1,31,0,1,0.0,20.39,20.39,1,0,0.1456532609472105,1
25.076594,67.014366,37.2,341,1,1,0,1,42,28,7,1,31,0,1,0.0,37.2,37.2,1,0,0.26573326666190444,2
24.858579,67.238054,25.31,78,1,1,0,0,40,28,7,1,31,0,1,0.0,25.31,25.31,1,0,0.18079862847346237,1
24.902527,67.031813,118.98,164,1,1,0,4,36,28,7,1,31,0,1,0.0,118.98,118.98,1,1,0.849917851275091,4
24.778984,67.153507,91.69,259,1,1,0,10,7,28,7,1,31,0,0,0.0,91.69,91.69,1,0,0.6549753553825273,4
24.804495,67.177577,31.61,96,1,1,0,11,19,28,7,1,31,0,0,0.0,31.61,31.61,1,0,0.2258018429887849,2
25.059919,67.107836,8.26,212,1,1,0,1,47,28,7,1,31,0,1,0.0,8.26,8.26,1,0,0.05900421458675619,1
25.017058,66.944689,137.36,9,1,1,0,17,43,27,7,0,31,0,0,0.0,137.36,137.36,1,1,0.9812129437816988,4
24.848568,67.058623,18.15,67,1,1,0,3,38,28,7,1,31,0,1,0.0,18.15,18.15,1,0,0.12965211800842916,1
24.883701,67.026275,40.43,271,1,1,0,9,51,28,7,1,31,0,0,0.0,40.43,40.43,1,0,0.2888063433102364,2
25.039825,67.149159,14.7,25,1,1,0,8,25,28,7,1,31,0,0,0.0,14.7,14.7,1,0,0.10500750053575254,1
24.75232,66.934079,101.58,75,1,1,0,14,17,27,7,0,31,0,0,0.0,101.58,101.58,1,1,0.7256232588042002,4
24.867202,66.942362,5.65,33,1,1,0,16,19,27,7,0,31,0,0,0.0,5.65,5.65,1,0,0.04036002571612258,1
24.894407,67.139838,21.53,27,1,1,0,13,40,27,7,0,31,0,0,0.0,21.53,21.53,1,0,0.15379669976426888,1
24.957244,66.97363,64.38,221,1,1,0,19,30,27,7,0,31,0,0,0.0,64.38,64.38,1,0,0.4598899921422958,3
24.820372,67.125153,128.37,164,1,1,0,0,56,28,7,1,31,0,1,0.0,128.37,128.37,1,1,0.9169940710050718,4
24.79974,66.936408,49.8,271,1,1,0,13,57,27,7,0,31,0,0,0.0,49.8,49.8,1,0,0.35573969569254943,2
25.067998,67.020383,130.66,63,1,1,0,10,10,28,7,1,31,0,0,0.0,130.66,130.66,1,1,0.9333523823130223,4
25.068622,67.190411,89.85,164,1,1,0,2,34,28,7,1,31,0,1,0.0,89.85,89.85,1,0,0.6418315593970997,3
24.855778,66.983676,52.28,302,1,1,0,23,28,27,7,0,31,0,1,0.0,52.28,52.28,1,0,0.3734552468033431,2
25.008288,67.126669,69.18,314,1,1,0,20,15,27,7,0,31,0,1,0.0,69.18,69.18,1,0,0.49417815558254163,3
24.750525,66.981425,135.9,269,1,1,0,3,41,28,7,1,31,0,1,0.0,135.9,135.9,1,1,0.9707836274019572,4
25.009535,66.918178,10.72,41,1,1,0,11,47,27,7,0,31,0,0,0.0,10.72,10.72,1,0,0.07657689834988213,1
24.759527,66.900646,101.44,57,1,1,0,12,15,27,7,0,31,0,0,0.0,101.44,101.44,1,1,0.7246231873705264,4
24.993383,67.033149,134.76,32,1,1,0,14,10,27,7,0,31,0,0,0.0,134.76,134.76,1,1,0.9626401885848987,4
24.786968,66.900629,14.5,223,1,1,0,16,32,27,7,0,31,0,0,0.0,14.5,14.5,1,0,0.10357882705907565,1
24.840988,67.246242,4.71,183,1,1,0,16,59,27,7,0,31,0,0,0.0,4.71,4.71,1,0,0.03364526037574112,1
25.056889,67.248602,60.35,188,1,1,0,9,2,28,7,1,31,0,0,0.0,60.35,60.35,1,0,0.4311022215872562,3
25.063304,66.934304,26.35,240,1,1,0,13,54,27,7,0,31,0,0,0.0,26.35,26.35,1,0,0.1882277305521823,1
24.944058,66.997032,116.25,134,1,1,0,18,14,27,7,0,31,0,0,0.0,116.25,116.25,1,1,0.8304164583184512,4
24.754113,66.978852,56.03,322,1,1,0,3,21,28,7,1,31,0,1,0.0,56.03,56.03,1,0,0.40024287449103507,2
24.861447,66.955517,14.33,97,1,1,0,8,23,28,7,1,31,0,0,0.0,14.33,14.33,1,0,0.10236445460390027,1
25.089733,66.953144,88.75,24,1,1,0,4,31,28,7,1,31,0,1,0.0,88.75,88.75,1,0,0.6339738552753768,3
24.897191,67.107937,124.58,54,1,1,0,8,21,28,7,1,31,0,0,0.0,124.58,124.58,1,1,0.8899207086220443,4
24.968461,67.09854,122.83,347,1,1,0,14,3,27,7,0,31,0,0,0.0,122.83,122.83,1,1,0.8774198157011215,4
24.915622,66.964695,133.33,143,1,1,0,23,4,27,7,0,31,0,1,0.0,133.33,133.33,1,1,0.9524251732266591,4
24.976674,66.936292,18.58,245,1,1,0,0,15,28,7,1,31,0,1,0.0,18.58,18.58,1,0,0.1327237659832845,1
24.787323,67.211514,125.61,104,1,1,0,18,33,27,7,0,31,0,0,0.0,125.61,125.61,1,1,0.8972783770269305,4
25.01024,67.260204,62.62,2,1,1,0,16,2,27,7,0,31,0,0,0.0,62.62,62.62,1,0,0.44731766554753905,3
24.994995,67.166423,95.02,44,1,1,0,9,52,28,7,1,31,0,0,0.0,95.02,95.02,1,0,0.6787627687691977,4
24.993626,66.979259,102.15,120,1,1,0,23,41,27,7,0,31,0,1,0.0,102.15,102.15,1,1,0.7296949782127294,4
24.78693,67.15545,104.89,183,1,1,0,18,39,27,7,0,31,0,0,0.0,104.89,104.89,1,1,0.749267804843203,4
24.855088,67.053899,21.75,167,1,1,0,14,50,27,7,0,31,0,0,0.0,21.75,21.75,1,0,0.15536824058861345,1
24.849545,67.072645,5.66,153,1,1,0,4,58,28,7,1,31,0,1,0.0,5.66,5.66,1,0,0.040431459389956424,1
25.016766,66.94459,136.7,209,1,1,0,8,12,28,7,1,31,0,0,0.0,136.7,136.7,1,1,0.9764983213086648,4
24.772986,67.247914,92.96,164,1,1,0,10,19,28,7,1,31,0,0,0.0,92.96,92.96,1,0,0.6640474319594256,4
25.090886,67.243335,59.15,315,1,1,0,2,13,28,7,1,31,0,1,0.0,59.15,59.15,1,0,0.4225301807271948,2
24.769578,67.011422,11.16,327,1,1,0,5,14,28,7,1,31,0,1,0.0,11.16,11.16,1,0,0.07971997999857132,1
24.861658,66.948049,71.75,268,1,1,0,20,18,27,7,0,31,0,1,0.0,71.75,71.75,1,0,0.5125366097578398,3
24.897817,67.075121,7.87,51,1,1,0,0,45,28,7,1,31,0,1,0.0,7.87,7.87,1,0,0.05621830130723623,1
24.900014,66.987936,59.77,83,1,1,0,10,43,28,7,1,31,0,0,0.0,59.77,59.77,1,0,0.4269590685048932,2
24.757676,66.966229,46.54,142,1,1,0,0,21,28,7,1,31,0,1,0.0,46.54,46.54,1,0,0.33245231802271585,2
25.070599,66.974641,36.5,172,1,1,0,17,45,27,7,0,31,0,0,0.0,36.5,36.5,1,0,0.2607329094935352,2
24.927009,67.075617,86.02,25,1,1,0,5,2,28,7,1,31,0,1,0.0,86.02,86.02,1,0,0.614472462318737,3
24.870109,67.049966,1.48,155,1,1,0,19,45,27,7,0,31,0,0,0.0,1.48,1.48,1,0,0.0105721837274091,1
25.000396,67.055636,41.95,141,1,1,0,0,52,28,7,1,31,0,1,0.0,41.95,41.95,1,0,0.29966426173298094,2
24.969685,67.021289,31.37,17,1,1,0,22,38,27,7,0,31,0,1,0.0,31.37,31.37,1,0,0.22408743481677262,2
24.95561,67.22109,75.52,130,1,1,0,9,51,28,7,1,31,0,0,0.0,75.52,75.52,1,0,0.5394671047931995,3
25.024676,67.185942,49.05,344,1,1,0,6,15,28,7,1,31,0,0,0.0,49.05,49.05,1,0,0.35038217015501105,2
24.816433,66.948864,50.21,232,1,1,0,8,0,28,7,1,31,0,0,0.0,50.21,50.21,1,0,0.3586684763197371,2
24.948344,67.239777,41.9,346,1,1,0,15,40,27,7,0,31,0,0,0.0,41.9,41.9,1,0,0.29930709336381167,2
24.915359,67.232444,5.36,240,1,1,0,19,1,27,7,0,31,0,0,0.0,5.36,5.36,1,0,0.038288449174941064,1
24.9527,67.067031,36.51,78,1,1,0,4,12,28,7,1,31,0,1,0.0,36.51,36.51,1,0,0.26080434316736906,2
25.014647,67.138814,107.59,278,1,1,0,9,0,28,7,1,31,0,0,0.0,107.59,107.59,1,1,0.7685548967783413,4
24.792,67.040425,115.55,21,1,1,0,7,30,28,7,1,31,0,0,0.0,115.55,115.55,1,1,0.8254161011500821,4
24.994968,66.942188,23.86,14,1,1,0,5,31,28,7,1,31,0,1,0.0,23.86,23.86,1,0,0.1704407457675548,1
24.923993,67.19656,107.04,124,1,1,0,15,39,27,7,0,31,0,0,0.0,107.04,107.04,1,1,0.7646260447174799,4
25.006106,67.099831,125.61,122,1,1,0,12,39,27,7,0,31,0,0,0.0,125.61,125.61,1,1,0.8972783770269305,4
24.988441,66.972163,21.13,323,1,1,0,13,24,27,7,0,31,0,0,0.0,21.13,21.13,1,0,0.15093935281091506,1
25.057181,67.044777,18.17,109,1,1,0,15,28,27,7,0,31,0,0,0.0,18.17,18.17,1,0,0.12979498535609688,1
24.940968,66.99989,72.47,91,1,1,0,18,44,27,7,0,31,0,0,0.0,72.47,72.47,1,0,0.5176798342738766,3
25.017698,67.026935,29.27,225,1,1,0,13,49,27,7,0,31,0,0,0.0,29.27,29.27,1,0,0.2090863633116651,1
24.755323,66.945249,118.98,33,1,1,0,1,5,28,7,1,31,0,1,0.0,118.98,118.98,1,1,0.849917851275091,4
24.765613,66.990319,106.76,135,1,1,0,14,13,27,7,0,31,0,0,0.0,106.76,106.76,1,1,0.7626259018501321,4
24.801946,67.042059,30.58,334,1,1,0,18,29,27,7,0,31,0,0,0.0,30.58,30.58,1,0,0.21844417458389884,2
24.817166,67.294641,58.63,48,1,1,0,12,49,27,7,0,31,0,0,0.0,58.63,58.63,1,0,0.4188156296878348,2
24.808326,67.032862,23.83,233,1,1,0,6,11,28,7,1,31,0,0,0.0,23.83,23.83,1,0,0.17022644474605328,1
25.033895,66.947608,89.96,122,1,1,0,18,59,27,7,0,31,0,0,0.0,89.96,89.96,1,0,0.642617329809272,3
24.952276,66.978267,74.38,348,1,1,0,23,49,27,7,0,31,0,1,0.0,74.38,74.38,1,0,0.5313236659761411,3
24.986233,66.911327,18.46,173,1,1,0,14,21,27,7,0,31,0,0,0.0,18.46,18.46,1,0,0.13186656189727838,1
24.957706,67.241279,47.06,51,1,1,0,8,21,28,7,1,31,0,0,0.0,47.06,47.06,1,0,0.3361668690620759,2
24.882516,66.983465,38.82,78,1,1,0,13,28,27,7,0,31,0,0,0.0,38.82,38.82,1,0,0.27730552182298734,2
24.945928,67.29916,101.99,97,1,1,0,21,25,27,7,0,31,0,1,0.0,101.99,101.99,1,1,0.7285520394313879,4
25.025319,67.14806,84.94,346,1,1,0,6,43,28,7,1,31,0,0,0.0,84.94,84.94,1,0,0.6067576255446817,3
24.976206,67.001523,137.74,111,1,1,0,14,27,27,7,0,31,0,0,0.0,137.74,137.74,1,1,0.9839274233873848,4
24.839363,67.075009,78.59,81,1,1,0,9,59,28,7,1,31,0,0,0.0,78.59,78.59,1,0,0.56139724266019,3
24.780127,66.983114,19.54,243,1,1,0,16,13,27,7,0,31,0,0,0.0,19.54,19.54,1,0,0.13958139867133365,1
24.877866,66.930093,17.39,21,1,1,0,12,16,27,7,0,31,0,0,0.0,17.39,17.39,1,0,0.12422315879705693,1
25.03835,67.034958,35.84,77,1,1,0,20,2,27,7,0,31,0,1,0.0,35.84,35.84,1,0,0.25601828702050144,2
25.023391,66.982198,81.7,133,1,1,0,13,28,27,7,0,31,0,0,0.0,81.7,81.7,1,0,0.5836131152225159,3
24.959954,67.292566,24.0,356,1,1,0,21,12,27,7,0,31,0,1,0.0,24.0,24.0,1,0,0.17144081720122864,1
24.905269,66.918281,43.0,45,1,1,0,10,53,28,7,1,31,0,0,0.0,43.0,43.0,1,0,0.30716479748553466,2
24.944007,67.01631,103.19,249,1,1,0,20,48,27,7,0,31,0,1,0.0,103.19,103.19,1,1,0.7371240802914494,4
24.957052,67.112422,19.25,155,1,1,0,17,13,27,7,0,31,0,0,0.0,19.25,19.25,1,0,0.13750982213015214,1
24.783584,67.114908,49.82,67,1,1,0,8,45,28,7,1,31,0,0,0.0,49.82,49.82,1,0,0.35588256304021715,2
24.805674,67.253529,126.15,209,1,1,0,13,8,27,7,0,31,0,0,0.0,126.15,126.15,1,1,0.9011357954139582,4
24.81188,67.270562,44.92,280,1,1,0,16,30,27,7,0,31,0,0,0.0,44.92,44.92,1,0,0.32088006286163295,2
24.90947,66.99898,76.13,128,1,1,0,21,19,27,7,0,31,0,1,0.0,76.13,76.13,1,0,0.543824558897064,3
24.806684,66.992323,59.14,253,1,1,0,1,13,28,7,1,31,0,1,0.0,59.14,59.14,1,0,0.42245874705336095,2
24.787346,67.106383,98.24,199,1,1,0,19,54,27,7,0,31,0,0,0.0,98.24,98.24,1,0,0.7017644117436959,4
24.896678,67.221643,32.33,91,1,1,0,11,2,28,7,1,31,0,0,0.0,32.33,32.33,1,0,0.23094506750482174,2
24.971794,67.262745,23.88,350,1,1,0,5,14,28,7,1,31,0,1,0.0,23.88,23.88,1,0,0.1705836131152225,1
24.857574,67.003051,43.35,83,1,1,0,23,46,27,7,0,31,0,1,0.0,43.35,43.35,1,0,0.30966497606971927,2
25.0147,66.991086,26.35,202,1,1,0,12,13,27,7,0,31,0,0,0.0,26.35,26.35,1,0,0.1882277305521823,1
25.099937,66.992197,79.01,64,1,1,0,1,32,28,7,1,31,0,1,0.0,79.01,79.01,1,0,0.5643974569612115,3
24.848719,67.258072,23.86,297,1,1,0,13,19,27,7,0,31,0,0,0.0,23.86,23.86,1,0,0.1704407457675548,1
24.750395,67.284389,129.14,200,1,1,0,6,13,28,7,1,31,0,0,0.0,129.14,129.14,1,1,0.9224944638902777,4
24.77726,67.247577,83.27,25,1,1,0,15,52,27,7,0,31,0,0,0.0,83.27,83.27,1,0,0.5948282020144295,3
24.792211,67.096338,105.36,221,1,1,0,0,3,28,7,1,31,0,1,0.0,105.36,105.36,1,1,0.7526251875133938,4
24.850625,67.221431,56.2,102,1,1,0,18,36,27,7,0,31,0,0,0.0,56.2,56.2,1,0,0.40145724694621043,2
24.794948,66.97845,12.38,85,1,1,0,8,36,28,7,1,31,0,0,0.0,12.38,12.38,1,0,0.08843488820630045,1
24.772605,67.222408,105.21,299,1,1,0,14,7,27,7,0,31,0,0,0.0,105.21,105.21,1,1,0.751553682405886,4
24.785807,67.277311,59.94,286,1,1,0,12,45,27,7,0,31,0,0,0.0,59.94,59.94,1,0,0.42817344096006854,2
25.090699,66.945409,112.75,115,1,1,0,23,3,27,7,0,31,0,1,0.0,112.75,112.75,1,1,0.8054146724766054,4
24.806349,67.251265,139.01,159,1,1,0,4,12,28,7,1,31,0,1,0.0,139.01,139.01,1,1,0.992999499964283,4
24.771863,67.099578,9.82,211,1,1,0,8,33,28,7,1,31,0,0,0.0,9.82,9.82,1,0,0.07014786770483605,1
24.962044,67.131185,7.86,325,1,1,0,0,17,28,7,1,31,0,1,0.0,7.86,7.86,1,0,0.05614686763340238,1
24.790215,67.238938,99.24,250,1,1,0,3,25,28,7,1,31,0,1,0.0,99.24,99.24,1,0,0.7089077791270805,4
25.097967,66.915272,72.26,329,1,1,0,15,58,27,7,0,31,0,0,0.0,72.26,72.26,1,0,0.5161797271233659,3
24.88233,66.96855,116.71,17,1,1,0,15,56,27,7,0,31,0,0,0.0,116.71,116.71,1,1,0.833702407314808,4
24.812268,67.147388,41.47,38,1,1,0,4,7,28,7,1,31,0,1,0.0,41.47,41.47,1,0,0.29623544538895635,2
24.8516,67.032566,41.07,56,1,1,0,5,42,28,7,1,31,0,1,0.0,41.07,41.07,1,0,0.29337809843560253,2
24.917804,67.087166,37.98,301,1,1,0,19,59,27,7,0,31,0,0,0.0,37.98,37.98,1,0,0.2713050932209443,2
24.813807,66.931935,35.12,313,1,1,0,22,10,27,7,0,31,0,1,0.0,35.12,35.12,1,0,0.25087506250446456,2
24.792834,67.222453,49.34,257,1,1,0,23,1,27,7,0,31,0,1,0.0,49.34,49.34,1,0,0.35245374669619256,2
24.791363,67.191862,57.6,293,1,1,0,14,43,27,7,0,31,0,0,0.0,57.6,57.6,1,0,0.41145796128294876,2
24.907829,66.974916,72.07,222,1,1,0,10,54,28,7,1,31,0,0,0.0,72.07,72.07,1,0,0.5148224873205228,3
24.928001,67.132044,70.31,169,1,1,0,10,55,28,7,1,31,0,0,0.0,70.31,70.31,1,0,0.5022501607257661,3
24.872229,67.163719,127.7,222,1,1,0,13,35,27,7,0,31,0,0,0.0,127.7,127.7,1,1,0.9122080148582041,4
25.01707,66.93833,116.39,65,1,1,0,23,45,27,7,0,31,0,1,0.0,116.39,116.39,1,1,0.8314165297521251,4
25.020829,67.180316,20.88,267,1,1,0,11,45,27,7,0,31,0,0,0.0,20.88,20.88,1,0,0.1491535109650689,1
25.028141,67.101608,43.8,148,1,1,0,0,42,28,7,1,31,0,1,0.0,43.8,43.8,1,0,0.31287949139224225,2
25.088529,67.065765,84.63,134,1,1,0,1,14,28,7,1,31,0,1,0.0,84.63,84.63,1,0,0.6045431816558325,3
24.957567,67.169563,21.32,232,1,1,0,21,32,27,7,0,31,0,1,0.0,21.32,21.32,1,0,0.1522965926137581,1
24.81555,67.054106,20.45,169,1,1,0,9,9,28,7,1,31,0,0,0.0,20.45,20.45,1,0,0.14608186299021358,1
24.943098,67.096333,45.63,114,1,1,0,21,44,27,7,0,31,0,1,0.0,45.63,45.63,1,0,0.325951853703836,2
25.0754,67.129963,84.89,133,1,1,0,4,58,28,7,1,31,0,1,0.0,84.89,84.89,1,0,0.6064004571755125,3
24.96643,66.997073,2.67,332,1,1,0,6,35,28,7,1,31,0,0,0.0,2.67,2.67,1,0,0.019072790913636686,1
24.888275,67.198763,86.66,29,1,1,0,5,53,28,7,1,31,0,1,0.0,86.66,86.66,1,0,0.6190442174441031,3
24.891827,67.262451,45.49,86,1,1,0,5,54,28,7,1,31,0,1,0.0,45.49,45.49,1,0,0.32495178227016214,2
24.976347,67.26889,34.0,189,1,1,0,7,59,28,7,1,31,0,0,0.0,34.0,34.0,1,0,0.24287449103507391,2
24.861176,67.056437,57.13,230,1,1,0,4,1,28,7,1,31,0,1,0.0,57.13,57.13,1,0,0.40810057861275806,2
24.78615,66.929168,127.77,292,1,1,0,2,13,28,7,1,31,0,1,0.0,127.77,127.77,1,1,0.912708050575041,4
24.778247,67.116568,88.96,319,1,1,0,11,20,28,7,1,31,0,0,0.0,88.96,88.96,1,0,0.6354739624258875,3
25.047229,67.035792,25.17,76,1,1,0,11,3,28,7,1,31,0,0,0.0,25.17,25.17,1,0,0.17979855703978856,1
25.066105,67.076494,133.59,162,1,1,0,14,11,27,7,0,31,0,0,0.0,133.59,133.59,1,1,0.9542824487463389,4
24.868004,66.903497,87.55,340,1,1,0,23,27,27,7,0,31,0,1,0.0,87.55,87.55,1,0,0.6254018144153153,3
24.767702,67.135406,105.71,341,1,1,0,18,20,27,7,0,31,0,0,0.0,105.71,105.71,1,1,0.7551253660975783,4
24.879777,67.022493,130.81,181,1,1,0,23,52,27,7,0,31,0,1,0.0,130.81,130.81,1,1,0.93442388742053,4
24.867826,66.978458,126.03,96,1,1,0,10,5,28,7,1,31,0,0,0.0,126.03,126.03,1,1,0.900278591327952,4
24.81796,67.16419,31.58,161,1,1,0,20,37,27,7,0,31,0,1,0.0,31.58,31.58,1,0,0.22558754196728334,2
24.752224,67.138917,79.32,220,1,1,0,21,4,27,7,0,31,0,1,0.0,79.32,79.32,1,0,0.5666119008500606,3
24.775961,67.115601,120.16,42,1,1,0,23,0,27,7,0,31,0,1,0.0,120.16,120.16,1,1,0.8583470247874847,4
24.873937,66.937309,92.28,355,1,1,0,9,6,28,7,1,31,0,0,0.0,92.28,92.28,1,0,0.6591899421387242,4
25.080017,67.187647,57.01,282,1,1,0,4,19,28,7,1,31,0,1,0.0,57.01,57.01,1,0,0.40724337452675186,2
25.018675,67.289357,134.86,341,1,1,0,10,57,28,7,1,31,0,0,0.0,134.86,134.86,1,1,0.9633545253232374,4
24.771388,67.087478,75.28,80,1,1,0,8,55,28,7,1,31,0,0,0.0,75.28,75.28,1,0,0.5377526966211872,3
25.096181,66.936535,23.53,314,1,1,0,6,1,28,7,1,31,0,0,0.0,23.53,23.53,1,0,0.16808343453103794,1
24.799225,67.198137,79.18,121,1,1,0,22,43,27,7,0,31,0,1,0.0,79.18,79.18,1,0,0.5656118294163869,3
24.929272,67.268941,56.11,305,1,1,0,16,16,27,7,0,31,0,0,0.0,56.11,56.11,1,0,0.4008143438817058,2
24.82762,66.932016,60.95,19,1,1,0,21,21,27,7,0,31,0,1,0.0,60.95,60.95,1,0,0.43538824201728693,3
24.832879,67.113996,93.43,31,1,1,0,9,52,28,7,1,31,0,0,0.0,93.43,93.43,1,0,0.6674048146296164,4
24.9295,67.280008,101.24,19,1,1,0,0,3,28,7,1,31,0,1,0.0,101.24,101.24,1,1,0.7231945138938495,4
24.807184,67.185542,19.59,47,1,1,0,22,14,27,7,0,31,0,1,0.0,19.59,19.59,1,0,0.1399385670405029,1
24.885734,67.001811,19.89,112,1,1,0,15,3,27,7,0,31,0,0,0.0,19.89,19.89,1,0,0.14208157725551826,1
24.762612,66.980027,30.16,38,1,1,0,4,32,28,7,1,31,0,1,0.0,30.16,30.16,1,0,0.21544396028287732,2
25.06807,67.196015,53.55,0,1,1,0,15,42,27,7,0,31,0,0,0.0,53.55,53.55,1,0,0.3825273233802414,2
25.090728,67.171409,119.77,87,1,1,0,7,36,28,7,1,31,0,0,0.0,119.77,119.77,1,1,0.8555611115079648,4
25.014892,67.215567,84.43,114,1,1,0,13,2,27,7,0,31,0,0,0.0,84.43,84.43,1,0,0.6031145081791557,3
24.926003,67.006435,76.37,64,1,1,0,1,46,28,7,1,31,0,1,0.0,76.37,76.37,1,0,0.5455389670690763,3
24.782525,67.286966,29.46,74,1,1,0,20,52,27,7,0,31,0,1,0.0,29.46,29.46,1,0,0.21044360311450816,1
24.909935,67.029467,99.22,240,1,1,0,19,26,27,7,0,31,0,0,0.0,99.22,99.22,1,0,0.7087649117794128,4
24.785692,67.054684,57.97,15,1,1,0,4,8,28,7,1,31,0,1,0.0,57.97,57.97,1,0,0.41410100721480103,2
24.879931,67.212313,79.1,282,1,1,0,11,55,27,7,0,31,0,0,0.0,79.1,79.1,1,0,0.565040360025716,3
24.96329,66.94499,128.78,172,1,1,0,3,11,28,7,1,31,0,1,0.0,128.78,128.78,1,1,0.9199228516322594,4
24.925222,67.191422,48.7,123,1,1,0,16,58,27,7,0,31,0,0,0.0,48.7,48.7,1,0,0.3478819915708265,2
24.76888,66.918496,66.65,90,1,1,0,5,35,28,7,1,31,0,1,0.0,66.65,66.65,1,0,0.47610543610257877,3
24.758063,67.104698,27.0,78,1,1,0,3,28,28,7,1,31,0,1,0.0,27.0,27.0,1,0,0.19287091935138223,1
24.778181,67.290034,0.8,187,1,1,0,11,41,27,7,0,31,0,0,0.0,0.8,0.8,1,0,0.005714693906707622,1
24.773027,67.171026,42.21,286,1,1,0,9,27,28,7,1,31,0,0,0.0,42.21,42.21,1,0,0.3015215372526609,2
25.086177,67.141263,96.87,203,1,1,0,7,36,28,7,1,31,0,0,0.0,96.87,96.87,1,0,0.6919779984284592,4
24.946875,67.056099,61.28,310,1,1,0,1,28,28,7,1,31,0,1,0.0,61.28,61.28,1,0,0.4377455532538038,3
24.815005,67.086937,96.08,206,1,1,0,16,8,27,7,0,31,0,0,0.0,96.08,96.08,1,0,0.6863347381955853,4
24.949324,67.151668,19.41,92,1,1,0,6,45,28,7,1,31,0,0,0.0,19.41,19.41,1,0,0.13865276091149367,1
24.907074,66.912796,2.52,15,1,1,0,14,45,27,7,0,31,0,0,0.0,2.52,2.52,1,0,0.01800128580612901,1
24.763939,66.924188,9.45,203,1,1,0,16,54,27,7,0,31,0,0,0.0,9.45,9.45,1,0,0.06750482177298378,1
24.948555,67.130113,73.14,116,1,1,0,11,54,27,7,0,31,0,0,0.0,73.14,73.14,1,0,0.5224658904207443,3
24.902116,67.179875,10.25,85,1,1,0,1,39,28,7,1,31,0,1,0.0,10.25,10.25,1,0,0.0732195156796914,1
25.070053,66.97719,42.93,202,1,1,0,18,12,27,7,0,31,0,0,0.0,42.93,42.93,1,0,0.3066647617686977,2
24.865724,67.243475,44.47,12,1,1,0,19,27,27,7,0,31,0,0,0.0,44.47,44.47,1,0,0.3176655475391099,2
25.05475,67.192436,92.59,288,1,1,0,8,46,28,7,1,31,0,0,0.0,92.59,92.59,1,0,0.6614043860275733,4
24.811633,67.062448,50.29,309,1,1,0,3,42,28,7,1,31,0,1,0.0,50.29,50.29,1,0,0.35923994571040785,2
25.024536,67.194096,46.7,271,1,1,0,4,21,28,7,1,31,0,1,0.0,46.7,46.7,1,0,0.33359525680405744,2
24.830752,67.228346,36.23,285,1,1,0,8,7,28,7,1,31,0,0,0.0,36.23,36.23,1,0,0.2588042003000214,2
24.798414,66.905655,19.48,192,1,1,0,23,7,27,7,0,31,0,1,0.0,19.48,19.48,1,0,0.13915279662833058,1
24.761786,67.150533,139.42,190,1,1,0,19,29,27,7,0,31,0,0,0.0,139.42,139.42,1,1,0.9959282805914706,4
25.0576,67.194966,122.22,192,1,1,0,17,18,27,7,0,31,0,0,0.0,122.22,122.22,1,1,0.8730623615972569,4
24.863,67.253428,78.66,104,1,1,0,2,51,28,7,1,31,0,1,0.0,78.66,78.66,1,0,0.5618972783770269,3
25.064976,67.083771,4.43,25,1,1,0,12,49,27,7,0,31,0,0,0.0,4.43,4.43,1,0,0.03164511750839345,1
25.054334,67.288312,120.08,207,1,1,0,18,53,27,7,0,31,0,0,0.0,120.08,120.08,1,1,0.8577755553968139,4
24.887965,67.118552,80.51,102,1,1,0,1,3,28,7,1,31,0,1,0.0,80.51,80.51,1,0,0.5751125080362883,3
24.95623,67.123791,110.59,173,1,1,0,1,9,28,7,1,31,0,1,0.0,110.59,110.59,1,1,0.7899849989284948,4
24.913976,67.209005,132.28,310,1,1,0,5,22,28,7,1,31,0,1,0.0,132.28,132.28,1,1,0.9449246374741053,4
24.801466,67.237828,136.31,148,1,1,0,20,35,27,7,0,31,0,1,0.0,136.31,136.31,1,1,0.9737124080291449,4
24.831534,67.150809,11.61,273,1,1,0,5,40,28,7,1,31,0,1,0.0,11.61,11.61,1,0,0.08293449532109436,1
25.006828,67.286189,99.02,138,1,1,0,12,55,27,7,0,31,0,0,0.0,99.02,99.02,1,0,0.7073362383027358,4
24.868006,66.909346,78.99,53,1,1,0,18,40,27,7,0,31,0,0,0.0,78.99,78.99,1,0,0.5642545896135438,3
24.952302,67.015576,56.85,155,1,1,0,2,10,28,7,1,31,0,1,0.0,56.85,56.85,1,0,0.4061004357454104,2
25.056808,66.937336,42.26,184,1,1,0,2,14,28,7,1,31,0,1,0.0,42.26,42.26,1,0,0.3018787056218301,2
25.087494,67.096576,39.83,112,1,1,0,19,27,27,7,0,31,0,0,0.0,39.83,39.83,1,0,0.2845203228802057,2
24.794818,67.197627,76.5,304,1,1,0,4,55,28,7,1,31,0,1,0.0,76.5,76.5,1,0,0.5464676048289163,3
24.763774,67.079275,75.17,197,1,1,0,10,16,28,7,1,31,0,0,0.0,75.17,75.17,1,0,0.5369669262090149,3
24.974349,67.262792,31.67,294,1,1,0,22,5,27,7,0,31,0,1,0.0,31.67,31.67,1,0,0.226230445031788,2
25.055806,67.278882,102.25,133,1,1,0,23,56,27,7,0,31,0,1,0.0,102.25,102.25,1,1,0.7304093149510679,4
24.992523,67.099239,21.2,199,1,1,0,22,36,27,7,0,31,0,1,0.0,21.2,21.2,1,0,0.15143938852775196,1
25.04929,67.133697,3.11,43,1,1,0,1,51,28,7,1,31,0,1,0.0,3.11,3.11,1,0,0.022215872562325878,1
25.019612,66.990402,79.32,348,1,1,0,10,41,28,7,1,31,0,0,0.0,79.32,79.32,1,0,0.5666119008500606,3
24.904606,67.093978,20.79,97,1,1,0,14,50,27,7,0,31,0,0,0.0,20.79,20.79,1,0,0.1485106079005643,1
24.94644,67.033505,69.46,343,1,1,0,4,3,28,7,1,31,0,1,0.0,69.46,69.46,1,0,0.4961782984498892,3
24.855736,67.269018,28.28,330,1,1,0,8,21,28,7,1,31,0,0,0.0,28.28,28.28,1,0,0.20201442960211444,1
25.079912,66.915092,82.94,87,1,1,0,23,18,27,7,0,31,0,1,0.0,82.94,82.94,1,0,0.5924708907779127,3
24.915752,67.283521,117.67,27,1,1,0,23,12,27,7,0,31,0,1,0.0,117.67,117.67,1,1,0.8405600400028573,4
24.764982,67.25494,40.73,206,1,1,0,21,45,27,7,0,31,0,1,0.0,40.73,40.73,1,0,0.29094935352525175,2
24.787244,67.15012,106.67,327,1,1,0,16,52,27,7,0,31,0,0,0.0,106.67,106.67,1,1,0.7619829987856275,4
24.994911,67.12432,7.99,79,1,1,0,7,31,28,7,1,31,0,0,0.0,7.99,7.99,1,0,0.057075505393242375,1
24.909449,67.262607,82.95,139,1,1,0,17,15,27,7,0,31,0,0,0.0,82.95,82.95,1,0,0.5925423244517465,3
24.757998,67.063899,137.55,216,1,1,0,13,8,27,7,0,31,0,0,0.0,137.55,137.55,1,1,0.9825701835845417,4
24.972217,66.958148,55.49,123,1,1,0,15,59,27,7,0,31,0,0,0.0,55.49,55.49,1,0,0.39638545610400744,2
25.012568,67.063529,109.89,86,1,1,0,2,56,28,7,1,31,0,1,0.0,109.89,109.89,1,1,0.7849846417601257,4
25.054645,66.906244,21.52,102,1,1,0,6,44,28,7,1,31,0,0,0.0,21.52,21.52,1,0,0.15372526609043502,1
24.79808,67.261326,37.28,115,1,1,0,18,19,27,7,0,31,0,0,0.0,37.28,37.28,1,0,0.26630473605257515,2
24.806736,67.256448,79.31,316,1,1,0,8,34,28,7,1,31,0,0,0.0,79.31,79.31,1,0,0.5665404671762269,3
24.89786,66.921805,91.53,217,1,1,0,1,56,28,7,1,31,0,1,0.0,91.53,91.53,1,0,0.6538324166011857,4
24.965861,67.176265,42.39,353,1,1,0,20,58,27,7,0,31,0,1,0.0,42.39,42.39,1,0,0.3028073433816701,2
24.805024,67.103445,100.49,321,1,1,0,16,52,27,7,0,31,0,0,0.0,100.49,100.49,1,1,0.717836988356311,4
24.7781,66.901301,108.15,85,1,1,0,6,42,28,7,1,31,0,0,0.0,108.15,108.15,1,1,0.7725551825130367,4
24.783099,67.244812,106.46,175,1,1,0,12,7,27,7,0,31,0,0,0.0,106.46,106.46,1,1,0.7604828916351167,4
25.071111,67.268996,12.02,221,1,1,0,4,5,28,7,1,31,0,1,0.0,12.02,12.02,1,0,0.08586327594828201,1
24.886959,66.961239,28.09,149,1,1,0,16,56,27,7,0,31,0,0,0.0,28.09,28.09,1,0,0.20065718979927136,1
24.766407,67.151268,70.12,171,1,1,0,5,40,28,7,1,31,0,1,0.0,70.12,70.12,1,0,0.500892920922923,3
24.893029,67.226281,66.61,15,1,1,0,1,16,28,7,1,31,0,1,0.0,66.61,66.61,1,0,0.47581970140724333,3
25.031563,67.063539,93.89,321,1,1,0,7,39,28,7,1,31,0,0,0.0,93.89,93.89,1,0,0.6706907636259732,4
25.032356,67.073012,62.49,355,1,1,0,20,46,27,7,0,31,0,1,0.0,62.49,62.49,1,0,0.4463890277876991,3
24.897702,67.02634,100.0,32,1,1,0,1,36,28,7,1,31,0,1,0.0,100.0,100.0,1,1,0.7143367383384527,4
24.866811,67.179214,120.49,130,1,1,0,3,14,28,7,1,31,0,1,0.0,120.49,120.49,1,1,0.8607043360240016,4
24.885831,67.007392,27.98,307,1,1,0,19,56,27,7,0,31,0,0,0.0,27.98,27.98,1,0,0.19987141938709907,1
25.073055,67.034543,136.99,187,1,1,0,7,44,28,7,1,31,0,0,0.0,136.99,136.99,1,1,0.9785698978498464,4
24.981888,67.127039,135.89,133,1,1,0,23,57,27,7,0,31,0,1,0.0,135.89,135.89,1,1,0.9707121937281232,4
24.78636,67.220075,74.88,248,1,1,0,15,22,27,7,0,31,0,0,0.0,74.88,74.88,1,0,0.5348953496678334,3
24.945692,67.050103,75.49,294,1,1,0,7,5,28,7,1,31,0,0,0.0,75.49,75.49,1,0,0.5392528037716979,3
24.910523,67.162692,10.46,95,1,1,0,9,20,28,7,1,31,0,0,0.0,10.46,10.46,1,0,0.07471962283020216,1
24.759878,67.067554,135.25,314,1,1,0,2,9,28,7,1,31,0,1,0.0,135.25,135.25,1,1,0.9661404386027572,4
24.88807,67.17184,28.06,258,1,1,0,1,15,28,7,1,31,0,1,0.0,28.06,28.06,1,0,0.2004428887777698,1
25.011412,66.961502,90.52,235,1,1,0,23,16,27,7,0,31,0,1,0.0,90.52,90.52,1,0,0.6466176155439674,4
24.960395,67.233128,96.16,74,1,1,0,8,49,28,7,1,31,0,0,0.0,96.16,96.16,1,0,0.6869062075862561,4
24.995318,67.293288,120.23,111,1,1,0,7,5,28,7,1,31,0,0,0.0,120.23,120.23,1,1,0.8588470605043217,4
24.908082,66.951313,81.06,80,1,1,0,1,7,28,7,1,31,0,1,0.0,81.06,81.06,1,0,0.5790413600971498,3
25.014415,67.062839,58.17,173,1,1,0,16,51,27,7,0,31,0,0,0.0,58.17,58.17,1,0,0.41552968069147794,2
24.896968,67.269464,36.2,247,1,1,0,8,45,28,7,1,31,0,0,0.0,36.2,36.2,1,0,0.2585898992785199,2
25.015016,67.213514,0.89,237,1,1,0,17,35,27,7,0,31,0,0,0.0,0.89,0.89,1,0,0.006357596971212229,1
25.063193,67.057522,113.86,85,1,1,0,9,35,28,7,1,31,0,0,0.0,113.86,113.86,1,1,0.8133438102721623,4
24.832067,66.968062,27.76,301,1,1,0,15,1,27,7,0,31,0,0,0.0,27.76,27.76,1,0,0.19829987856275447,1
25.040054,67.050853,85.35,131,1,1,0,3,59,28,7,1,31,0,1,0.0,85.35,85.35,1,0,0.6096864061718693,3
24.784048,66.915353,107.97,113,1,1,0,2,46,28,7,1,31,0,1,0.0,107.97,107.97,1,1,0.7712693763840274,4
24.814673,66.956245,12.14,165,1,1,0,2,19,28,7,1,31,0,1,0.0,12.14,12.14,1,0,0.08672048003428816,1
24.950274,67.090364,92.41,80,1,1,0,16,54,27,7,0,31,0,0,0.0,92.41,92.41,1,0,0.6601185798985642,4
24.92009,67.271418,55.88,167,1,1,0,1,50,28,7,1,31,0,1,0.0,55.88,55.88,1,0,0.3991713693835274,2
24.932338,67.146151,92.02,200,1,1,0,16,33,27,7,0,31,0,0,0.0,92.02,92.02,1,0,0.6573326666190441,4
24.884215,67.169888,137.3,76,1,1,0,11,5,28,7,1,31,0,0,0.0,137.3,137.3,1,1,0.9807843417386957,4
25.001604,67.127901,95.48,14,1,1,0,13,35,27,7,0,31,0,0,0.0,95.48,95.48,1,0,0.6820487177655546,4
24.826199,66.906604,55.05,333,1,1,0,21,0,27,7,0,31,0,1,0.0,55.05,55.05,1,0,0.3932423744553182,2
24.866502,66.993937,13.34,181,1,1,0,13,16,27,7,0,31,0,0,0.0,13.34,13.34,1,0,0.09529252089434959,1
24.83478,67.1692,90.68,72,1,1,0,20,47,27,7,0,31,0,1,0.0,90.68,90.68,1,0,0.647760554325309,4
24.847348,67.073135,34.22,155,1,1,0,21,27,27,7,0,31,0,1,0.0,34.22,34.22,1,0,0.24444603185941852,2
24.808099,67.093228,77.08,299,1,1,0,9,9,28,7,1,31,0,0,0.0,77.08,77.08,1,0,0.5506107579112793,3
25.00869,67.290021,65.84,289,1,1,0,19,49,27,7,0,31,0,0,0.0,65.84,65.84,1,0,0.4703193085220373,3
24.753794,67.200468,30.92,71,1,1,0,7,23,28,7,1,31,0,0,0.0,30.92,30.92,1,0,0.2208729194942496,2
24.924279,67.170209,99.25,197,1,1,0,4,31,28,7,1,31,0,1,0.0,99.25,99.25,1,0,0.7089792128009144,4
24.830519,67.001919,89.56,56,1,1,0,3,21,28,7,1,31,0,1,0.0,89.56,89.56,1,0,0.6397599828559183,3
24.975797,67.145803,57.04,63,1,1,0,9,24,28,7,1,31,0,0,0.0,57.04,57.04,1,0,0.4074576755482534,2
24.944044,67.211403,46.51,82,1,1,0,3,43,28,7,1,31,0,1,0.0,46.51,46.51,1,0,0.33223801700121436,2
24.971074,67.072753,32.26,103,1,1,0,0,44,28,7,1,31,0,1,0.0,32.26,32.26,1,0,0.23044503178798484,2
24.85851,67.017102,4.69,135,1,1,0,20,32,27,7,0,31,0,1,0.0,4.69,4.69,1,0,0.03350239302807344,1
25.071691,67.150636,117.56,135,1,1,0,15,28,27,7,0,31,0,0,0.0,117.56,117.56,1,1,0.839774269590685,4
25.099711,67.113903,134.55,83,1,1,0,23,46,27,7,0,31,0,1,0.0,134.55,134.55,1,1,0.9611400814343882,4
25.025163,67.297362,14.12,226,1,1,0,11,2,28,7,1,31,0,0,0.0,14.12,14.12,1,0,0.10086434745338951,1
24.821822,67.231927,138.43,283,1,1,0,3,48,28,7,1,31,0,1,0.0,138.43,138.43,1,1,0.9888563468819201,4
24.976769,67.124414,97.23,358,1,1,0,8,31,28,7,1,31,0,0,0.0,97.23,97.23,1,0,0.6945496106864776,4
25.034816,67.055933,61.17,12,1,1,0,16,39,27,7,0,31,0,0,0.0,61.17,61.17,1,0,0.4369597828416315,3
25.042234,67.199975,28.52,139,1,1,0,14,50,27,7,0,31,0,0,0.0,28.52,28.52,1,0,0.2037288377741267,1
24.885955,67.045424,102.68,166,1,1,0,20,49,27,7,0,31,0,1,0.0,102.68,102.68,1,1,0.7334809629259232,4
24.842241,67.080335,16.73,229,1,1,0,10,9,28,7,1,31,0,0,0.0,16.73,16.73,1,0,0.11950853632402314,1
24.923893,67.21565,130.66,68,1,1,0,5,23,28,7,1,31,0,1,0.0,130.66,130.66,1,1,0.9333523823130223,4
24.927754,67.118602,119.39,137,1,1,0,10,46,28,7,1,31,0,0,0.0,119.39,119.39,1,1,0.8528466319022787,4
24.968647,67.192265,55.38,180,1,1,0,23,15,27,7,0,31,0,1,0.0,55.38,55.38,1,0,0.3955996856918351,2
25.003165,66.941624,67.03,254,1,1,0,16,52,27,7,0,31,0,0,0.0,67.03,67.03,1,0,0.4788199157082649,3
24.948089,67.24977,28.19,148,1,1,0,7,1,28,7,1,31,0,0,0.0,28.19,28.19,1,0,0.2013715265376098,1
24.990238,67.003852,135.33,324,1,1,0,12,51,27,7,0,31,0,0,0.0,135.33,135.33,1,1,0.9667119079934281,4
25.020397,67.176943,58.27,105,1,1,0,6,8,28,7,1,31,0,0,0.0,58.27,58.27,1,0,0.4162440174298164,2
24.809294,67.288745,131.97,309,1,1,0,2,4,28,7,1,31,0,1,0.0,131.97,131.97,1,1,0.942710193585256,4
24.820102,67.177823,27.48,65,1,1,0,8,8,28,7,1,31,0,0,0.0,27.48,27.48,1,0,0.19629973569540682,1
25.087469,66.971456,39.66,32,1,1,0,9,49,28,7,1,31,0,0,0.0,39.66,39.66,1,0,0.2833059504250303,2
24.913476,66.965664,71.04,101,1,1,0,2,26,28,7,1,31,0,1,0.0,71.04,71.04,1,0,0.5074648189156369,3
24.833136,67.077679,57.52,145,1,1,0,19,0,27,7,0,31,0,0,0.0,57.52,57.52,1,0,0.410886491892278,2
24.907072,67.089301,123.28,128,1,1,0,4,50,28,7,1,31,0,1,0.0,123.28,123.28,1,1,0.8806343310236445,4
24.996017,67.165872,133.23,166,1,1,0,18,12,27,7,0,31,0,0,0.0,133.23,133.23,1,1,0.9517108364883204,4
25.058834,67.08532,65.29,212,1,1,0,9,28,28,7,1,31,0,0,0.0,65.29,65.29,1,0,0.46639045646117583,3
25.055582,67.043835,86.64,281,1,1,0,10,38,28,7,1,31,0,0,0.0,86.64,86.64,1,0,0.6189013500964354,3
24.866107,67.145654,2.79,66,1,1,0,22,56,27,7,0,31,0,1,0.0,2.79,2.79,1,0,0.01992999499964283,1
24.912404,67.271044,3.7,90,1,1,0,7,0,28,7,1,31,0,0,0.0,3.7,3.7,1,0,0.02643045931852275,1
24.867968,67.040697,31.71,318,1,1,0,7,30,28,7,1,31,0,0,0.0,31.71,31.71,1,0,0.22651617972712335,2
24.895274,66.94243,21.59,167,1,1,0,2,59,28,7,1,31,0,1,0.0,21.59,21.59,1,0,0.15422530180727193,1
25.080293,66.95889,8.35,52,1,1,0,7,28,28,7,1,31,0,0,0.0,8.35,8.35,1,0,0.059647117651260795,1
24.846662,67.209366,65.92,261,1,1,0,5,31,28,7,1,31,0,1,0.0,65.92,65.92,1,0,0.47089077791270806,3
24.957022,67.187586,3.62,64,1,1,0,15,50,27,7,0,31,0,0,0.0,3.62,3.62,1,0,0.02585898992785199,1
24.903552,66.977186,105.94,352,1,1,0,21,35,27,7,0,31,0,1,0.0,105.94,105.94,1,1,0.7567683405957568,4
25.095884,67.277329,36.79,64,1,1,0,12,15,27,7,0,31,0,0,0.0,36.79,36.79,1,0,0.26280448603471673,2
24.831675,67.0762,102.35,287,1,1,0,2,38,28,7,1,31,0,1,0.0,102.35,102.35,1,1,0.7311236516894063,4
25.070861,67.024093,11.41,335,1,1,0,21,4,27,7,0,31,0,1,0.0,11.41,11.41,1,0,0.08150582184441746,1
24.81249,66.908597,47.57,134,1,1,0,7,40,28,7,1,31,0,0,0.0,47.57,47.57,1,0,0.33980998642760196,2
24.791022,67.037124,88.37,177,1,1,0,17,44,27,7,0,31,0,0,0.0,88.37,88.37,1,0,0.6312593756696907,3
24.832295,67.010194,29.18,322,1,1,0,19,15,27,7,0,31,0,0,0.0,29.18,29.18,1,0,0.20844346024716048,1
24.893691,67.141452,47.91,358,1,1,0,3,14,28,7,1,31,0,1,0.0,47.91,47.91,1,0,0.3422387313379527,2
24.805067,67.120518,115.32,239,1,1,0,21,9,27,7,0,31,0,1,0.0,115.32,115.32,1,1,0.8237731266519036,4
25.060328,67.134432,70.09,210,1,1,0,8,6,28,7,1,31,0,0,0.0,70.09,70.09,1,0,0.5006786199014215,3
24.943062,67.204634,66.28,61,1,1,0,12,35,27,7,0,31,0,0,0.0,66.28,66.28,1,0,0.47346239017072644,3
25.080045,67.009548,108.5,314,1,1,0,19,55,27,7,0,31,0,0,0.0,108.5,108.5,1,1,0.7750553610972212,4
24.932789,67.035435,87.99,38,1,1,0,5,6,28,7,1,31,0,1,0.0,87.99,87.99,1,0,0.6285448960640045,3
25.047262,67.109289,101.38,154,1,1,0,20,20,27,7,0,31,0,1,0.0,101.38,101.38,1,1,0.7241945853275233,4
24.891762,66.929957,89.08,122,1,1,0,9,51,28,7,1,31,0,0,0.0,89.08,89.08,1,0,0.6363311665118937,3
25.016879,67.115752,85.26,271,1,1,0,11,19,28,7,1,31,0,0,0.0,85.26,85.26,1,0,0.6090435031073648,3
24.934035,67.152302,27.92,278,1,1,0,10,38,28,7,1,31,0,0,0.0,27.92,27.92,1,0,0.199442817344096,1
24.988139,67.177018,90.87,299,1,1,0,0,32,28,7,1,31,0,1,0.0,90.87,90.87,1,0,0.649117794128152,4
24.806644,67.067172,130.94,315,1,1,0,5,7,28,7,1,31,0,1,0.0,130.94,130.94,1,1,0.9353525251803699,4
24.926771,67.074261,70.37,352,1,1,0,1,54,28,7,1,31,0,1,0.0,70.37,70.37,1,0,0.5026787627687692,3
25.052294,67.203449,123.62,26,1,1,0,7,36,28,7,1,31,0,0,0.0,123.62,123.62,1,1,0.8830630759339952,4
24.990044,67.242415,87.97,134,1,1,0,19,24,27,7,0,31,0,0,0.0,87.97,87.97,1,0,0.6284020287163369,3
24.893067,67.053294,106.71,12,1,1,0,1,45,28,7,1,31,0,1,0.0,106.71,106.71,1,1,0.7622687334809628,4
24.860673,67.059906,123.27,203,1,1,0,9,37,28,7,1,31,0,0,0.0,123.27,123.27,1,1,0.8805628973498106,4
25.003645,66.923005,127.22,202,1,1,0,18,28,27,7,0,31,0,0,0.0,127.22,127.22,1,1,0.9087791985141795,4
25.021161,67.078772,45.51,40,1,1,0,21,28,27,7,0,31,0,1,0.0,45.51,45.51,1,0,0.3250946496178298,2
24.929846,67.050879,26.18,219,1,1,0,1,11,28,7,1,31,0,1,0.0,26.18,26.18,1,0,0.18701335809700692,1
24.9578,67.125794,113.29,337,1,1,0,1,30,28,7,1,31,0,1,0.0,113.29,113.29,1,1,0.809272090863633,4
25.019089,66.964419,113.05,256,1,1,0,16,33,27,7,0,31,0,0,0.0,113.05,113.05,1,1,0.8075576826916208,4
25.048915,67.203543,2.77,153,1,1,0,13,40,27,7,0,31,0,0,0.0,2.77,2.77,1,0,0.01978712765197514,1
25.046234,67.203191,86.21,224,1,1,0,10,4,28,7,1,31,0,0,0.0,86.21,86.21,1,0,0.6158297021215801,3
24.961796,67.04999,74.09,181,1,1,0,13,21,27,7,0,31,0,0,0.0,74.09,74.09,1,0,0.5292520894349596,3
24.781993,67.159761,29.4,79,1,1,0,3,52,28,7,1,31,0,1,0.0,29.4,29.4,1,0,0.2100150010715051,1
24.919597,66.963951,68.59,132,1,1,0,22,5,27,7,0,31,0,1,0.0,68.59,68.59,1,0,0.48996356882634473,3
24.965698,67.071567,69.38,332,1,1,0,10,12,28,7,1,31,0,0,0.0,69.38,69.38,1,0,0.49560682905921843,3
24.751305,67.234225,15.47,186,1,1,0,20,14,27,7,0,31,0,1,0.0,15.47,15.47,1,0,0.11050789342095864,1
24.864332,66.912502,62.13,90,1,1,0,13,50,27,7,0,31,0,0,0.0,62.13,62.13,1,0,0.4438174155296807,3
24.852535,67.050697,48.29,278,1,1,0,1,2,28,7,1,31,0,1,0.0,48.29,48.29,1,0,0.3449532109436388,2
24.983269,67.053063,53.95,175,1,1,0,3,28,28,7,1,31,0,1,0.0,53.95,53.95,1,0,0.38538467033359525,2
25.057676,66.918804,97.16,236,1,1,0,22,6,27,7,0,31,0,1,0.0,97.16,97.16,1,0,0.6940495749696406,4
24.955068,67.174191,132.56,22,1,1,0,13,54,27,7,0,31,0,0,0.0,132.56,132.56,1,1,0.9469247803414529,4
24.760983,67.241227,26.81,129,1,1,0,21,10,27,7,0,31,0,1,0.0,26.81,26.81,1,0,0.19151367954853915,1
24.909188,67.173498,56.46,81,1,1,0,6,0,28,7,1,31,0,0,0.0,56.46,56.46,1,0,0.4033145224658904,2
25.072061,67.23398,101.88,125,1,1,0,8,36,28,7,1,31,0,0,0.0,101.88,101.88,1,1,0.7277662690192156,4
24.967111,67.148686,98.05,99,1,1,0,21,11,27,7,0,31,0,1,0.0,98.05,98.05,1,0,0.7004071719408529,4
24.76105,67.279282,20.69,56,1,1,0,4,24,28,7,1,31,0,1,0.0,20.69,20.69,1,0,0.14779627116222588,1
25.061154,66.968704,109.7,210,1,1,0,0,18,28,7,1,31,0,1,0.0,109.7,109.7,1,1,0.7836274019572826,4
24.944528,67.111716,116.89,2,1,1,0,1,49,28,7,1,31,0,1,0.0,116.89,116.89,1,1,0.8349882134438174,4
24.938644,67.227531,8.95,333,1,1,0,6,50,28,7,1,31,0,0,0.0,8.95,8.95,1,0,0.06393313808129152,1
24.888475,67.023675,58.92,340,1,1,0,19,30,27,7,0,31,0,0,0.0,58.92,58.92,1,0,0.4208872062290163,2
24.84239,66.909565,117.25,83,1,1,0,15,45,27,7,0,31,0,0,0.0,117.25,117.25,1,1,0.8375598257018357,4
25.064538,67.078044,119.4,44,1,1,0,23,42,27,7,0,31,0,1,0.0,119.4,119.4,1,1,0.8529180655761126,4
24.794699,66.906569,38.01,164,1,1,0,2,5,28,7,1,31,0,1,0.0,38.01,38.01,1,0,0.27151939424244587,2
24.984591,67.149524,82.21,135,1,1,0,22,55,27,7,0,31,0,1,0.0,82.21,82.21,1,0,0.5872562325880419,3
25.08121,67.051185,15.02,34,1,1,0,16,17,27,7,0,31,0,0,0.0,15.02,15.02,1,0,0.10729337809843559,1
25.080038,66.920783,30.31,219,1,1,0,2,45,28,7,1,31,0,1,0.0,30.31,30.31,1,0,0.216515465390385,2
25.041282,66.927948,26.45,67,1,1,0,13,23,27,7,0,31,0,0,0.0,26.45,26.45,1,0,0.18894206729052074,1
24.888362,67.128532,67.33,287,1,1,0,12,55,27,7,0,31,0,0,0.0,67.33,67.33,1,0,0.4809629259232802,3
25.021756,67.140696,105.01,19,1,1,0,14,8,27,7,0,31,0,0,0.0,105.01,105.01,1,1,0.7501250089292092,4
24.769188,67.021772,10.63,262,1,1,0,0,32,28,7,1,31,0,1,0.0,10.63,10.63,1,0,0.07593399528537753,1
24.835734,66.9746,132.67,185,1,1,0,6,59,28,7,1,31,0,0,0.0,132.67,132.67,1,1,0.9477105507536251,4
24.907101,66.952744,85.41,150,1,1,0,2,31,28,7,1,31,0,1,0.0,85.41,85.41,1,0,0.6101150082148724,3
24.815589,67.17841,138.11,6,1,1,0,10,3,28,7,1,31,0,0,0.0,138.11,138.11,1,1,0.9865704693192371,4
24.997508,67.133162,135.11,208,1,1,0,11,4,28,7,1,31,0,0,0.0,135.11,135.11,1,1,0.9651403671690836,4
25.093484,67.292922,116.89,226,1,1,0,14,15,27,7,0,31,0,0,0.0,116.89,116.89,1,1,0.8349882134438174,4
24.94282,67.110261,95.92,61,1,1,0,9,24,28,7,1,31,0,0,0.0,95.92,95.92,1,0,0.6851917994142438,4
24.785242,67.263379,29.49,208,1,1,0,18,32,27,7,0,31,0,0,0.0,29.49,29.49,1,0,0.21065790413600968,1
24.772808,67.246026,19.92,62,1,1,0,10,43,28,7,1,31,0,0,0.0,19.92,19.92,1,0,0.14229587827701978,1
25.022748,67.096003,50.97,164,1,1,0,15,32,27,7,0,31,0,0,0.0,50.97,50.97,1,0,0.36409743553110935,2
24.906264,67.065226,55.58,96,1,1,0,15,11,27,7,0,31,0,0,0.0,55.58,55.58,1,0,0.397028359168512,2
24.985912,67.222467,2.4,91,1,1,0,7,27,28,7,1,31,0,0,0.0,2.4,2.4,1,0,0.017144081720122863,1
25.040972,67.26579,102.54,283,1,1,0,5,30,28,7,1,31,0,1,0.0,102.54,102.54,1,1,0.7324808914922495,4
24.847238,67.196727,49.72,212,1,1,0,19,42,27,7,0,31,0,0,0.0,49.72,49.72,1,0,0.35516822630187866,2
24.918937,67.062147,0.61,5,1,1,0,7,19,28,7,1,31,0,0,0.0,0.61,0.61,1,0,0.004357454103864561,1
25.02006,66.998761,102.02,277,1,1,0,19,3,27,7,0,31,0,0,0.0,102.02,102.02,1,1,0.7287663404528895,4
24.954395,67.002006,77.92,169,1,1,0,18,22,27,7,0,31,0,0,0.0,77.92,77.92,1,0,0.5566111865133223,3
24.8584,67.044917,35.22,209,1,1,0,5,1,28,7,1,31,0,1,0.0,35.22,35.22,1,0,0.25158939924280305,2
25.037666,67.237761,126.71,263,1,1,0,10,42,28,7,1,31,0,0,0.0,126.71,126.71,1,1,0.9051360811486534,4
25.00532,67.24652,76.54,236,1,1,0,15,17,27,7,0,31,0,0,0.0,76.54,76.54,1,0,0.5467533395242518,3
24.767197,67.053009,61.79,216,1,1,0,4,17,28,7,1,31,0,1,0.0,61.79,61.79,1,0,0.4413886706193299,3
24.82372,67.037152,21.76,351,1,1,0,12,15,27,7,0,31,0,0,0.0,21.76,21.76,1,0,0.1554396742624473,1
24.752344,66.994133,42.8,224,1,1,0,5,26,28,7,1,31,0,1,0.0,42.8,42.8,1,0,0.30573612400885775,2
24.751392,67.158293,129.32,172,1,1,0,18,56,27,7,0,31,0,0,0.0,129.32,129.32,1,1,0.923780270019287,4
24.923972,67.230547,22.33,358,1,1,0,8,34,28,7,1,31,0,0,0.0,22.33,22.33,1,0,0.15951139367097647,1
24.794493,67.18446,115.33,66,1,1,0,16,40,27,7,0,31,0,0,0.0,115.33,115.33,1,1,0.8238445603257375,4
24.890804,67.164053,92.72,203,1,1,0,10,10,28,7,1,31,0,0,0.0,92.72,92.72,1,0,0.6623330237874133,4
24.927256,67.16091,88.11,160,1,1,0,16,25,27,7,0,31,0,0,0.0,88.11,88.11,1,0,0.6294021001500106,3
24.808219,67.268979,124.71,264,1,1,0,20,35,27,7,0,31,0,1,0.0,124.71,124.71,1,1,0.8908493463818843,4
25.060239,66.946659,35.46,196,1,1,0,21,3,27,7,0,31,0,1,0.0,35.46,35.46,1,0,0.25330380741481534,2
25.006231,67.108358,131.85,232,1,1,0,0,36,28,7,1,31,0,1,0.0,131.85,131.85,1,1,0.9418529894992499,4
25.070047,66.90243,64.91,216,1,1,0,0,8,28,7,1,31,0,1,0.0,64.91,64.91,1,0,0.4636759768554896,3
24.899158,67.191729,39.79,188,1,1,0,12,36,27,7,0,31,0,0,0.0,39.79,39.79,1,0,0.2842345881848703,2
25.095453,67.223154,136.27,277,1,1,0,14,24,27,7,0,31,0,0,0.0,136.27,136.27,1,1,0.9734266733338096,4
24.987296,66.977984,29.06,336,1,1,0,0,12,28,7,1,31,0,1,0.0,29.06,29.06,1,0,0.20758625616115434,1
24.809644,67.037685,56.82,79,1,1,0,13,58,27,7,0,31,0,0,0.0,56.82,56.82,1,0,0.40588613472390883,2
24.981879,67.29855,47.93,69,1,1,0,23,20,27,7,0,31,0,1,0.0,47.93,47.93,1,0,0.3423815986856204,2
24.844739,66.919239,82.91,58,1,1,0,6,14,28,7,1,31,0,0,0.0,82.91,82.91,1,0,0.5922565897564112,3
24.925482,67.214929,61.3,291,1,1,0,3,3,28,7,1,31,0,1,0.0,61.3,61.3,1,0,0.4378884206014715,3
24.93045,67.227925,3.68,276,1,1,0,5,6,28,7,1,31,0,1,0.0,3.68,3.68,1,0,0.026287591970855062,1
24.904855,67.10257,119.7,245,1,1,0,1,59,28,7,1,31,0,1,0.0,119.7,119.7,1,1,0.8550610757911279,4
24.857835,67.29481,130.2,251,1,1,0,11,17,28,7,1,31,0,0,0.0,130.2,130.2,1,1,0.9300664333166654,4
24.751498,66.903831,129.12,88,1,1,0,20,18,27,7,0,31,0,1,0.0,129.12,129.12,1,1,0.9223515965426101,4
24.923856,67.224583,96.72,341,1,1,0,22,59,27,7,0,31,0,1,0.0,96.72,96.72,1,0,0.6909064933209514,4
24.956035,66.966808,18.05,23,1,1,0,0,29,28,7,1,31,0,1,0.0,18.05,18.05,1,0,0.12893778127009073,1
24.841266,67.254727,53.81,349,1,1,0,4,46,28,7,1,31,0,1,0.0,53.81,53.81,1,0,0.38438459889992144,2
24.905727,67.134899,21.92,1,1,1,0,0,4,28,7,1,31,0,1,0.0,21.92,21.92,1,0,0.15658261304378884,1
24.795055,66.903134,136.6,79,1,1,0,3,41,28,7,1,31,0,1,0.0,136.6,136.6,1,1,0.9757839845703263,4
24.99262,66.980691,50.58,65,1,1,0,6,31,28,7,1,31,0,0,0.0,50.58,50.58,1,0,0.36131152225158936,2
24.791869,67.162768,80.67,293,1,1,0,12,3,27,7,0,31,0,0,0.0,80.67,80.67,1,0,0.5762554468176299,3
24.771519,66.987045,45.84,71,1,1,0,14,12,27,7,0,31,0,0,0.0,45.84,45.84,1,0,0.32745196085434675,2
25.04767,66.950877,100.37,52,1,1,0,2,28,28,7,1,31,0,1,0.0,100.37,100.37,1,1,0.716979784270305,4
24.765097,67.041856,93.04,60,1,1,0,1,56,28,7,1,31,0,1,0.0,93.04,93.04,1,0,0.6646189013500965,4
24.911799,67.198186,8.53,342,1,1,0,6,44,28,7,1,31,0,0,0.0,8.53,8.53,1,0,0.06093292378027001,1
24.962841,67.24424,65.75,81,1,1,0,14,9,27,7,0,31,0,0,0.0,65.75,65.75,1,0,0.46967640545753264,3
24.917384,66.997299,2.98,25,1,1,0,7,12,28,7,1,31,0,0,0.0,2.98,2.98,1,0,0.02128723480248589,1
24.914135,66.943738,17.8,117,1,1,0,9,58,28,7,1,31,0,0,0.0,17.8,17.8,1,0,0.12715193942424458,1
24.907145,67.034225,98.66,40,1,1,0,22,5,27,7,0,31,0,1,0.0,98.66,98.66,1,0,0.7047646260447175,4
24.806139,67.128496,75.84,314,1,1,0,1,31,28,7,1,31,0,1,0.0,75.84,75.84,1,0,0.5417529823558825,3
24.872193,67.133986,40.0,325,1,1,0,12,32,27,7,0,31,0,0,0.0,40.0,40.0,1,0,0.2857346953353811,2
24.994777,67.243232,67.03,34,1,1,0,15,25,27,7,0,31,0,0,0.0,67.03,67.03,1,0,0.4788199157082649,3
24.975886,67.085321,20.41,136,1,1,0,15,0,27,7,0,31,0,0,0.0,20.41,20.41,1,0,0.1457961282948782,1
25.086432,66.920664,32.15,316,1,1,0,1,7,28,7,1,31,0,1,0.0,32.15,32.15,1,0,0.22965926137581252,2
24.947347,66.965413,91.69,294,1,1,0,16,15,27,7,0,31,0,0,0.0,91.69,91.69,1,0,0.6549753553825273,4
24.87235,67.260072,84.44,335,1,1,0,0,35,28,7,1,31,0,1,0.0,84.44,84.44,1,0,0.6031859418529895,3
24.804382,67.0307,128.93,300,1,1,0,12,15,27,7,0,31,0,0,0.0,128.93,128.93,1,1,0.9209943567397672,4
25.006389,67.285434,106.08,148,1,1,0,11,6,28,7,1,31,0,0,0.0,106.08,106.08,1,1,0.7577684120294306,4
25.004821,67.15959,28.49,357,1,1,0,5,28,28,7,1,31,0,1,0.0,28.49,28.49,1,0,0.20351453675262515,1
24.762088,67.147293,128.46,298,1,1,0,7,34,28,7,1,31,0,0,0.0,128.46,128.46,1,1,0.9176369740695764,4
25.060204,67.259658,113.35,281,1,1,0,11,16,28,7,1,31,0,0,0.0,113.35,113.35,1,1,0.809700692906636,4
24.915017,67.244013,101.46,2,1,1,0,21,17,27,7,0,31,0,1,0.0,101.46,101.46,1,1,0.7247660547181941,4
24.946884,66.98851,51.9,74,1,1,0,10,45,28,7,1,31,0,0,0.0,51.9,51.9,1,0,0.3707407671976569,2
25.096664,67.246002,92.95,3,1,1,0,14,21,27,7,0,31,0,0,0.0,92.95,92.95,1,0,0.6639759982855918,4
24.837364,66.945379,55.72,95,1,1,0,17,10,27,7,0,31,0,0,0.0,55.72,55.72,1,0,0.39802843060218585,2
24.773857,67.130605,23.76,180,1,1,0,8,6,28,7,1,31,0,0,0.0,23.76,23.76,1,0,0.16972640902921637,1
24.895031,67.270577,55.87,214,1,1,0,14,57,27,7,0,31,0,0,0.0,55.87,55.87,1,0,0.3990999357096935,2
24.953612,66.969366,44.96,149,1,1,0,12,6,27,7,0,31,0,0,0.0,44.96,44.96,1,0,0.32116579755696834,2
24.921629,67.217836,109.18,93,1,1,0,3,50,28,7,1,31,0,1,0.0,109.18,109.18,1,1,0.7799128509179227,4
24.966577,67.124126,39.33,120,1,1,0,3,15,28,7,1,31,0,1,0.0,39.33,39.33,1,0,0.2809486391885134,2
25.029741,67.251949,43.31,18,1,1,0,3,26,28,7,1,31,0,1,0.0,43.31,43.31,1,0,0.3093792413743839,2
24.793086,67.042294,21.16,79,1,1,0,8,44,28,7,1,31,0,0,0.0,21.16,21.16,1,0,0.15115365383241658,1
24.876199,67.224014,107.86,301,1,1,0,16,5,27,7,0,31,0,0,0.0,107.86,107.86,1,1,0.7704836059718551,4
25.068395,66.929396,96.05,41,1,1,0,23,37,27,7,0,31,0,1,0.0,96.05,96.05,1,0,0.6861204371740838,4
25.0452,67.198035,34.26,189,1,1,0,20,9,27,7,0,31,0,1,0.0,34.26,34.26,1,0,0.24473176655475387,2
24.757451,66.990109,105.89,115,1,1,0,20,50,27,7,0,31,0,1,0.0,105.89,105.89,1,1,0.7564111722265876,4
24.914228,67.044451,14.96,277,1,1,0,7,27,28,7,1,31,0,0,0.0,14.96,14.96,1,0,0.10686477605543253,1
24.954074,66.925453,81.21,309,1,1,0,23,5,27,7,0,31,0,1,0.0,81.21,81.21,1,0,0.5801128652046574,3
25.021813,67.293781,98.62,313,1,1,0,21,8,27,7,0,31,0,1,0.0,98.62,98.62,1,0,0.7044788913493821,4
24.776755,67.044919,11.16,247,1,1,0,13,19,27,7,0,31,0,0,0.0,11.16,11.16,1,0,0.07971997999857132,1
24.915916,67.091736,70.13,156,1,1,0,12,29,27,7,0,31,0,0,0.0,70.13,70.13,1,0,0.5009643545967568,3
25.047269,67.020295,105.62,73,1,1,0,18,29,27,7,0,31,0,0,0.0,105.62,105.62,1,1,0.7544824630330738,4
24.952667,67.027683,76.98,38,1,1,0,8,46,28,7,1,31,0,0,0.0,76.98,76.98,1,0,0.5498964211729409,3
25.03437,67.007965,46.11,87,1,1,0,6,20,28,7,1,31,0,0,0.0,46.11,46.11,1,0,0.32938067004786054,2
24.844404,66.925613,129.71,202,1,1,0,17,34,27,7,0,31,0,0,0.0,129.71,129.71,1,1,0.926566183298807,4
24.803796,67.029052,99.36,26,1,1,0,12,34,27,7,0,31,0,0,0.0,99.36,99.36,1,0,0.7097649832130866,4
24.877972,66.923041,136.38,272,1,1,0,2,45,28,7,1,31,0,1,0.0,136.38,136.38,1,1,0.9742124437459818,4
24.771451,67.253658,94.16,270,1,1,0,0,31,28,7,1,31,0,1,0.0,94.16,94.16,1,0,0.6726194728194871,4
24.830665,66.978918,39.88,187,1,1,0,9,0,28,7,1,31,0,0,0.0,39.88,39.88,1,0,0.28487749124937495,2
24.891486,66.921118,98.94,99,1,1,0,9,22,28,7,1,31,0,0,0.0,98.94,98.94,1,0,0.7067647689120651,4
25.032367,67.171169,62.08,265,1,1,0,15,59,27,7,0,31,0,0,0.0,62.08,62.08,1,0,0.4434602471605114,3
24.841466,67.082188,97.65,348,1,1,0,5,59,28,7,1,31,0,1,0.0,97.65,97.65,1,0,0.6975498249874991,4
24.820417,67.129598,130.07,146,1,1,0,7,28,28,7,1,31,0,0,0.0,130.07,130.07,1,1,0.9291377955568254,4
25.089496,67.110213,74.78,134,1,1,0,4,20,28,7,1,31,0,1,0.0,74.78,74.78,1,0,0.5341810129294949,3
24.854732,67.034549,138.69,260,1,1,0,15,58,27,7,0,31,0,0,0.0,138.69,138.69,1,1,0.9907136224016,4
25.027434,67.10576,99.1,72,1,1,0,13,22,27,7,0,31,0,0,0.0,99.1,99.1,1,0,0.7079077076934066,4
24.912574,67.296842,68.09,218,1,1,0,0,37,28,7,1,31,0,1,0.0,68.09,68.09,1,0,0.4863918851346525,3
24.818787,67.020005,38.44,2,1,1,0,8,43,28,7,1,31,0,0,0.0,38.44,38.44,1,0,0.2745910422173012,2
24.906736,67.026025,102.05,248,1,1,0,11,50,27,7,0,31,0,0,0.0,102.05,102.05,1,1,0.728980641474391,4
24.88099,67.090938,95.86,176,1,1,0,7,42,28,7,1,31,0,0,0.0,95.86,95.86,1,0,0.6847631973712408,4
24.864642,66.958672,6.83,99,1,1,0,19,58,27,7,0,31,0,0,0.0,6.83,6.83,1,0,0.04878919922851632,1
24.776623,67.27321,16.24,131,1,1,0,2,4,28,7,1,31,0,1,0.0,16.24,16.24,1,0,0.1160082863061647,1
24.936031,67.073891,130.54,153,1,1,0,20,37,27,7,0,31,0,1,0.0,130.54,130.54,1,1,0.9324951782270161,4
24.799949,67.133058,30.71,93,1,1,0,12,39,27,7,0,31,0,0,0.0,30.71,30.71,1,0,0.21937281234373884,2
25.047727,66.963841,116.48,196,1,1,0,10,44,28,7,1,31,0,0,0.0,116.48,116.48,1,1,0.8320594328166298,4
24.983951,66.938559,75.6,252,1,1,0,14,33,27,7,0,31,0,0,0.0,75.6,75.6,1,0,0.5400385741838702,3
25.013664,67.126244,10.03,194,1,1,0,21,25,27,7,0,31,0,1,0.0,10.03,10.03,1,0,0.0716479748553468,1
24.940956,67.025206,105.71,333,1,1,0,2,46,28,7,1,31,0,1,0.0,105.71,105.71,1,1,0.7551253660975783,4
24.905049,66.958248,44.62,329,1,1,0,16,1,27,7,0,31,0,0,0.0,44.62,44.62,1,0,0.31873705264661756,2
25.066744,67.171248,2.53,243,1,1,0,17,58,27,7,0,31,0,0,0.0,2.53,2.53,1,0,0.01807271947996285,1
25.083836,67.250341,60.87,134,1,1,0,17,7,27,7,0,31,0,0,0.0,60.87,60.87,1,0,0.43481677262661617,3
24.789953,67.290798,74.6,269,1,1,0,19,44,27,7,0,31,0,0,0.0,74.6,74.6,1,0,0.5328952068004856,3
24.809684,67.015624,28.05,166,1,1,0,4,7,28,7,1,31,0,1,0.0,28.05,28.05,1,0,0.20037145510393597,1
24.949037,67.219713,6.3,320,1,1,0,8,54,28,7,1,31,0,0,0.0,6.3,6.3,1,0,0.04500321451532252,1
24.805895,67.030974,34.76,295,1,1,0,23,57,27,7,0,31,0,1,0.0,34.76,34.76,1,0,0.24830345024644615,2
24.823142,67.298974,30.79,34,1,1,0,1,33,28,7,1,31,0,1,0.0,30.79,30.79,1,0,0.21994428173440958,2
24.936965,66.98363,15.94,294,1,1,0,7,40,28,7,1,31,0,0,0.0,15.94,15.94,1,0,0.11386527609114935,1
24.907813,67.008564,116.63,291,1,1,0,2,9,28,7,1,31,0,1,0.0,116.63,116.63,1,1,0.8331309379241374,4
24.940872,66.989812,121.29,259,1,1,0,22,9,27,7,0,31,0,1,0.0,121.29,121.29,1,1,0.8664190299307093,4
24.91578,67.011561,88.88,285,1,1,0,19,58,27,7,0,31,0,0,0.0,88.88,88.88,1,0,0.6349024930352167,3
24.777568,67.270976,53.47,154,1,1,0,19,58,27,7,0,31,0,0,0.0,53.47,53.47,1,0,0.38195585398957066,2
25.020848,66.987043,28.18,190,1,1,0,9,12,28,7,1,31,0,0,0.0,28.18,28.18,1,0,0.20130009286377598,1
24.930267,67.173719,114.23,127,1,1,0,19,31,27,7,0,31,0,0,0.0,114.23,114.23,1,1,0.8159868562040146,4
24.921104,66.986806,3.57,73,1,1,0,13,22,27,7,0,31,0,0,0.0,3.57,3.57,1,0,0.02550182155868276,1
25.098415,66.94748,40.81,94,1,1,0,13,10,27,7,0,31,0,0,0.0,40.81,40.81,1,0,0.2915208229159226,2
24.937911,67.046317,80.83,100,1,1,0,18,41,27,7,0,31,0,0,0.0,80.83,80.83,1,0,0.5773983855989713,3
25.028236,67.242576,42.0,318,1,1,0,13,59,27,7,0,31,0,0,0.0,42.0,42.0,1,0,0.30002143010215016,2
24.760086,67.173786,53.17,66,1,1,0,17,45,27,7,0,31,0,0,0.0,53.17,53.17,1,0,0.3798128437745553,2
24.913022,67.000243,64.54,253,1,1,0,15,25,27,7,0,31,0,0,0.0,64.54,64.54,1,0,0.4610329309236374,3
24.803957,67.272754,59.63,305,1,1,0,11,39,27,7,0,31,0,0,0.0,59.63,59.63,1,0,0.42595899707121937,2
24.903591,66.963293,111.78,136,1,1,0,22,7,27,7,0,31,0,1,0.0,111.78,111.78,1,1,0.7984856061147224,4
25.026837,67.201632,130.19,351,1,1,0,11,57,27,7,0,31,0,0,0.0,130.19,130.19,1,1,0.9299949996428315,4
24.942201,67.057791,47.43,153,1,1,0,22,0,27,7,0,31,0,1,0.0,47.43,47.43,1,0,0.3388099149939281,2
25.061769,67.000578,69.04,27,1,1,0,17,1,27,7,0,31,0,0,0.0,69.04,69.04,1,0,0.49317808414886777,3
24.773781,67.185961,76.14,358,1,1,0,12,22,27,7,0,31,0,0,0.0,76.14,76.14,1,0,0.5438959925708979,3
24.761328,67.007667,77.24,291,1,1,0,14,47,27,7,0,31,0,0,0.0,77.24,77.24,1,0,0.5517536966926209,3
24.983559,66.945343,27.3,316,1,1,0,6,8,28,7,1,31,0,0,0.0,27.3,27.3,1,0,0.1950139295663976,1
24.852798,66.926815,128.43,313,1,1,0,9,22,28,7,1,31,0,0,0.0,128.43,128.43,1,1,0.9174226730480749,4
24.959677,66.96243,16.02,322,1,1,0,0,29,28,7,1,31,0,1,0.0,16.02,16.02,1,0,0.11443674548182012,1
25.090484,66.966992,79.66,353,1,1,0,7,55,28,7,1,31,0,0,0.0,79.66,79.66,1,0,0.5690406457604114,3
25.049932,67.16904,0.46,298,1,1,0,23,21,27,7,0,31,0,1,0.0,0.46,0.46,1,0,0.0032859489963568828,1
24.869503,67.196789,96.81,75,1,1,0,3,14,28,7,1,31,0,1,0.0,96.81,96.81,1,0,0.6915493963854561,4
24.789084,67.19588,30.02,244,1,1,0,11,46,27,7,0,31,0,0,0.0,30.02,30.02,1,0,0.21444388884920348,2
25.092368,67.232078,57.49,336,1,1,0,21,24,27,7,0,31,0,1,0.0,57.49,57.49,1,0,0.4106721908707765,2
25.026849,67.145955,101.82,85,1,1,0,16,50,27,7,0,31,0,0,0.0,101.82,101.82,1,1,0.7273376669762125,4
24.842691,67.144722,53.72,13,1,1,0,1,40,28,7,1,31,0,1,0.0,53.72,53.72,1,0,0.3837416958354168,2
24.967154,67.232974,115.41,169,1,1,0,4,30,28,7,1,31,0,1,0.0,115.41,115.41,1,1,0.8244160297164083,4
25.075489,67.093968,68.77,318,1,1,0,20,12,27,7,0,31,0,1,0.0,68.77,68.77,1,0,0.49124937495535387,3
24.948022,67.193519,112.0,62,1,1,0,3,43,28,7,1,31,0,1,0.0,112.0,112.0,1,1,0.800057146939067,4
24.752602,67.172283,81.62,95,1,1,0,2,41,28,7,1,31,0,1,0.0,81.62,81.62,1,0,0.5830416458318451,3
24.818492,66.978368,107.21,228,1,1,0,19,42,27,7,0,31,0,0,0.0,107.21,107.21,1,1,0.765840417172655,4
25.08582,66.985026,52.67,89,1,1,0,0,38,28,7,1,31,0,1,0.0,52.67,52.67,1,0,0.37624116008286307,2
24.936108,67.22778,36.66,185,1,1,0,8,57,28,7,1,31,0,0,0.0,36.66,36.66,1,0,0.26187584827487675,2
24.99434,66.920776,16.27,12,1,1,0,3,56,28,7,1,31,0,1,0.0,16.27,16.27,1,0,0.11622258732766626,1
24.759215,67.210423,27.74,199,1,1,0,8,47,28,7,1,31,0,0,0.0,27.74,27.74,1,0,0.19815701121508678,1
24.862654,67.156088,136.32,114,1,1,0,14,29,27,7,0,31,0,0,0.0,136.32,136.32,1,1,0.9737838417029787,4
24.817029,67.226512,95.28,320,1,1,0,0,18,28,7,1,31,0,1,0.0,95.28,95.28,1,0,0.6806200442888778,4
24.931973,67.185118,14.36,350,1,1,0,23,43,27,7,0,31,0,1,0.0,14.36,14.36,1,0,0.10257875562540181,1
24.985311,67.29531,57.28,51,1,1,0,17,39,27,7,0,31,0,0,0.0,57.28,57.28,1,0,0.4091720837202657,2
24.911259,67.294457,9.96,131,1,1,0,19,15,27,7,0,31,0,0,0.0,9.96,9.96,1,0,0.07114793913850989,1
24.900059,67.021285,128.37,20,1,1,0,17,9,27,7,0,31,0,0,0.0,128.37,128.37,1,1,0.9169940710050718,4
24.802531,67.247527,79.17,91,1,1,0,9,29,28,7,1,31,0,0,0.0,79.17,79.17,1,0,0.565540395742553,3
24.849248,67.080745,88.13,279,1,1,0,16,52,27,7,0,31,0,0,0.0,88.13,88.13,1,0,0.6295449674976783,3
24.886178,67.205604,60.3,291,1,1,0,17,29,27,7,0,31,0,0,0.0,60.3,60.3,1,0,0.430745053218087,3
24.946092,67.178057,70.6,106,1,1,0,12,38,27,7,0,31,0,0,0.0,70.6,70.6,1,0,0.5043217372669475,3
24.795422,66.981121,65.8,305,1,1,0,13,56,27,7,0,31,0,0,0.0,65.8,65.8,1,0,0.47003357382670186,3
25.017325,67.278085,34.18,169,1,1,0,9,57,28,7,1,31,0,0,0.0,34.18,34.18,1,0,0.24416029716408313,2
24.990272,67.125324,122.88,330,1,1,0,8,59,28,7,1,31,0,0,0.0,122.88,122.88,1,1,0.8777769840702907,4
24.93218,67.20645,18.77,303,1,1,0,6,24,28,7,1,31,0,0,0.0,18.77,18.77,1,0,0.13408100578612756,1
24.928342,67.098315,0.91,91,1,1,0,8,57,28,7,1,31,0,0,0.0,0.91,0.91,1,0,0.00650046431887992,1
24.920437,67.129538,9.63,246,1,1,0,11,57,27,7,0,31,0,0,0.0,9.63,9.63,1,0,0.068790627901993,1
24.816592,67.103488,101.48,37,1,1,0,15,51,27,7,0,31,0,0,0.0,101.48,101.48,1,1,0.7249089220658619,4
25.008644,67.280347,104.95,270,1,1,0,13,10,27,7,0,31,0,0,0.0,104.95,104.95,1,1,0.7496964068862061,4
25.021975,67.023226,80.76,20,1,1,0,18,48,27,7,0,31,0,0,0.0,80.76,80.76,1,0,0.5768983498821344,3
24.829247,67.00887,106.6,139,1,1,0,3,30,28,7,1,31,0,1,0.0,106.6,106.6,1,1,0.7614829630687905,4
24.85644,66.955296,129.93,61,1,1,0,18,55,27,7,0,31,0,0,0.0,129.93,129.93,1,1,0.9281377241231517,4
25.02705,66.977205,55.66,294,1,1,0,15,52,27,7,0,31,0,0,0.0,55.66,55.66,1,0,0.39759982855918274,2
24.925174,66.963989,111.37,306,1,1,0,16,57,27,7,0,31,0,0,0.0,111.37,111.37,1,1,0.7955568254875348,4
25.080998,67.003148,124.12,57,1,1,0,0,19,28,7,1,31,0,1,0.0,124.12,124.12,1,1,0.8866347596256875,4
24.85936,66.969448,130.33,243,1,1,0,20,10,27,7,0,31,0,1,0.0,130.33,130.33,1,1,0.9309950710765055,4
24.861439,67.208554,136.8,185,1,1,0,13,18,27,7,0,31,0,0,0.0,136.8,136.8,1,1,0.9772126580470034,4
24.757046,67.015404,10.68,208,1,1,0,1,23,28,7,1,31,0,1,0.0,10.68,10.68,1,0,0.07629116365454675,1
25.036105,67.185159,86.28,343,1,1,0,15,55,27,7,0,31,0,0,0.0,86.28,86.28,1,0,0.616329737838417,3
25.000874,67.05601,95.76,184,1,1,0,13,21,27,7,0,31,0,0,0.0,95.76,95.76,1,0,0.6840488606329024,4
24.783752,67.115564,100.49,332,1,1,0,3,55,28,7,1,31,0,1,0.0,100.49,100.49,1,1,0.717836988356311,4
24.795001,67.065326,74.8,1,1,1,0,7,48,28,7,1,31,0,0,0.0,74.8,74.8,1,0,0.5343238802771626,3
24.916689,67.06779,103.9,313,1,1,0,18,13,27,7,0,31,0,0,0.0,103.9,103.9,1,1,0.7421958711336524,4
24.809747,67.267644,35.77,282,1,1,0,5,18,28,7,1,31,0,1,0.0,35.77,35.77,1,0,0.25551825130366457,2
24.785399,67.20835,10.8,269,1,1,0,9,58,28,7,1,31,0,0,0.0,10.8,10.8,1,0,0.07714836774055289,1
24.980358,66.980681,121.88,83,1,1,0,19,54,27,7,0,31,0,0,0.0,121.88,121.88,1,1,0.8706336166869061,4
24.945299,67.007937,29.09,198,1,1,0,9,0,28,7,1,31,0,0,0.0,29.09,29.09,1,0,0.2078005571826559,1
24.851486,66.981248,117.77,283,1,1,0,9,55,28,7,1,31,0,0,0.0,117.77,117.77,1,1,0.8412743767411958,4
24.843481,66.939311,120.17,335,1,1,0,14,4,27,7,0,31,0,0,0.0,120.17,120.17,1,1,0.8584184584613186,4
24.966406,67.095485,96.92,53,1,1,0,2,18,28,7,1,31,0,1,0.0,96.92,96.92,1,0,0.6923351667976284,4
25.032469,66.936424,88.43,344,1,1,0,5,36,28,7,1,31,0,1,0.0,88.43,88.43,1,0,0.6316879777126938,3
24.926827,66.986964,107.54,237,1,1,0,12,12,27,7,0,31,0,0,0.0,107.54,107.54,1,1,0.7681977284091721,4
25.042737,66.976557,20.88,36,1,1,0,2,27,28,7,1,31,0,1,0.0,20.88,20.88,1,0,0.1491535109650689,1
24.914057,67.076144,117.94,73,1,1,0,20,53,27,7,0,31,0,1,0.0,117.94,117.94,1,1,0.8424887491963711,4
25.096842,67.236598,132.55,80,1,1,0,11,51,27,7,0,31,0,0,0.0,132.55,132.55,1,1,0.9468533466676191,4
24.982935,67.046277,127.89,34,1,1,0,2,37,28,7,1,31,0,1,0.0,127.89,127.89,1,1,0.9135652546610472,4
25.046124,67.185019,96.55,359,1,1,0,7,12,28,7,1,31,0,0,0.0,96.55,96.55,1,0,0.689692120865776,4
24.829374,67.183901,93.05,171,1,1,0,17,32,27,7,0,31,0,0,0.0,93.05,93.05,1,0,0.6646903350239303,4
25.021576,67.23015,17.82,108,1,1,0,6,40,28,7,1,31,0,0,0.0,17.82,17.82,1,0,0.12729480677191227,1
24.899167,66.909958,103.09,139,1,1,0,21,36,27,7,0,31,0,1,0.0,103.09,103.09,1,1,0.736409743553111,4
25.013982,66.950567,88.92,265,1,1,0,7,18,28,7,1,31,0,0,0.0,88.92,88.92,1,0,0.6351882277305522,3
24.865263,67.094418,33.8,70,1,1,0,22,44,27,7,0,31,0,1,0.0,33.8,33.8,1,0,0.241445817558397,2
24.981573,67.296012,47.65,213,1,1,0,10,41,28,7,1,31,0,0,0.0,47.65,47.65,1,0,0.3403814558182727,2
25.026247,67.023086,98.34,48,1,1,0,8,48,28,7,1,31,0,0,0.0,98.34,98.34,1,0,0.7024787484820344,4
24.773532,66.961586,134.04,191,1,1,0,11,36,27,7,0,31,0,0,0.0,134.04,134.04,1,1,0.957496964068862,4
25.014847,67.288775,86.13,20,1,1,0,7,32,28,7,1,31,0,0,0.0,86.13,86.13,1,0,0.6152582327309093,3
24.949671,67.127626,35.87,111,1,1,0,8,32,28,7,1,31,0,0,0.0,35.87,35.87,1,0,0.25623258804200294,2
25.077603,67.095057,38.86,295,1,1,0,6,57,28,7,1,31,0,0,0.0,38.86,38.86,1,0,0.2775912565183227,2
24.95797,67.010217,137.51,129,1,1,0,2,23,28,7,1,31,0,1,0.0,137.51,137.51,1,1,0.9822844488892063,4
24.786197,67.083651,89.37,305,1,1,0,6,53,28,7,1,31,0,0,0.0,89.37,89.37,1,0,0.6384027430530752,3
24.937343,67.046472,124.48,196,1,1,0,12,10,27,7,0,31,0,0,0.0,124.48,124.48,1,1,0.889206371883706,4
24.855245,67.242403,46.86,216,1,1,0,5,9,28,7,1,31,0,1,0.0,46.86,46.86,1,0,0.3347381955853989,2
24.898285,67.102368,16.95,309,1,1,0,18,14,27,7,0,31,0,0,0.0,16.95,16.95,1,0,0.12108007714836773,1
25.033408,66.937955,61.14,72,1,1,0,13,2,27,7,0,31,0,0,0.0,61.14,61.14,1,0,0.43674548182013,3
25.063523,67.064337,119.96,217,1,1,0,17,46,27,7,0,31,0,0,0.0,119.96,119.96,1,1,0.8569183513108078,4
24.75523,67.206527,139.22,158,1,1,0,15,25,27,7,0,31,0,0,0.0,139.22,139.22,1,1,0.9944996071147938,4
25.003874,66.928289,11.57,132,1,1,0,23,15,27,7,0,31,0,1,0.0,11.57,11.57,1,0,0.08264876062575897,1
24.9348,66.924692,137.14,354,1,1,0,18,51,27,7,0,31,0,0,0.0,137.14,137.14,1,1,0.9796414029573539,4
24.85786,67.291984,45.29,257,1,1,0,3,54,28,7,1,31,0,1,0.0,45.29,45.29,1,0,0.3235231087934852,2
24.801131,67.006601,11.23,200,1,1,0,8,45,28,7,1,31,0,0,0.0,11.23,11.23,1,0,0.08022001571540824,1
25.031694,66.982757,70.44,307,1,1,0,21,58,27,7,0,31,0,1,0.0,70.44,70.44,1,0,0.5031787984856061,3
24.784922,67.142254,69.51,193,1,1,0,5,38,28,7,1,31,0,1,0.0,69.51,69.51,1,0,0.4965354668190585,3
24.869167,67.212209,18.51,19,1,1,0,5,11,28,7,1,31,0,1,0.0,18.51,18.51,1,0,0.1322237302664476,1
25.073372,67.006224,95.65,350,1,1,0,2,50,28,7,1,31,0,1,0.0,95.65,95.65,1,0,0.6832630902207301,4
25.020525,67.017441,48.41,40,1,1,0,14,51,27,7,0,31,0,0,0.0,48.41,48.41,1,0,0.34581041502964494,2
24.78149,67.26634,51.04,47,1,1,0,12,56,27,7,0,31,0,0,0.0,51.04,51.04,1,0,0.3645974712479462,2
24.753407,67.040857,23.9,242,1,1,0,14,7,27,7,0,31,0,0,0.0,23.9,23.9,1,0,0.17072648046289018,1
24.882509,66.973922,50.65,312,1,1,0,9,1,28,7,1,31,0,0,0.0,50.65,50.65,1,0,0.3618115579684263,2
24.893631,66.957517,134.3,82,1,1,0,2,31,28,7,1,31,0,1,0.0,134.3,134.3,1,1,0.959354239588542,4
24.97709,67.020306,78.52,220,1,1,0,13,36,27,7,0,31,0,0,0.0,78.52,78.52,1,0,0.560897206943353,3
24.874415,67.136352,11.43,305,1,1,0,21,26,27,7,0,31,0,1,0.0,11.43,11.43,1,0,0.08164868919208514,1
24.935067,66.991523,128.73,245,1,1,0,22,53,27,7,0,31,0,1,0.0,128.73,128.73,1,1,0.9195656832630901,4
24.959026,66.937134,110.61,189,1,1,0,3,54,28,7,1,31,0,1,0.0,110.61,110.61,1,1,0.7901278662761625,4
24.987139,67.088541,46.31,1,1,1,0,15,7,27,7,0,31,0,0,0.0,46.31,46.31,1,0,0.33080934352453745,2
24.904826,67.01872,66.23,74,1,1,0,7,24,28,7,1,31,0,0,0.0,66.23,66.23,1,0,0.47310522180155723,3
24.899624,67.208243,96.57,84,1,1,0,11,58,27,7,0,31,0,0,0.0,96.57,96.57,1,0,0.6898349882134437,4
25.005362,66.990115,57.93,97,1,1,0,23,2,27,7,0,31,0,1,0.0,57.93,57.93,1,0,0.41381527251946565,2
25.034602,67.129958,133.94,355,1,1,0,19,13,27,7,0,31,0,0,0.0,133.94,133.94,1,1,0.9567826273305235,4
24.800969,67.08781,81.71,308,1,1,0,22,52,27,7,0,31,0,1,0.0,81.71,81.71,1,0,0.5836845488963497,3
25.04998,67.165867,63.27,267,1,1,0,12,21,27,7,0,31,0,0,0.0,63.27,63.27,1,0,0.45196085434673905,3
25.071261,66.965408,86.2,4,1,1,0,10,29,28,7,1,31,0,0,0.0,86.2,86.2,1,0,0.6157582684477463,3
24.992993,67.128945,85.84,153,1,1,0,20,2,27,7,0,31,0,1,0.0,85.84,85.84,1,0,0.6131866561897278,3
25.044776,67.097317,61.28,303,1,1,0,6,22,28,7,1,31,0,0,0.0,61.28,61.28,1,0,0.4377455532538038,3
24.771912,67.253775,114.41,225,1,1,0,6,50,28,7,1,31,0,0,0.0,114.41,114.41,1,1,0.8172726623330238,4
24.907618,67.213711,66.52,54,1,1,0,10,47,28,7,1,31,0,0,0.0,66.52,66.52,1,0,0.4751767983427387,3
24.947882,67.137262,43.85,247,1,1,0,10,33,28,7,1,31,0,0,0.0,43.85,43.85,1,0,0.3132366597614115,2
24.804223,67.041289,26.65,197,1,1,0,8,12,28,7,1,31,0,0,0.0,26.65,26.65,1,0,0.19037074076719762,1
24.898575,67.016455,132.56,219,1,1,0,19,15,27,7,0,31,0,0,0.0,132.56,132.56,1,1,0.9469247803414529,4
25.049488,66.994852,105.62,168,1,1,0,15,46,27,7,0,31,0,0,0.0,105.62,105.62,1,1,0.7544824630330738,4
24.976489,67.044949,13.72,310,1,1,0,7,53,28,7,1,31,0,0,0.0,13.72,13.72,1,0,0.09800700050003572,1
24.804139,67.123442,43.16,110,1,1,0,23,15,27,7,0,31,0,1,0.0,43.16,43.16,1,0,0.3083077362668762,2
24.836729,66.944752,64.35,214,1,1,0,18,50,27,7,0,31,0,0,0.0,64.35,64.35,1,0,0.45967569112079426,3
24.917602,67.22924,115.15,87,1,1,0,12,47,27,7,0,31,0,0,0.0,115.15,115.15,1,1,0.8225587541967283,4
24.968491,67.263606,27.9,194,1,1,0,6,28,28,7,1,31,0,0,0.0,27.9,27.9,1,0,0.1992999499964283,1
24.982619,66.92563,27.98,52,1,1,0,7,56,28,7,1,31,0,0,0.0,27.98,27.98,1,0,0.19987141938709907,1
25.005935,66.987227,54.92,169,1,1,0,11,49,27,7,0,31,0,0,0.0,54.92,54.92,1,0,0.39231373669547825,2
25.076286,67.293313,19.86,104,1,1,0,6,58,28,7,1,31,0,0,0.0,19.86,19.86,1,0,0.1418672762340167,1
25.058255,67.053657,124.68,75,1,1,0,12,38,27,7,0,31,0,0,0.0,124.68,124.68,1,1,0.8906350453603828,4
24.825755,66.97133,82.97,288,1,1,0,7,37,28,7,1,31,0,0,0.0,82.97,82.97,1,0,0.5926851917994141,3
24.900211,66.931124,61.48,135,1,1,0,3,20,28,7,1,31,0,1,0.0,61.48,61.48,1,0,0.4391742267304807,3
25.020602,67.124386,33.54,44,1,1,0,2,39,28,7,1,31,0,1,0.0,33.54,33.54,1,0,0.23958854203871702,2
24.885617,66.986692,126.23,282,1,1,0,6,55,28,7,1,31,0,0,0.0,126.23,126.23,1,1,0.9017072648046289,4
24.815874,67.110092,99.79,222,1,1,0,21,19,27,7,0,31,0,1,0.0,99.79,99.79,1,0,0.712836631187942,4
25.09135,67.205507,39.25,174,1,1,0,16,35,27,7,0,31,0,0,0.0,39.25,39.25,1,0,0.28037716979784266,2
24.783305,67.00568,119.22,170,1,1,0,23,45,27,7,0,31,0,1,0.0,119.22,119.22,1,1,0.8516322594471033,4
25.098936,67.184661,68.88,47,1,1,0,9,45,28,7,1,31,0,0,0.0,68.88,68.88,1,0,0.4920351453675262,3
24.924208,66.949979,44.85,351,1,1,0,4,16,28,7,1,31,0,1,0.0,44.85,44.85,1,0,0.320380027144796,2
24.945042,66.994244,65.53,168,1,1,0,2,33,28,7,1,31,0,1,0.0,65.53,65.53,1,0,0.46810486463318807,3
24.82511,67.18779,11.05,93,1,1,0,22,43,27,7,0,31,0,1,0.0,11.05,11.05,1,0,0.07893420958639903,1
24.890312,67.102215,14.21,57,1,1,0,19,35,27,7,0,31,0,0,0.0,14.21,14.21,1,0,0.10150725051789414,1
24.907089,66.962553,132.32,190,1,1,0,19,33,27,7,0,31,0,0,0.0,132.32,132.32,1,1,0.9452103721694406,4
25.064532,67.094121,50.14,224,1,1,0,14,59,27,7,0,31,0,0,0.0,50.14,50.14,1,0,0.3581684406029002,2
24.973966,66.952496,14.82,34,1,1,0,9,21,28,7,1,31,0,0,0.0,14.82,14.82,1,0,0.10586470462175869,1
25.048818,66.979503,134.17,272,1,1,0,2,59,28,7,1,31,0,1,0.0,134.17,134.17,1,1,0.9584256018287018,4
25.056091,67.020342,104.24,36,1,1,0,12,26,27,7,0,31,0,0,0.0,104.24,104.24,1,1,0.7446246160440031,4
24.83935,66.944797,111.97,233,1,1,0,10,45,28,7,1,31,0,0,0.0,111.97,111.97,1,1,0.7998428459175655,4
24.996285,67.100105,24.6,342,1,1,0,22,27,27,7,0,31,0,1,0.0,24.6,24.6,1,0,0.17572683763125937,1
24.933511,67.255704,63.61,68,1,1,0,16,59,27,7,0,31,0,0,0.0,63.61,63.61,1,0,0.45438959925708977,3
24.867659,67.090342,110.09,25,1,1,0,15,23,27,7,0,31,0,0,0.0,110.09,110.09,1,1,0.7864133152368026,4
24.983979,67.128876,40.81,230,1,1,0,18,47,27,7,0,31,0,0,0.0,40.81,40.81,1,0,0.2915208229159226,2
24.770141,67.039041,78.39,75,1,1,0,9,1,28,7,1,31,0,0,0.0,78.39,78.39,1,0,0.5599685691835131,3
25.048538,66.995527,96.16,110,1,1,0,3,44,28,7,1,31,0,1,0.0,96.16,96.16,1,0,0.6869062075862561,4
25.078327,67.217605,133.31,244,1,1,0,0,33,28,7,1,31,0,1,0.0,133.31,133.31,1,1,0.9522823058789913,4
25.041261,67.246063,76.23,27,1,1,0,7,58,28,7,1,31,0,0,0.0,76.23,76.23,1,0,0.5445388956354025,3
25.053265,66.92918,36.04,294,1,1,0,7,20,28,7,1,31,0,0,0.0,36.04,36.04,1,0,0.25744696049717836,2
24.755843,66.984981,109.35,313,1,1,0,18,13,27,7,0,31,0,0,0.0,109.35,109.35,1,1,0.781127223373098,4
25.074312,66.939364,90.11,36,1,1,0,22,14,27,7,0,31,0,1,0.0,90.11,90.11,1,0,0.6436888349167798,4
24.856654,67.238572,36.66,325,1,1,0,20,24,27,7,0,31,0,1,0.0,36.66,36.66,1,0,0.26187584827487675,2
24.972106,67.20051,92.61,356,1,1,0,17,18,27,7,0,31,0,0,0.0,92.61,92.61,1,0,0.661547253375241,4
25.098922,67.288437,56.71,14,1,1,0,5,50,28,7,1,31,0,1,0.0,56.71,56.71,1,0,0.4051003643117365,2
24.890985,67.11622,71.69,5,1,1,0,5,37,28,7,1,31,0,1,0.0,71.69,71.69,1,0,0.5121080077148368,3
24.863713,67.083018,121.4,126,1,1,0,19,47,27,7,0,31,0,0,0.0,121.4,121.4,1,1,0.8672048003428816,4
25.074148,67.182696,11.3,303,1,1,0,1,1,28,7,1,31,0,1,0.0,11.3,11.3,1,0,0.08072005143224516,1
25.074188,67.013924,18.96,118,1,1,0,0,30,28,7,1,31,0,1,0.0,18.96,18.96,1,0,0.13543824558897063,1
24.786255,67.067236,136.34,220,1,1,0,4,9,28,7,1,31,0,1,0.0,136.34,136.34,1,1,0.9739267090506465,4
24.839669,67.032673,2.71,177,1,1,0,1,32,28,7,1,31,0,1,0.0,2.71,2.71,1,0,0.01935852560897207,1
25.000105,67.023827,10.54,324,1,1,0,6,5,28,7,1,31,0,0,0.0,10.54,10.54,1,0,0.07529109222087291,1
24.816546,67.000251,112.27,337,1,1,0,6,22,28,7,1,31,0,0,0.0,112.27,112.27,1,1,0.8019858561325808,4
24.808452,67.081377,109.41,70,1,1,0,21,50,27,7,0,31,0,1,0.0,109.41,109.41,1,1,0.781555825416101,4
24.888821,66.995732,97.39,164,1,1,0,1,2,28,7,1,31,0,1,0.0,97.39,97.39,1,0,0.6956925494678191,4
24.898651,66.99545,132.74,178,1,1,0,9,24,28,7,1,31,0,0,0.0,132.74,132.74,1,1,0.9482105864704622,4
24.786428,67.298928,45.52,0,1,1,0,15,20,27,7,0,31,0,0,0.0,45.52,45.52,1,0,0.3251660832916637,2
24.839512,67.098501,16.96,220,1,1,0,7,21,28,7,1,31,0,0,0.0,16.96,16.96,1,0,0.12115151082220159,1
25.007913,67.004765,77.15,54,1,1,0,15,12,27,7,0,31,0,0,0.0,77.15,77.15,1,0,0.5511107936281163,3
24.783095,67.068866,5.46,169,1,1,0,8,37,28,7,1,31,0,0,0.0,5.46,5.46,1,0,0.03900278591327952,1
24.893929,67.100219,127.29,4,1,1,0,23,10,27,7,0,31,0,1,0.0,127.29,127.29,1,1,0.9092792342310165,4
25.035238,66.973148,122.99,205,1,1,0,20,46,27,7,0,31,0,1,0.0,122.99,122.99,1,1,0.8785627544824629,4
24.850429,67.205227,50.63,130,1,1,0,0,24,28,7,1,31,0,1,0.0,50.63,50.63,1,0,0.3616686906207586,2
24.80992,67.03743,119.23,151,1,1,0,13,22,27,7,0,31,0,0,0.0,119.23,119.23,1,1,0.8517036931209372,4
24.905183,67.168895,132.21,167,1,1,0,10,57,28,7,1,31,0,0,0.0,132.21,132.21,1,1,0.9444246017572684,4
24.929701,66.975203,34.09,73,1,1,0,9,8,28,7,1,31,0,0,0.0,34.09,34.09,1,0,0.24351739409957854,2
24.849321,66.978512,127.05,309,1,1,0,19,38,27,7,0,31,0,0,0.0,127.05,127.05,1,1,0.9075648260590041,4
25.059757,67.206086,117.55,179,1,1,0,13,42,27,7,0,31,0,0,0.0,117.55,117.55,1,1,0.8397028359168511,4
25.0198,67.077078,23.66,358,1,1,0,12,55,27,7,0,31,0,0,0.0,23.66,23.66,1,0,0.16901207229087792,1
24.871224,67.249006,138.72,205,1,1,0,14,16,27,7,0,31,0,0,0.0,138.72,138.72,1,1,0.9909279234231015,4
24.983866,67.034559,105.07,253,1,1,0,23,31,27,7,0,31,0,1,0.0,105.07,105.07,1,1,0.7505536109722122,4
24.848441,67.151547,30.19,132,1,1,0,20,40,27,7,0,31,0,1,0.0,30.19,30.19,1,0,0.21565826130437887,2
24.811814,67.04889,103.17,76,1,1,0,22,40,27,7,0,31,0,1,0.0,103.17,103.17,1,1,0.7369812129437817,4
24.979211,67.130037,129.19,38,1,1,0,13,50,27,7,0,31,0,0,0.0,129.19,129.19,1,1,0.922851632259447,4
25.017249,66.935217,107.03,314,1,1,0,19,33,27,7,0,31,0,0,0.0,107.03,107.03,1,1,0.764554611043646,4
24.751344,67.216637,12.84,119,1,1,0,3,41,28,7,1,31,0,1,0.0,12.84,12.84,1,0,0.09172083720265732,1
25.001244,67.252788,34.31,276,1,1,0,13,17,27,7,0,31,0,0,0.0,34.31,34.31,1,0,0.24508893492392314,2
24.856211,66.908816,57.53,70,1,1,0,12,10,27,7,0,31,0,0,0.0,57.53,57.53,1,0,0.4109579255661118,2
25.076286,67.17213,69.34,338,1,1,0,6,6,28,7,1,31,0,0,0.0,69.34,69.34,1,0,0.4953210943638831,3
24.931056,67.015009,57.58,125,1,1,0,20,31,27,7,0,31,0,1,0.0,57.58,57.58,1,0,0.41131509393528104,2
24.799438,67.089654,111.02,159,1,1,0,15,44,27,7,0,31,0,0,0.0,111.02,111.02,1,1,0.7930566469033502,4
24.94069,67.131831,13.98,237,1,1,0,10,57,28,7,1,31,0,0,0.0,13.98,13.98,1,0,0.09986427601971569,1
25.00817,67.120846,107.79,259,1,1,0,4,24,28,7,1,31,0,1,0.0,107.79,107.79,1,1,0.7699835702550182,4
24.873283,67.092148,45.13,292,1,1,0,20,9,27,7,0,31,0,1,0.0,45.13,45.13,1,0,0.3223801700121437,2
24.998463,66.911504,106.9,60,1,1,0,3,15,28,7,1,31,0,1,0.0,106.9,106.9,1,1,0.763625973283806,4
24.967634,67.115705,99.57,231,1,1,0,20,46,27,7,0,31,0,1,0.0,99.57,99.57,1,0,0.7112650903635973,4
25.069497,67.161209,5.3,73,1,1,0,0,1,28,7,1,31,0,1,0.0,5.3,5.3,1,0,0.03785984713193799,1
24.966395,67.101279,42.38,266,1,1,0,21,6,27,7,0,31,0,1,0.0,42.38,42.38,1,0,0.30273590970783626,2
24.98347,66.951639,39.54,102,1,1,0,5,39,28,7,1,31,0,1,0.0,39.54,39.54,1,0,0.28244874633902417,2
24.991888,66.907222,14.35,24,1,1,0,16,52,27,7,0,31,0,0,0.0,14.35,14.35,1,0,0.10250732195156796,1
24.911832,67.222766,63.95,11,1,1,0,20,56,27,7,0,31,0,1,0.0,63.95,63.95,1,0,0.45681834416744055,3
25.083844,67.276604,91.65,90,1,1,0,0,51,28,7,1,31,0,1,0.0,91.65,91.65,1,0,0.6546896206871919,4
25.083237,66.909076,21.07,213,1,1,0,15,38,27,7,0,31,0,0,0.0,21.07,21.07,1,0,0.15051075076791198,1
25.026384,67.043404,126.68,98,1,1,0,20,22,27,7,0,31,0,1,0.0,126.68,126.68,1,1,0.904921780127152,4
24.90888,67.265424,59.61,328,1,1,0,22,49,27,7,0,31,0,1,0.0,59.61,59.61,1,0,0.42581612972355165,2
25.064654,67.201311,44.53,223,1,1,0,20,18,27,7,0,31,0,1,0.0,44.53,44.53,1,0,0.318094149582113,2
25.05025,66.905681,18.56,57,1,1,0,13,22,27,7,0,31,0,0,0.0,18.56,18.56,1,0,0.1325808986356168,1
24.931351,67.152542,33.69,122,1,1,0,7,34,28,7,1,31,0,0,0.0,33.69,33.69,1,0,0.2406600471462247,2
24.85037,67.167648,77.02,334,1,1,0,4,16,28,7,1,31,0,1,0.0,77.02,77.02,1,0,0.5501821558682762,3
24.963543,66.962853,110.01,264,1,1,0,18,6,27,7,0,31,0,0,0.0,110.01,110.01,1,1,0.7858418458461318,4
24.906357,67.006798,0.96,168,1,1,0,0,21,28,7,1,31,0,1,0.0,0.96,0.96,1,0,0.006857632688049146,1
24.836153,67.272419,131.49,77,1,1,0,0,50,28,7,1,31,0,1,0.0,131.49,131.49,1,1,0.9392813772412315,4
24.927625,66.949525,117.82,333,1,1,0,6,48,28,7,1,31,0,0,0.0,117.82,117.82,1,1,0.841631545110365,4
24.798811,66.937699,125.37,140,1,1,0,10,14,28,7,1,31,0,0,0.0,125.37,125.37,1,1,0.8955639688549182,4
24.750092,67.178075,84.77,153,1,1,0,7,8,28,7,1,31,0,0,0.0,84.77,84.77,1,0,0.6055432530895063,3
24.89689,67.166066,43.47,330,1,1,0,18,5,27,7,0,31,0,0,0.0,43.47,43.47,1,0,0.31052218015572536,2
24.978868,66.959453,125.16,200,1,1,0,3,13,28,7,1,31,0,1,0.0,125.16,125.16,1,1,0.8940638617044073,4
24.903209,67.294533,121.05,125,1,1,0,22,2,27,7,0,31,0,1,0.0,121.05,121.05,1,1,0.864704621758697,4
24.959403,67.019984,13.98,4,1,1,0,14,10,27,7,0,31,0,0,0.0,13.98,13.98,1,0,0.09986427601971569,1
25.059694,67.245534,77.39,106,1,1,0,16,20,27,7,0,31,0,0,0.0,77.39,77.39,1,0,0.5528252018001285,3
24.973632,67.180247,35.42,350,1,1,0,6,54,28,7,1,31,0,0,0.0,35.42,35.42,1,0,0.25301807271947996,2
25.098668,67.160634,120.72,268,1,1,0,22,8,27,7,0,31,0,1,0.0,120.72,120.72,1,1,0.86234731052218,4
24.957806,66.962508,55.06,190,1,1,0,8,9,28,7,1,31,0,0,0.0,55.06,55.06,1,0,0.39331380812915206,2
24.921508,66.956751,62.56,302,1,1,0,23,53,27,7,0,31,0,1,0.0,62.56,62.56,1,0,0.446889063504536,3
24.883554,67.066626,97.01,350,1,1,0,23,58,27,7,0,31,0,1,0.0,97.01,97.01,1,0,0.692978069862133,4
24.92809,67.291287,106.38,307,1,1,0,21,46,27,7,0,31,0,1,0.0,106.38,106.38,1,1,0.759911422244446,4
24.90046,67.165988,58.75,346,1,1,0,10,46,28,7,1,31,0,0,0.0,58.75,58.75,1,0,0.41967283377384096,2
25.047768,67.280657,104.38,248,1,1,0,4,11,28,7,1,31,0,1,0.0,104.38,104.38,1,1,0.7456246874776769,4
24.80385,66.939854,18.73,131,1,1,0,12,16,27,7,0,31,0,0,0.0,18.73,18.73,1,0,0.1337952710907922,1
25.076093,67.223216,30.56,131,1,1,0,2,30,28,7,1,31,0,1,0.0,30.56,30.56,1,0,0.21830130723623115,2
25.094491,66.93145,48.91,286,1,1,0,9,8,28,7,1,31,0,0,0.0,48.91,48.91,1,0,0.3493820987213372,2
24.903071,67.011384,83.33,32,1,1,0,8,19,28,7,1,31,0,0,0.0,83.33,83.33,1,0,0.5952568040574326,3
25.066624,67.203754,46.22,325,1,1,0,19,59,27,7,0,31,0,0,0.0,46.22,46.22,1,0,0.33016644046003285,2
24.96787,67.092109,14.86,77,1,1,0,19,33,27,7,0,31,0,0,0.0,14.86,14.86,1,0,0.10615043931709407,1
24.778278,67.28535,86.97,110,1,1,0,16,17,27,7,0,31,0,0,0.0,86.97,86.97,1,0,0.6212586613329523,3
24.852687,67.034723,97.57,172,1,1,0,13,49,27,7,0,31,0,0,0.0,97.57,97.57,1,0,0.6969783555968283,4
24.893248,67.121645,46.35,276,1,1,0,1,41,28,7,1,31,0,1,0.0,46.35,46.35,1,0,0.33109507821987283,2
24.833001,67.278373,132.84,167,1,1,0,14,46,27,7,0,31,0,0,0.0,132.84,132.84,1,1,0.9489249232088006,4
24.804967,67.010166,44.26,80,1,1,0,8,18,28,7,1,31,0,0,0.0,44.26,44.26,1,0,0.3161654403885992,2
25.035284,67.293362,100.79,335,1,1,0,11,13,28,7,1,31,0,0,0.0,100.79,100.79,1,1,0.7199799985713266,4
24.906917,67.206211,44.9,229,1,1,0,14,26,27,7,0,31,0,0,0.0,44.9,44.9,1,0,0.32073719551396523,2
24.889072,66.992846,31.37,189,1,1,0,17,59,27,7,0,31,0,0,0.0,31.37,31.37,1,0,0.22408743481677262,2
24.92487,67.002364,134.25,52,1,1,0,2,45,28,7,1,31,0,1,0.0,134.25,134.25,1,1,0.9589970712193727,4
24.799221,67.286945,63.31,16,1,1,0,2,5,28,7,1,31,0,1,0.0,63.31,63.31,1,0,0.45224658904207443,3
24.773667,67.179496,75.73,123,1,1,0,12,32,27,7,0,31,0,0,0.0,75.73,75.73,1,0,0.5409672119437102,3
24.831466,67.154224,76.61,327,1,1,0,20,54,27,7,0,31,0,1,0.0,76.61,76.61,1,0,0.5472533752410886,3
25.065695,67.115714,13.05,0,1,1,0,11,42,27,7,0,31,0,0,0.0,13.05,13.05,1,0,0.09322094435316808,1
24.794748,67.038564,104.45,179,1,1,0,4,14,28,7,1,31,0,1,0.0,104.45,104.45,1,1,0.7461247231945138,4
24.814249,67.231525,123.9,80,1,1,0,6,24,28,7,1,31,0,0,0.0,123.9,123.9,1,1,0.885063218801343,4
24.770054,67.176477,127.06,341,1,1,0,8,33,28,7,1,31,0,0,0.0,127.06,127.06,1,1,0.907636259732838,4
24.754475,67.169664,131.47,344,1,1,0,7,31,28,7,1,31,0,0,0.0,131.47,131.47,1,1,0.9391385098935637,4
24.787164,66.996695,106.49,62,1,1,0,1,36,28,7,1,31,0,1,0.0,106.49,106.49,1,1,0.7606971926566183,4
24.843893,67.118431,110.24,29,1,1,0,18,2,27,7,0,31,0,0,0.0,110.24,110.24,1,1,0.7874848203443102,4
25.054876,67.11862,3.0,322,1,1,0,0,3,28,7,1,31,0,1,0.0,3.0,3.0,1,0,0.02143010215015358,1
24.902332,67.060102,85.12,25,1,1,0,15,26,27,7,0,31,0,0,0.0,85.12,85.12,1,0,0.608043431673691,3
25.096349,66.920167,91.9,78,1,1,0,22,40,27,7,0,31,0,1,0.0,91.9,91.9,1,0,0.6564754625330381,4
24.974008,66.940514,34.35,191,1,1,0,9,25,28,7,1,31,0,0,0.0,34.35,34.35,1,0,0.24537466961925852,2
24.827077,67.184695,112.48,193,1,1,0,22,28,27,7,0,31,0,1,0.0,112.48,112.48,1,1,0.8034859632830916,4
25.081458,67.028989,69.9,183,1,1,0,17,22,27,7,0,31,0,0,0.0,69.9,69.9,1,0,0.49932138009857846,3
25.015565,66.955938,62.99,154,1,1,0,20,55,27,7,0,31,0,1,0.0,62.99,62.99,1,0,0.4499607114793914,3
25.061969,67.188017,115.04,265,1,1,0,0,42,28,7,1,31,0,1,0.0,115.04,115.04,1,1,0.821772983784556,4
24.84066,67.176314,2.66,166,1,1,0,16,18,27,7,0,31,0,0,0.0,2.66,2.66,1,0,0.019001357239802844,1
24.755751,66.930507,31.86,289,1,1,0,6,21,28,7,1,31,0,0,0.0,31.86,31.86,1,0,0.22758768483463102,2
24.767087,67.151372,67.14,130,1,1,0,19,28,27,7,0,31,0,0,0.0,67.14,67.14,1,0,0.47960568612043714,3
24.81517,67.125005,8.17,35,1,1,0,15,39,27,7,0,31,0,0,0.0,8.17,8.17,1,0,0.05836131152225159,1
24.992309,67.082693,4.86,174,1,1,0,20,50,27,7,0,31,0,1,0.0,4.86,4.86,1,0,0.034716765483248806,1
24.875115,67.056473,61.81,172,1,1,0,6,29,28,7,1,31,0,0,0.0,61.81,61.81,1,0,0.4415315379669976,3
25.050232,67.016026,116.44,247,1,1,0,0,39,28,7,1,31,0,1,0.0,116.44,116.44,1,1,0.8317736981212943,4
25.019816,67.039172,10.99,222,1,1,0,20,11,27,7,0,31,0,1,0.0,10.99,10.99,1,0,0.07850560754339596,1
24.763054,67.268588,103.42,213,1,1,0,4,57,28,7,1,31,0,1,0.0,103.42,103.42,1,1,0.7387670547896278,4
24.862882,67.12691,77.07,292,1,1,0,3,11,28,7,1,31,0,1,0.0,77.07,77.07,1,0,0.5505393242374454,3
24.993841,66.991181,37.23,21,1,1,0,19,28,27,7,0,31,0,0,0.0,37.23,37.23,1,0,0.26594756768340594,2
24.985276,67.212689,124.97,51,1,1,0,8,25,28,7,1,31,0,0,0.0,124.97,124.97,1,1,0.8927066219015644,4
24.984179,67.16317,114.68,90,1,1,0,20,23,27,7,0,31,0,1,0.0,114.68,114.68,1,1,0.8192013715265376,4
24.785557,67.266938,64.76,328,1,1,0,12,11,27,7,0,31,0,0,0.0,64.76,64.76,1,0,0.462604471747982,3
24.946303,67.289549,25.89,284,1,1,0,7,51,28,7,1,31,0,0,0.0,25.89,25.89,1,0,0.1849417815558254,1
24.886364,67.233246,52.02,325,1,1,0,17,55,27,7,0,31,0,0,0.0,52.02,52.02,1,0,0.3715979712836631,2
24.886811,67.114532,118.08,185,1,1,0,0,46,28,7,1,31,0,1,0.0,118.08,118.08,1,1,0.8434888206300449,4
24.869578,67.046668,30.78,358,1,1,0,10,26,28,7,1,31,0,0,0.0,30.78,30.78,1,0,0.21987284806057575,2
24.762953,67.113387,18.35,270,1,1,0,9,55,28,7,1,31,0,0,0.0,18.35,18.35,1,0,0.13108079148510607,1
24.875226,67.091204,26.1,250,1,1,0,0,23,28,7,1,31,0,1,0.0,26.1,26.1,1,0,0.18644188870633616,1
25.051603,66.945635,135.17,33,1,1,0,20,45,27,7,0,31,0,1,0.0,135.17,135.17,1,1,0.9655689692120865,4
25.059799,67.014797,123.27,81,1,1,0,16,3,27,7,0,31,0,0,0.0,123.27,123.27,1,1,0.8805628973498106,4
24.928478,67.028772,116.31,3,1,1,0,8,17,28,7,1,31,0,0,0.0,116.31,116.31,1,1,0.8308450603614543,4
24.992802,67.032819,94.91,325,1,1,0,23,46,27,7,0,31,0,1,0.0,94.91,94.91,1,0,0.6779769983570254,4
24.803822,67.28883,129.88,268,1,1,0,17,54,27,7,0,31,0,0,0.0,129.88,129.88,1,1,0.9277805557539823,4
25.097816,66.966748,49.36,183,1,1,0,4,37,28,7,1,31,0,1,0.0,49.36,49.36,1,0,0.3525966140438602,2
24.980175,66.948188,131.6,31,1,1,0,6,49,28,7,1,31,0,0,0.0,131.6,131.6,1,1,0.9400671476534037,4
25.075454,67.141864,120.68,316,1,1,0,17,0,27,7,0,31,0,0,0.0,120.68,120.68,1,1,0.8620615758268447,4
24.868039,67.257011,107.59,130,1,1,0,22,56,27,7,0,31,0,1,0.0,107.59,107.59,1,1,0.7685548967783413,4
24.989633,67.148182,80.53,171,1,1,0,9,21,28,7,1,31,0,0,0.0,80.53,80.53,1,0,0.575255375383956,3
24.908165,66.922794,4.57,293,1,1,0,0,18,28,7,1,31,0,1,0.0,4.57,4.57,1,0,0.03264518894206729,1
24.992172,66.985212,101.09,1,1,1,0,23,23,27,7,0,31,0,1,0.0,101.09,101.09,1,1,0.7221230087863418,4
24.965586,67.130369,38.56,213,1,1,0,18,38,27,7,0,31,0,0,0.0,38.56,38.56,1,0,0.2754482463033074,2
24.878427,67.120562,62.1,334,1,1,0,2,27,28,7,1,31,0,1,0.0,62.1,62.1,1,0,0.44360311450817913,3
24.963695,67.100734,109.82,301,1,1,0,0,30,28,7,1,31,0,1,0.0,109.82,109.82,1,1,0.7844846060432887,4
25.046378,67.142696,91.71,198,1,1,0,2,21,28,7,1,31,0,1,0.0,91.71,91.71,1,0,0.6551182227301949,4
25.054395,67.249676,70.32,225,1,1,0,7,43,28,7,1,31,0,0,0.0,70.32,70.32,1,0,0.5023215943995999,3
25.052586,67.203656,1.1,206,1,1,0,12,31,27,7,0,31,0,0,0.0,1.1,1.1,1,0,0.00785770412172298,1
24.915844,67.183008,65.48,157,1,1,0,14,59,27,7,0,31,0,0,0.0,65.48,65.48,1,0,0.46774769626401885,3
25.061278,67.015009,68.34,255,1,1,0,10,20,28,7,1,31,0,0,0.0,68.34,68.34,1,0,0.4881777269804986,3
25.034663,66.99964,99.13,288,1,1,0,18,14,27,7,0,31,0,0,0.0,99.13,99.13,1,0,0.7081220087149082,4
24.850631,67.149282,9.89,265,1,1,0,17,19,27,7,0,31,0,0,0.0,9.89,9.89,1,0,0.07064790342167297,1
24.934181,67.032178,116.32,58,1,1,0,11,30,27,7,0,31,0,0,0.0,116.32,116.32,1,1,0.8309164940352881,4
24.945385,67.287944,134.15,109,1,1,0,3,56,28,7,1,31,0,1,0.0,134.15,134.15,1,1,0.9582827344810343,4
24.817462,66.96488,27.11,126,1,1,0,21,0,27,7,0,31,0,1,0.0,27.11,27.11,1,0,0.19365668976355452,1
24.788008,67.176953,45.53,78,1,1,0,5,42,28,7,1,31,0,1,0.0,45.53,45.53,1,0,0.3252375169654975,2
24.760911,67.293448,135.75,320,1,1,0,15,53,27,7,0,31,0,0,0.0,135.75,135.75,1,1,0.9697121222944496,4
24.936704,67.22215,31.41,61,1,1,0,23,41,27,7,0,31,0,1,0.0,31.41,31.41,1,0,0.224373169512108,2
25.038154,67.099836,15.94,218,1,1,0,17,22,27,7,0,31,0,0,0.0,15.94,15.94,1,0,0.11386527609114935,1
25.038129,67.196571,45.88,64,1,1,0,13,6,27,7,0,31,0,0,0.0,45.88,45.88,1,0,0.32773769554968213,2
24.851306,66.947994,107.43,254,1,1,0,19,40,27,7,0,31,0,0,0.0,107.43,107.43,1,1,0.7674119579969998,4
24.758929,67.047458,36.91,234,1,1,0,6,25,28,7,1,31,0,0,0.0,36.91,36.91,1,0,0.2636616901207229,2
24.970618,66.958761,121.67,316,1,1,0,11,28,27,7,0,31,0,0,0.0,121.67,121.67,1,1,0.8691335095363955,4
24.758222,66.980674,17.01,205,1,1,0,10,54,28,7,1,31,0,0,0.0,17.01,17.01,1,0,0.12150867919137082,1
24.922799,66.903734,75.37,35,1,1,0,17,4,27,7,0,31,0,0,0.0,75.37,75.37,1,0,0.5383955996856918,3
24.842965,66.952351,93.76,330,1,1,0,0,25,28,7,1,31,0,1,0.0,93.76,93.76,1,0,0.6697621258661333,4
24.89508,67.122326,57.32,290,1,1,0,6,22,28,7,1,31,0,0,0.0,57.32,57.32,1,0,0.4094578184156011,2
24.90336,66.950492,118.81,120,1,1,0,11,51,27,7,0,31,0,0,0.0,118.81,118.81,1,1,0.8487034788199157,4
25.067112,66.921063,111.14,300,1,1,0,14,24,27,7,0,31,0,0,0.0,111.14,111.14,1,1,0.7939138509893563,4
24.794331,67.195145,65.84,349,1,1,0,16,47,27,7,0,31,0,0,0.0,65.84,65.84,1,0,0.4703193085220373,3
24.85994,67.08755,70.2,259,1,1,0,19,31,27,7,0,31,0,0,0.0,70.2,70.2,1,0,0.5014643903135938,3
24.955681,67.06698,47.39,274,1,1,0,8,38,28,7,1,31,0,0,0.0,47.39,47.39,1,0,0.3385241802985927,2
24.864457,67.173007,91.47,23,1,1,0,6,53,28,7,1,31,0,0,0.0,91.47,91.47,1,0,0.6534038145581826,4
